metabolite_name	S00017985	S00017986	S00017987	S00017988	S00017989	S00017990	S00017991	S00017992	S00017993	S00017994	S00017995	S00017996	S00017997	S00017998	S00017999	S00018000	S00018001	S00018002	S00018003	S00018004	S00018005	S00018006	S00018007	S00018008	S00018009	S00018010	S00018011	S00018012	S00018013	S00018014	S00018015	S00018016	S00018017	S00018018	S00018019	S00018020	S00018021	S00018022	S00018023	S00018024	S00018025	S00018026	S00018027	S00018028	S00018029	S00018030	S00018031	S00018032	S00018033	S00018034	S00018035	S00018036	S00018037	S00018038	S00018039	S00018040	S00018041	S00018042	S00018043	S00018044	S00018045	S00018046	S00018047	S00018048	S00018049	S00018050	S00018051	S00018052	S00018053	S00018054	S00018055	S00018056	S00018057	S00018058	S00018059	S00018060	S00018061	S00018062	S00018063	S00018064	S00018065	S00018066	S00018067	S00018068	S00018069	S00018070	S00018071	S00018072	S00018073	S00018074	S00018075	S00018076	S00018077	S00018078	S00018079	S00018080	S00018081	S00018082	S00018083	S00018084
Factors	Progressors:Non-progressor | Visit:Baseline	Progressors:Non-progressor | Visit:Followup	Progressors:Progressor | Visit:Baseline	Progressors:Progressor | Visit:Followup	Progressors:Non-progressor | Visit:Baseline	Progressors:Non-progressor | Visit:Followup	Progressors:Progressor | Visit:Baseline	Progressors:Progressor | Visit:Followup	Progressors:Non-progressor | Visit:Baseline	Progressors:Non-progressor | Visit:Followup	Progressors:Progressor | Visit:Baseline	Progressors:Progressor | Visit:Followup	Progressors:Non-progressor | Visit:Baseline	Progressors:Non-progressor | Visit:Followup	Progressors:Progressor | Visit:Baseline	Progressors:Progressor | Visit:Followup	Progressors:Non-progressor | Visit:Baseline	Progressors:Non-progressor | Visit:Followup	Progressors:Progressor | Visit:Baseline	Progressors:Progressor | Visit:Followup	Progressors:Non-progressor | Visit:Baseline	Progressors:Non-progressor | Visit:Followup	Progressors:Progressor | Visit:Baseline	Progressors:Progressor | Visit:Followup	Progressors:Non-progressor | Visit:Baseline	Progressors:Non-progressor | Visit:Followup	Progressors:Progressor | Visit:Baseline	Progressors:Progressor | Visit:Followup	Progressors:Non-progressor | Visit:Baseline	Progressors:Non-progressor | Visit:Followup	Progressors:Progressor | Visit:Baseline	Progressors:Progressor | Visit:Followup	Progressors:Non-progressor | Visit:Baseline	Progressors:Non-progressor | Visit:Followup	Progressors:Progressor | Visit:Baseline	Progressors:Progressor | Visit:Followup	Progressors:Non-progressor | Visit:Baseline	Progressors:Non-progressor | Visit:Followup	Progressors:Progressor | Visit:Baseline	Progressors:Progressor | Visit:Followup	Progressors:Non-progressor | Visit:NA	Progressors:Progressor | Visit:NA	Progressors:Non-progressor | Visit:NA	Progressors:Progressor | Visit:NA	Progressors:Non-progressor | Visit:NA	Progressors:Progressor | Visit:NA	Progressors:Non-progressor | Visit:NA	Progressors:Progressor | Visit:NA	Progressors:Non-progressor | Visit:NA	Progressors:Progressor | Visit:NA	Progressors:Non-progressor | Visit:NA	Progressors:Progressor | Visit:NA	Progressors:Non-progressor | Visit:NA	Progressors:Progressor | Visit:NA	Progressors:Non-progressor | Visit:NA	Progressors:Progressor | Visit:NA	Progressors:Non-progressor | Visit:NA	Progressors:Progressor | Visit:NA	Progressors:Non-progressor | Visit:NA	Progressors:Progressor | Visit:NA	Progressors:Non-progressor | Visit:NA	Progressors:Progressor | Visit:NA	Progressors:Non-progressor | Visit:NA	Progressors:Progressor | Visit:NA	Progressors:Non-progressor | Visit:NA	Progressors:Progressor | Visit:NA	Progressors:Non-progressor | Visit:NA	Progressors:Progressor | Visit:NA	Progressors:Non-progressor | Visit:NA	Progressors:Progressor | Visit:NA	Progressors:Non-progressor | Visit:NA	Progressors:Progressor | Visit:NA	Progressors:Non-progressor | Visit:NA	Progressors:Progressor | Visit:NA	Progressors:Non-progressor | Visit:NA	Progressors:Progressor | Visit:NA	Progressors:Non-progressor | Visit:NA	Progressors:Progressor | Visit:NA	Progressors:Non-progressor | Visit:NA	Progressors:Progressor | Visit:NA	Progressors:Non-progressor | Visit:NA	Progressors:Progressor | Visit:NA	Progressors:Non-progressor | Visit:NA	Progressors:Progressor | Visit:NA	Progressors:Non-progressor | Visit:NA	Progressors:Progressor | Visit:NA	Progressors:Non-progressor | Visit:NA	Progressors:Progressor | Visit:NA	Progressors:Non-progressor | Visit:NA	Progressors:Progressor | Visit:NA	Progressors:Non-progressor | Visit:NA	Progressors:Progressor | Visit:NA	Progressors:Non-progressor | Visit:NA	Progressors:Progressor | Visit:NA	Progressors:Non-progressor | Visit:NA	Progressors:Progressor | Visit:NA	Progressors:Non-progressor | Visit:NA	Progressors:Progressor | Visit:NA	Progressors:Non-progressor | Visit:NA	Progressors:Progressor | Visit:NA
CE(16:0); [M+NH4]+@11.11	31228.81843	31813.71068	30680.17621	26264.43144	21411.98526	32422.93072	46007.30996	53823.217	46735.86541	36534.29895	41277.37585	27937.99969	31970.84211	30612.20491	26556.93828	51096.39578	46177.13252	39650.39426	31170.53393	48255.3186	40362.45988	31329.59838	23641.73627	20399.30258	23297.3563	43937.73352	57290.70482	47505.98407	28644.94302	40192.21939	32552.07376	40581.67751	31789.78175	30457.61881	31950.77615	17619.30105	43404.49106	31141.29848	56676.08943	34002.87515	38948.94237	44341.72347	25372.14672	30172.11998	34202.83275	40924.20478	52172.64482	34102.89514	23727.21909	36857.59101	28758.18842	43597.58019	25404.04654	27574.30083	27762.67539	23183.1568	24502.58283	19357.96549	23851.55478	22730.39532	23651.22131	17420.60207	16535.40581	22327.94425	36148.95647	35640.53467	28170.59345	19240.93014	21718.23018	31274.2301	20375.96042	15251.63778	32134.24385	23910.06879	27089.47948	29591.84305	32763.5038	35192.81108	33306.32719	29407.7329	22253.52321	16222.42052	28027.80879	38048.43371	21119.3656	17556.64565	34472.35166	24931.24761	26711.40784	32874.59169	28232.87146	25439.6197	23726.17036	18879.76726	36061.44677	20527.35379	18952.89075	26390.17449	24816.35078	14506.44518
CE(16:1); [M+NH4]+@10.73	8809.676195	19040.03047	12380.50926	16378.94809	9948.892727	6773.156879	22448.13291	32879.69929	4492.221239	12014.73555	17984.36408	22702.00818	15988.7229	14481.32398	10831.81776	11350.42288	14860.49933	16741.9435	25925.3764	12783.5825	11041.28723	17118.74154	13467.08672	11020.35454	3337.368333	12552.56156	17084.91801	9253.701904	17049.87832	16369.35174	7731.351096	13148.38813	23037.99849	14846.34899	46911.96125	19073.90023	9342.108877	26521.76269	10185.14438	18784.62994	15165.97492	40062.60663	23389.49599	3386.649964	15491.1988	10647.55972	15698.17702	6218.8767	12064.28808	11848.14834	9599.05809	8656.580773	11378.8257	12303.04472	8775.452615	10004.15967	8987.323638	19344.48101	15297.94042	10691.83841	4961.525516	6321.28088	6507.770579	12685.85514	14817.24417	10461.46823	12289.66574	15203.53558	15117.55053	7800.237532	9205.31824	6206.300581	3109.45673	11838.87155	18863.90472	18422.64483	9360.175376	14613.75585	8078.440866	17599.84331	7264.941137	15213.35964	12557.70839	5208.480634	22890.63267	35627.82553	12861.36336	3633.709786	9192.549281	7085.04255	11540.95738	7495.160009	6236.225232	14334.15212	10186.98147	11189.53798	3974.480919	12834.37832	13134.97202	10598.98658
CE(17:1); [M+NH4]+@10.92	6313.249477	7503.114949	11197.58281	5751.245029	5611.616771	5179.537264	5555.71027	10348.16334	1260.185892	1181.666799	6974.723595	5234.402579	5540.183628	8719.73936	1899.631459	7455.279219	9203.441019	7607.848188	9113.834546	9263.514343	8160.88884	13675.97564	3551.459762	3792.477913	3879.980242	6777.816426	7059.834511	11781.28322	12585.68879	7617.428278	7014.571631	6321.406094	4795.126302	4975.841681	14055.51743	8224.019803	8094.6523	10849.42215	3903.89721	6695.770167	11670.24051	14383.70098	7991.565866	3842.78191	14722.91015	7980.847237	5587.714118	5410.338703	6147.506547	7444.23907	7112.998468	5276.422863	6668.112873	8445.860156	6637.930014	5334.418316	7735.858793	4174.881798	11964.34446	5726.345802	2280.553652	669.9131629	1340.280231	6164.302988	4088.714725	5063.547201	7077.879156	4327.628424	5999.640828	5624.35977	4187.301963	3726.63497	3576.356414	5687.139217	9716.478625	7864.986635	6514.168994	3319.108741	5189.165146	6536.042927	5774.791496	5290.918327	4151.580492	6398.278865	11805.64348	4830.642881	6570.813922	1124.554196	1427.328622	5054.998723	4998.966977	10815.0176	6108.260063	8305.630639	1168.09117	4355.317737	2876.121197	5736.560767	7037.686071	6626.316639
CE(18:0); [M+NH4]+@11.35	13439.57552	23073.0373	32015.43235	29265.58618	21122.84546	23676.88475	23781.51302	16649.20337	24616.73526	18173.76212	25482.05037	21520.94557	33381.33606	17222.6201	21069.8644	20128.76205	19256.07503	13360.5887	33560.41656	28885.00369	22431.80779	30585.74271	20552.48352	14231.90619	28033.72653	15338.28816	28298.03922	23799.39021	28296.38335	17851.59578	27132.1723	34194.14899	21339.99984	15514.29027	22393.40444	24001.13425	25000.93879	23604.98293	20896.33802	26448.08862	27034.86837	24931.21145	18457.06538	13455.0645	41216.94811	31534.59748	13427.94125	24186.99707	18496.88393	26540.16669	23712.09862	16182.47824	15237.39062	22910.14038	20335.16683	16955.17299	26233.46499	25063.52706	30506.92652	18182.64437	8803.091126	17735.92951	11812.59024	13999.58353	27039.99356	22747.59989	17195.59693	15570.51655	11440.6293	15081.43787	25871.30395	20727.47497	23337.71194	21493.69214	19915.94817	20293.53451	18034.90046	13245.64496	15880.69463	16043.32816	16777.18181	17323.64931	26316.66026	18060.26649	12580.09149	27947.22658	19720.99121	12746.78319	9804.274654	28736.41787	13587.20943	11566.91148	21765.73426	25163.27072	20652.89298	17982.56256	22064.6847	18050.86912	24374.59271	25269.30765
CE(18:1); [M+NH4]+@11.13	225987.1065	332195.183	218884.5365	208338.2161	147944.1252	169032.0032	339768.4377	303387.1215	277296.3978	211314.5516	234890.3925	213291.3451	254267.1675	235221.4416	328225.979	240881.2189	289857.9103	209866.9927	323799.2133	258732.507	210890.8538	239351.9665	225469.2512	281198.9596	172529.9389	168908.3784	300511.833	201677.8591	315828.0971	278241.1234	226461.2492	262832.5008	201273.6302	172548.0396	355429.1934	347879.7549	269303.4765	235819.2665	230454.2397	235620.4434	256640.145	278829.5772	211959.1573	241165.2418	323187.0898	384146.5264	272322.0121	264522.1692	296011.7769	264863.9436	329843.1379	315338.8491	251161.7407	204839.7155	222877.9315	313013.4871	282993.2988	299498.6273	262867.9089	155922.6789	174997.1346	226120.2467	217125.124	265288.9207	299314.8519	292686.2483	292262.6572	185104.9811	367926.8038	236635.7195	425706.6759	276255.6434	242750.149	326916.204	256685.0955	247843.8797	245845.003	299782.0952	181188.6046	198526.6529	297420.5804	261443.2822	276628.8697	319176.2296	253600.7632	250401.3427	233134.7489	142635.8155	239514.6893	258585.6148	219861.1915	212293.5553	210441.4032	285080.2237	319247.0254	209455.6164	178092.9235	179115.337	423193.1343	320794.9344
CE(18:2); [M+NH4]+@10.90	1505010.172	1372071.122	1233319.071	1369899.107	1814112.516	982194.8824	1354005.083	1286607.68	1171069.755	1201598.146	966275.1567	895799.3081	1235300.594	1295845.694	1560058.002	1709674.43	1334294.916	1270917.672	1244095.333	1673948.653	1286303.528	1146863.492	1128492.273	1314931.078	936994.4784	1153026.407	1219681.46	1394177.119	1242674.817	1448226.235	1099463.408	921203.5821	1022407.865	1007039.762	1248566.057	1667726.108	1339869.624	1407507.391	1190478.823	1060171.153	1698039.678	1119760.241	1105654.432	1743708.216	1642448.821	1771230.117	1522280.84	1496050.672	1010829.283	1384747.02	1211762.895	1636555.682	1152787.641	1560168.656	1586433.58	1798202.322	1425859.217	1337524.415	1358332.24	1147611.326	1342361.317	1261625.346	1095166.633	1266890.897	1557160.529	1831164.635	2056345.884	1530701.818	1767552.948	1215127.367	2016696.098	1409395.793	1853935.209	1536965.29	1474421.005	1556835.028	1692013.115	1403719.81	1663076.119	1542403.669	2146969.377	1821632.538	1749700.546	1884995.65	1557427.042	1198046.061	1388176.158	1013977.837	1265883.291	1462313.014	1484681.2	1103381.114	1540103.609	1911892.388	1768986.617	1499205.884	1309234.79	1351051.743	1988328.53	2144905.342
CE(18:2); [M+NH4]+@12.95	1924.777811	3201.419061	3085.912301	1864.663905	3649.973097	2426.526932	3771.785222	3473.714759	1474.02794	1763.343196	3249.777967	1900.631085	2795.107998	1954.171954	6759.6724	3703.443104	3179.696358	2224.065569	3792.265018	5806.702828	2673.11863	2310.581761	2202.437459	2060.922736	2268.558818	1279.2856	4306.889921	3951.985641	2840.959257	3074.552067	5144.651677	5486.598858	3013.693275	1505.342456	7096.338947	5058.523185	5457.587405	4464.639446	4636.572276	1732.173351	4861.2603	7185.591794	519.5150072	5361.090315	6570.587839	4163.099039	2869.291084	2509.924884	2518.678234	3179.435103	3762.398892	3191.45248	5698.80573	3768.509234	2190.946672	3663.41306	4620.925122	4377.31838	5950.697777	3290.171358	3102.81617	3336.461155	3772.414738	2337.921163	3809.414346	1970.836985	2595.214685	3934.102984	6222.158966	2248.502106	16191.86041	3100.874043	8708.913055	5808.474209	9689.162699	4457.841917	3666.021988	2376.426343	3667.843363	2119.078941	4410.387362	3760.606534	4429.639019	6370.702072	1374.808006	3528.509211	3886.482097	4096.697179	5250.149505	4039.740023	3818.48682	3719.838761	3053.745536	5122.827242	9329.516853	3055.290784	2339.614024	6462.580363	4099.517772	8292.404225
CE(18:3); [M+NH4]+@9.25	68269.2069	63735.97515	87715.94446	19723.10304	88789.41416	9450.50641	48082.38621	30894.77766	21992.27384	31220.47959	32259.8644	10581.30556	55498.23026	47387.78939	111072.7761	31675.3818	40776.28652	89658.33297	26814.32788	42501.66929	15007.4108	93952.26486	25233.58479	132371.2648	11736.20819	59898.81618	43257.22077	93867.29894	45773.24559	80015.50125	59015.04336	21764.38429	32617.09419	48184.22215	167427.68	82064.25753	66290.54	113981.167	29841.77409	107366.6868	153134.9863	122117.0718	91891.87197	109806.6241	59201.43413	64494.90679	40427.05116	212223.4702	105338.0323	105399.0556	165618.4181	261311.9208	58950.84486	252969.3733	71501.44743	176049.5185	172083.0431	189441.7328	101825.9823	67591.81732	123799.9638	63258.89391	62426.28698	66354.72469	257262.0592	132428.8182	75130.12426	95481.00289	99900.96527	36376.08184	176654.1336	64144.9072	217480.5239	16682.49419	175190.1667	159347.7941	6907.30126	32812.72009	131536.8168	92844.96842	84981.56981	165571.3305	62594.44775	55988.75486	90544.92641	62062.6064	66655.72612	160632.0866	45365.979	50653.97311	85893.09187	15326.9725	205603.6991	123138.6982	59302.061	78480.58143	156334.7285	66106.34138	81626.38988	58086.47319
CE(20:1); [M+NH4]+@11.32	2507.179402	5552.77884	5948.112985	4037.163123	3109.200053	2924.874203	5106.591641	2611.962667	3978.199277	2663.756664	1958.740076	1622.802461	3861.339777	6692.374451	4392.780713	1196.690025	2927.478759	2978.201893	6745.332733	4609.536638	3935.864813	3341.658704	3307.477991	3549.930356	1922.993031	3253.414134	2952.855879	3817.097518	4916.878982	3298.012214	4309.664928	3287.203674	2506.019227	3792.977015	6511.71022	4297.829025	4528.674548	4914.708883	1969.541763	5072.071393	5350.028221	3421.971454	4016.085676	3461.503334	5429.223427	6618.258884	5371.898481	5028.64721	6067.915638	2646.212227	5574.019564	4099.217679	2388.07937	2460.434806	5798.605023	6310.467097	5474.075783	4919.98929	3829.510475	1868.803862	2760.920397	5558.337648	4052.742893	4319.11347	2837.518079	6269.532365	4830.570327	3654.625715	4361.775465	2465.003898	12805.63597	6265.823834	4339.111138	10972.48469	8796.936757	5642.488468	4425.546721	3998.62547	3437.718912	2103.798791	6315.270638	4289.757218	2709.504525	7723.262988	3176.787759	3412.32068	2774.235321	2550.748649	2503.207183	2201.227319	6427.725235	2757.534507	2505.573275	6026.914659	6182.258243	2204.174658	2138.286732	3199.798773	6332.734125	3987.659556
CE(20:2); [M+NH4]+@11.11	17758.05073	23401.21488	15704.83446	13442.42556	15148.80877	8512.407081	14596.63139	19578.88532	11118.53407	9193.11316	8994.897926	8651.266282	12028.25979	20995.60952	27648.37584	11201.67611	14802.48604	12886.24127	17737.07757	18096.15737	8237.372691	7180.481021	8324.819843	22434.113	11438.71272	9729.119773	14987.88191	15957.74039	13506.70404	6800.770004	11865.83409	12229.368	17215.92291	12382.78095	20122.2509	14180.96067	15690.78263	9246.838893	6508.842932	7911.997732	13999.67048	9688.124454	5163.354671	22183.12346	22220.58332	21917.29424	30885.72121	8306.558713	13327.84238	16092.0612	12229.85265	13391.61765	7394.479193	10367.70265	25583.8959	26400.18365	17644.98848	19301.35377	8157.055123	8504.877304	17515.12022	11067.44236	12099.50839	19688.56325	17831.33197	20128.91521	25198.82814	18649.1347	17220.56409	16630.13768	37310.66087	22672.88992	21131.91022	29005.06075	33177.83016	16600.26414	18770.58788	21015.25646	19254.4109	16421.83096	28660.46409	26120.51979	23325.16576	24140.49277	14990.24175	22642.76209	15605.37397	12098.95893	14391.82445	9784.723019	20240.97804	8771.418191	10007.84965	22240.7372	22383.56191	12273.85078	7772.057682	14651.12716	24480.03002	27785.00107
CE(20:3); [M+NH4]+@10.81	120446.8988	142118.2878	205355.5826	164195.5739	148358.6375	91369.54412	157647.6392	203707.7795	72550.07136	100715.2218	84130.42657	101750.2696	93649.05425	121253.591	179043.4508	162113.2173	183538.1147	133796.325	176467.0954	156784.957	88492.90039	131057.2725	145639.1373	147972.0848	92745.75489	70327.40996	166554.6479	162518.4593	117369.8806	110856.1863	91540.35595	93604.59796	119131.9725	83654.69292	141300.5497	165343.7068	154920.7575	162013.3539	72407.80064	97843.28227	90698.8687	132528.2659	63452.62226	148492.443	138586.0988	161960.4705	181317.2459	69488.83202	136506.1251	143107.7308	112346.89	104922.1848	88754.66212	97362.30336	134379.9666	245709.3516	106694.786	85681.76338	116110.1346	121349.713	121203.5749	121315.0789	107986.6639	134633.862	92080.35376	146340.9075	216347.1687	86608.19104	158680.679	105806.8349	187797.5205	118372.5656	80870.19963	149378.7689	100925.1571	141329.7921	153969.3986	137820.3229	104768.6906	210104.7421	177937.0845	164530.16	152200.772	174978.688	225145.8817	154102.7337	164803.0656	67354.51792	151868.8142	149324.5756	190022.9805	170287.8553	141432.4596	109058.6652	99510.72035	110152.8194	91662.47623	112143.9393	222847.668	248786.6308
CE(20:4); [M+NH4]+@10.75	745917.5591	616056.4945	863356.6731	794344.1881	822560.1831	491180.1671	985650.4858	916197.1615	396083.6501	538498.2853	295635.3562	288058.0585	524446.6958	358195.9228	608301.1152	756216.248	1261240.542	775961.9484	804060.5702	871175.3996	259006.3752	494421.0827	473442.5559	690176.5557	491401.2947	577521.4307	445986.7608	783416.2747	447024.1307	709458.9263	241570.8846	286529.7454	574329.4948	494387.9947	519543.8075	674290.7704	678831.3919	552424.7365	507689.8656	637313.5217	603610.7461	332556.6176	249578.7343	677014.8385	745078.2317	884117.0111	1022694.311	365791.73	552668.8231	691126.8825	523250.6327	351739.5892	673508.7908	869141.1469	507118.5538	739550.9499	272680.7216	242792.0091	434359.5919	764520.2139	384651.8981	542372.7392	617612.0935	386980.6077	530640.617	832296.047	1233059.427	757723.5188	663052.1721	605075.0816	1107618.806	557538.4041	466078.1266	479553.0887	404477.2337	476363.4941	1265015.168	950548.7364	514344.9643	888434.0694	989100.2814	1317898.171	695200.5394	714981.1005	1010046.688	292325.8867	1065504.962	233381.516	522513.2225	524403.2778	1018135.701	698562.5231	313297.2315	499263.8202	826483.3553	566438.2092	336370.9455	344389.2532	918618.5085	1447802.342
CE(22:4); [M+NH4]+@10.92	7793.358065	5399.643976	4221.351831	3234.380693	5194.123144	3654.297342	6198.019828	12858.95888	7327.770133	2216.739252	2661.441547	2506.133382	6172.882389	8495.730439	5878.491177	7039.739758	8006.878816	5155.813427	7559.467691	7825.759411	5479.107511	7431.855492	6075.547958	8078.153486	999.9161662	2931.582457	5718.617232	6152.812853	7959.35602	3359.878162	2679.311474	6147.385276	6770.526316	3435.535455	5126.472438	10964.40131	6170.698337	5885.003249	3702.458658	3045.778217	3404.268136	4510.363424	1570.478231	5319.604787	4008.770575	7929.69877	14216.28922	3616.581483	9386.176391	8991.524752	10572.00876	2221.518815	1907.044907	2862.132015	11853.98003	15832.80998	4380.729896	5324.11055	5486.899988	6808.972612	7592.038845	4820.899764	8317.547084	10282.15538	3890.488084	5970.218235	9098.588867	7751.110655	15607.50327	9186.990337	17044.74166	8714.965554	8311.048684	10788.54512	7546.768555	4880.681743	16157.01348	12964.31963	6517.582563	5237.978978	10570.29164	9173.324274	9136.064503	13356.31272	9818.090245	7456.623176	10830.22105	2296.383757	3716.644717	9846.133664	12685.67077	8292.078049	7851.423937	10146.24611	4589.268367	9068.123805	4010.447713	3982.116798	15720.09845	9795.722106
CE(22:6); [M+NH4]+@10.54	201320.6618	284120.2772	176013.1827	145076.588	100160.692	37231.22659	215912.1559	207882.7882	76281.65509	140787.4097	56741.6647	55116.67982	168010.235	90804.21091	90932.09669	107072.4037	138125.5476	63511.5887	224912.167	219319.1779	81749.84535	164722.0665	147995.4393	137506.3396	134383.7214	73937.22328	117242.5575	140799.5171	66617.59993	116702.4392	35100.76087	52470.17686	82227.09101	54518.4148	93102.36339	119294.4297	150089.7645	85755.68465	55590.35882	40839.56302	72606.06599	60446.66865	33175.92852	231207.5817	116778.4744	99338.71867	114474.0494	38007.20742	210870.3735	88407.0535	127049.2768	44506.08895	182740.4418	53598.68821	78308.36299	119104.9461	86125.9019	48063.00587	64100.52552	92371.78016	85661.7952	83542.70052	90027.01446	75448.17399	54357.5233	305816.2297	202442.2566	85030.9492	112731.3665	131880.9414	404468.5488	93517.32489	120185.426	107538.2231	41989.78546	65869.88786	331839.5513	188579.811	71995.14832	173134.333	471394.6312	225946.314	140037.58	167327.9171	130676.0665	46836.24294	103913.6825	32782.72324	119873.8075	76734.62569	137858.3152	106159.9407	55846.77416	177933.8451	149654.2544	97485.93932	49559.09518	35029.27085	166230.9876	237360.6201
DG 22:0; [M+Li]+@2.63	3417.567955	1061.22179	3636.062392	3653.503521	3827.365868	1813.447341	2513.209533	2392.650231	4084.548717	2217.828385	3085.100819	3490.945989	1135.10199	1791.814511	1297.215257	1873.678998	4819.029134	879.4171401	2887.880921	3414.146403	2082.084527	5594.280242	3781.8986	3325.170097	4561.831063	913.6150352	2020.676596	4156.179217	2373.58084	2979.435033	4288.287372	2512.618127	2951.895908	5428.343031	5517.598161	3896.689019	3010.632594	3051.0882	4290.589858	2244.045704	4273.717589	1805.118398	3347.495612	3154.493544	1500.109688	4152.428866	2670.752136	2523.016863	1720.951058	5047.974052	2143.585034	2668.063679	4645.143582	768.4783033	1694.694134	2091.714862	2959.159446	3390.384665	3601.997332	6970.268189	6853.079786	5391.348539	4578.263625	3770.684741	4186.936898	3353.064399	3296.642119	4166.314569	3197.00559	1870.633874	2614.419075	4085.158769	2770.917612	3599.622527	3175.353105	3971.774248	2782.581387	2869.396262	2637.901128	3759.364958	1224.85186	2043.526043	4927.745342	1291.910373	3775.147807	2201.893562	4980.338544	2076.235063	1354.83472	2474.379068	2550.688553	2879.370437	1510.621906	2875.9134	6546.613449		4213.811622	2508.727092	3952.335259	2726.681973
DG 25:2; [M+NH4]+@4.07	875.4296582	635.8740551	2529.269861	562.6679468	3108.516701	1074.40189	631.5179414	2799.424185	2836.864898	1823.671642	1567.260124	1311.126488	2981.147713	3177.540205	828.7632155	863.0790964	1362.060888	1043.623045	3589.004856	3880.808292	1049.757929	466.8191917	1140.557178	645.2557877	1020.049783	460.8152693	3690.347223	1028.182285	2924.560245	212.8279185	718.4036681	1864.303384	1051.216744	809.0779105	434.9444884	2367.995435	543.095095	1278.727304	2120.627594	894.5580879	1467.656411	451.0916753	622.0184814	2666.690765	1191.952556	2628.166097	2744.322885	1260.352101	1069.49726	748.435148	2182.634626	705.1568157	4322.616423	535.1178401	580.2696188	1058.718514	283.344563	728.01126	1688.325451	1172.777827	1629.728103	1264.888	3662.545964	3075.522636	249.132816	1025.598733	2651.455521	3474.267663	4200.127848	2013.89319	4963.313247	1620.546907	751.6800827	1870.643923	820.4498479	849.8321295	1651.91692	3992.488681	411.848512	2321.174983	3179.62319	482.9895666	4307.402226	2055.104843	2574.310709	1845.819643	3411.523714	1423.123504	1074.833531	847.9796209	2901.287894	1679.27982	402.3240895	5865.644132	2484.536424	2814.602075	1360.19978	1501.044061	4746.064487	4121.469246
DG 30:0; [M+NH4]+@7.47	1789.488499	2816.6742	1782.95692	751.8570227	757.8816716	4125.759899	1473.970374	1034.842779	3506.857652	2676.691898	11426.86727	6254.459223	911.2148767	1810.580286	1297.310438	1956.422437	1602.623515	1170.923304	1472.070333	504.211119	6718.569692	1903.280788	1069.17789	1153.291215	1036.490523	1036.290434	14642.16148	2106.848099	6419.769346	2087.017841	7291.839121	4245.449158	1305.12022	945.70433	4581.753303	910.1525223	1626.752581	5353.272896	14324.81468	4378.153288	1322.557373	14505.35527	3470.361374	344.6965689	4440.152812	4048.02064	498.274309	1359.889298	3376.61361	861.204153	2070.013963	714.8975468	3971.056578	1150.693219	8036.061768	233.6076736	1932.642215	5186.198174	2819.053547	757.5661549	984.032744	1703.170852	1324.169745	3174.872286	2823.193796	1530.931001	1874.443151	1109.805642	2235.225198	2318.116509	927.0173025	2139.017945	1095.787768	1572.593754	851.9655265	1199.816247	1389.494774	878.9012647	7274.473344	1041.722284	617.3770914	1238.846941	1449.054165	1667.473205	392.1297547	2113.597371	1366.307712	745.1178687	1996.702601	3437.444494	843.0244055	595.2291804	3105.430843	2417.932526	768.3238376	1901.83253	1467.579093	5478.124957	2429.40644	736.0453206
DG 30:2; [M+NH4]+@6.59	415.0494181	739.5897112	2030.971163	734.1051584		2748.278359	499.5184629	2222.703852	323.5225549	762.1863563	1123.899427		1149.610006		1866.265524	1284.701453		686.3858273	222.4014628		1883.128674	93.47379802	1816.316701	2750.473506	305.1514738	792.3901786	5104.822571	1991.340534	3413.124914	1463.315888	4067.583058	313.604569			772.5555115	312.7924076		1931.504184	11392.91933	929.0919886	1081.122654	6294.302319	1030.993008		565.055587		361.8436488	547.9925358	1580.263558	162.2531298	221.3500738	4446.238811	861.0027725	866.9582334	1186.237708	479.8909822	1551.30105	2561.956277	487.3739525	806.6783558	1081.256734	404.1524937	245.518527	2660.80999	1105.532048	682.6525109	571.1416328	400.0257877	866.6142541	1985.026071	123.0635458	572.58465	1928.511922	565.0174849	2249.355692	766.1104847		209.1805744	3233.562365	2344.888316			483.2164458	389.4959246	10.68352102	2079.198783	2150.525103	1731.060729	995.897852	1657.041934	1735.499831	863.5355619	818.1581567		1856.538553	1641.928717	974.5061403	691.8119235	116.6215617	
DG 32:0; [M+NH4]+@7.98	3611.154599	5984.501009	9113.784965	3139.728425	8404.010724	8037.192361	6462.266674	3980.500169	12636.75256	6870.355557	25689.53049	13470.18122	3247.444762	4699.751151	4944.206085	3427.597625	4751.800395	3921.033039	9307.258148	1580.625983	25134.90312	7234.978221	6835.382154	5976.306078	2209.460773	3546.714803	45349.7282	6257.654343	17313.49654	4028.642733	22070.19782	41986.0313	6271.690344	1555.145659	22850.55023	21324.18901	7674.095787	16847.62719	27278.18549	7022.557612	4954.505292	47818.58285	6936.006653	5221.185924	11752.16233	9810.608761	3622.222949	7693.315999	18508.77645	6135.741614	7072.56094	11341.8268	25013.63664	8981.879515	25971.10809	6990.680496	15565.34111	26911.55168	4082.74615	5329.563272	4343.901158	9625.972174	3368.474924	21635.03627	10578.28388	7847.049927	3544.781386	6343.324159	11259.77653	11274.74948	10866.90484	6722.320999	8994.201501	7053.68233	8772.338505	24093.32256	2464.610508	2654.70316	16531.96282	4233.411019	5075.826993	4738.361151	16886.55208	12550.94628	7600.708205	43789.60092	12283.29617	11739.47424	16986.04763	32511.80779	4209.069431	10296.39626	13351.44877	14880.74313	10031.92922	11947.49812	5317.712929	24997.67176	9763.458281	3189.706513
DG 32:1; [M+NH4]+@7.58	4054.049241	9785.587239	21300.57588	4386.581651	5962.174187	9650.939389	10371.68564	5516.869477	21096.35163	10302.56812	35715.74752	21069.24132	7685.857801	8236.185678	6873.335291	4346.964202	4786.299167	5585.732168	10486.46609	2510.343931	33221.68791	5913.895103	10026.65754	14365.56677	5627.269004	5668.313702	55840.46849	13427.90123	25616.88505	7467.000248	34200.36605	36178.93287	8605.926326	3114.33752	33740.34802	18550.045	14331.35907	13825.81191	57946.9693	17385.45504	3844.320651	66344.2972	15352.97741	3947.214707	14882.57224	8032.699981	3281.040953	7288.630435	16938.0866	6288.299806	20631.46465	26555.00436	41920.35696	9997.573962	44629.83405	12224.47864	13368.18902	31020.57961	15968.97041	7919.033389	3684.973317	9875.705111	5111.50205	24331.55539	9522.147824	13187.59109	4981.90723	2522.03867	11112.93764	13745.75573	12665.05054	9896.293447	9732.039503	4618.475819	21786.70961	20962.86575	1626.669926	3179.738041	22096.00998	7731.219072	3802.752694	9979.252153	20677.95891	15432.64512	6922.521837	50677.23676	13357.49888	6171.751454	14167.83667	27891.71736	6049.222799	13554.08888	18967.41714	13779.6907	7013.527363	9300.069224	7203.864947	28565.09964	17679.15282	8488.871245
DG 32:2; [M+NH4]+@7.09	3057.46713	4481.354048	13994.41832	4092.24346	7747.163215	4965.726022	776.1549778	1669.918087	11789.76089	5231.550328	11406.09868	5622.816062	5451.392106	2497.082938	3435.034482	1198.636815	228.5942385	3239.157444	5056.851796	4530.079971	16428.47814	3023.737926	9475.069025	6729.063621	829.6812517	2129.033819	19779.26894	11279.87259	17282.5597	4724.550702	25146.56311	10034.04091	6108.184765	330.7617143	9200.073305	11423.85797	3897.577349	1950.07323	32435.4057	7175.588317	2408.610272	26900.66674	6231.914622	5752.022919	5674.774386	5221.898099	2663.603786	1700.390589	6484.577077	4157.790389	3354.497135	11933.20867	19515.529	6615.174635	18138.65948	3113.992326	6205.159524	16530.81351	4693.920612	4966.391771	559.2432286	2238.199029	1795.470192	11930.51142	6053.371169	5194.130986	5209.044949	997.8791866	3129.315066	5296.072562	6232.605197	6202.849328	12933.0943	2676.758723	6566.207125	12748.70103	1796.538552	5729.018953	15496.82731	4026.800429	1519.625692	1542.625954	7253.557906	1707.937809	3205.668845	15480.94126	8785.796178	2735.871891	8052.685165	13469.2453	1444.449233	4747.549813	7250.691733	4727.710944	3240.620372	8368.388817	1762.727917	16416.79468	4864.308943	1804.296923
DG 33:1; [M+NH4]+@7.84	1033.556674	104.1239862	3112.915457	867.5792018	1679.417696	1244.588427	977.0793214	1229.37613	3285.575262	744.2949068	3808.29943	4674.588728	2240.16071	1654.600755	1031.803538	1145.334515	655.0564663	441.5184565	1360.041475	243.4014902	3343.910056	870.9602248	2081.670084	2598.770894	332.3944163	1443.600068	5367.781372	2178.639913	5812.383032	1296.324171	4323.673719	3068.463169	893.6772851	787.3211061	2698.309349	2298.549033	2265.065611	2070.897977	3782.150784	2378.571809	2439.151092	10868.2328	1424.591351	674.9024048	3302.580729	1779.307513	276.3473007	1196.052515	4599.797044	1073.538523	3634.848688	2905.305459	4869.840102	4642.935286	5021.429722	2356.498245	3297.308635	3918.640957	2430.743718	2400.458387	1310.843326	2891.442951	774.0964488	2629.502733	4146.435066	3441.235571	815.7871386	1090.446273	1779.553567	4286.483497	2321.143489	2454.282416	3210.40396	1617.801689	2310.962046	4248.587204	476.2516489	2146.854951	3564.309103	2113.500043	226.4614712	531.0529353	3598.333289	3003.223978	3148.822439	4170.906588	1523.14507	1504.334669	4080.552279	5049.955944	840.5219077	4120.611165	3248.289644	5930.44124	1665.090177	1649.572571	2864.809681	7620.764171	1125.833301	978.1846176
DG 34:0; [M+NH4]+@8.48	7939.166629	6286.146572	11192.35	6985.455776	11104.51566	12633.07396	11264.65312	5088.385548	16252.25315	10171.55388	32497.97754	23788.43286	8282.733897	7376.366395	6318.597288	5193.470462	11541.95638	4611.165192	8908.69672	4752.625869	27940.14575	9743.101374	8597.437904	11276.85282	7572.403534	7734.624613	34885.19615	6399.356952	19692.58365	6620.778309	17997.10286	61948.66116	11640.78687	4152.248673	23930.1982	21517.87074	9157.614024	13527.88648	29193.31602	9298.563719	8402.459373	40602.37067	8883.805545	5046.098031	16822.92879	9349.992598	9101.339858	11926.80056	20143.92344	10214.78777	9767.649764	9889.72341	20020.70678	15968.90711	23558.27196	7905.769595	15074.82359	19418.9462	8065.095671	11979.17446	5296.074953	8380.545456	7705.738366	25964.63587	15724.22168	12319.71109	8832.61822	7012.138222	16974.51482	13749.81001	23982.77072	7071.862856	13137.39126	12665.15002	11013.37213	14150.06635	6680.605586	7777.814513	17977.37266	5223.890301	5714.382949	11098.09362	25257.54454	12137.55874	27194.8778	53225.04516	15454.45859	11141.63813	16574.22791	23699.50833	4361.119531	9979.014266	15005.22164	24087.38487	17608.58253	20063.86872	7449.018869	30355.88656	14148.67339	5494.766541
DG 34:2; [M+NH4]+@7.64	12742.81493	23941.10671	49594.44217	23566.38096	93224.60842	44779.36235	47506.07595	29237.00378	90950.81872	43952.5703	80245.94203	93550.05384	23499.12462	33261.85093	49117.11236	23153.27265	16212.88222	21301.17492	34943.93247	13620.41574	65268.99609	26784.11949	49008.48479	90678.45774	26505.74296	19789.19635	174935.106	50165.35786	61154.53501	33774.24245	97772.46956	123665.774	30940.68425	14442.03338	49202.02316	127732.0493	36399.68572	54816.04766	157627.7082	81887.98961	25429.39105	194545.6961	29865.97813	51140.60767	57616.93334	34354.22592	31930.48607	29717.45089	48160.44532	52791.45679	100711.0136	170594.7271	293112.1824	117653.0253	284730.9524	117638.3389	94081.30949	131738.1397	47009.24554	54975.1015	26733.58519	89436.83491	22631.95947	125811.8827	65511.86391	85750.97791	69679.06163	45073.70529	48505.7616	55552.44252	89461.11678	64096.09998	61062.64924	63843.43113	87681.94046	145588.5371	29633.37426	23930.53243	158258.5526	38301.58508	22725.21613	46408.14339	201703.9669	134025.8361	54255.97897	208033.7328	105910.8802	75446.86079	97896.84781	202979.9921	30329.59859	40582.89639	107643.3399	72547.95698	114655.9714	112713.4336	45079.08246	278172.6228	200806.4177	79990.66616
DG 34:3; [M+NH4]+@7.30	2865.002584	11414.145	8553.081099	1018.628097	7573.2383	4744.278481	6379.149434	6937.661742	20581.94718	7524.587953	25139.76617	15002.46459	4532.139703	11760.55564	7039.8169	9075.467619	6530.248369	3040.744243	8445.636242	1714.350402	12230.76061	3638.809112	10535.22978	8539.342303	9598.118668	5087.941143	30440.55422	13797.10438	18544.62141	5306.113332	23838.57651	19777.04017	8220.444066	2997.521082	11127.74938	13814.82945	11381.23209	8977.275968	27403.70316	17365.57859	5056.132884	32047.90098	5049.274313	6090.699985	8442.577623	6104.522134	6551.16039	7336.356989	7102.442322	10454.97688	8026.036031	15078.00934	28796.64554	16215.97718	27414.31664	22167.23961	10782.50888	16710.83862	5881.810428	6996.779455	4002.614068	9403.113812	2663.146099	12031.44467	7393.26392	10192.43691	4853.318551	5023.62915	5672.805343	6963.350636	9502.10525	8048.646227	5660.063263	8829.945899	9634.716773	9656.063585	2642.513004	2848.026883	15696.49191	5464.880311	4477.630374	4394.268271	29600.36691	11627.85212	7912.115207	19871.09877	15668.50553	8630.108934	13622.46383	17415.1994	3416.065721	3841.699572	12439.23859	8021.913626	12967.34766	9935.867872	8765.285144	34560.67636	20083.38703	7270.51146
DG 35:1; [M+NH4]+@8.27	1739.281459	2269.653984	4906.248713	908.2825395	7448.730899	2972.507561	2697.622649	2633.051591	5818.831005	3300.507984	8749.185116	4261.538186	2279.06692	2029.226537	4183.578955	3906.403395	5008.444198	2078.448323	2139.852211	438.1330037	7595.740693	3485.728233	1620.359723	5852.284346	2305.030296	1271.157751	8665.41104	1795.895949	7947.047156	3093.96568	5537.171231	5640.376578	4191.434075	1446.661612	3813.635483	8316.266552	2654.682135	3313.177441	8674.705236	2370.021969	2350.388511	13267.37941	2368.731586	2704.574011	6650.621865	4303.487438	1598.687551	1820.715593	7245.286014	3135.287885	11500.57423	6507.579008	19322.59258	5312.197627	11373.63562	4358.63893	10761.09461	7413.760835	8663.093316	3673.874231	1607.759872	3094.374258	1967.116887	7254.105642	4020.949848	1062.121218	5994.383566	4329.886181	4474.554895	7488.650654	8736.383131	4327.387585	6065.559493	3250.416076	4737.578605	3976.14292	1347.648933	2330.178374	7113.826253	3560.306166	981.8391361	2604.257683	8028.948461	4819.658357	6608.986483	7544.625934	9062.143169	3576.350741	9381.770317	12361.46035	4567.275603	8346.638899	5978.104285	10625.80207	6215.787779	5303.91594	3714.682752	8786.52809	9141.606408	1700.500457
DG 35:2; [M+NH4]+@7.91	927.0397679	778.3141225	3519.332182	734.7336608	1942.214619	915.9744009	3161.630218	1494.228503	3465.4872	1850.833494	3670.893034	4343.573484	1686.396826	2790.308619	3402.494702	1760.126857	2158.833945	1862.007942	2721.247408	811.0772174	3696.552712	1813.63029	3207.696478	3958.711389	1612.923676	1804.121137	7454.475287	3193.588536	7412.897654	2271.573841	4813.473693	5351.549528	1216.876316	1097.701567	3096.578393	4881.951798	1348.3209	2195.171039	6389.314881	4515.765927	2247.078453	13863.06005	2996.182916	1484.568075	5973.64031	1882.228656	1124.881156	3002.377877	4540.876227	4703.623554	9528.676853	6387.67828	9805.502056	4716.670722	9891.832814	4791.26593	7650.208244	4971.471025	3228.958231	2916.137491	2733.297224	5014.804285	506.8063428	4757.210966	5457.964452	4494.937092	534.7477391	1901.024914	3466.609558	5204.454827	4952.529596	5510.272417	3348.308278	2486.991902	5905.865702	6060.845708	1867.858738	2171.366956	4661.70776	2828.859025	657.2452499	5696.534718	6046.714901	3796.606985	2849.486774	5652.185636	4791.497469	3020.270848	6482.967181	6141.205759	5588.935243	5077.249668	4957.046567	6219.265173	5025.232868	2262.991506	3296.631979	11285.48343	5176.397061	3218.31917
DG 35:3; [M+NH4]+@7.52	1591.537297	927.8008185	1004.647334	1091.679482	1295.528912	855.1529035	842.6037637	1110.754625	2595.778442	901.320769	1891.705604	1487.000101	2408.223503	802.6105986	742.9384445	487.4468717	137.17002	628.4879079	1239.787177	381.6222448	2627.71462	408.6677525	2277.404686		2131.024973	1464.250541	4224.249559	1380.613077	2458.917953	1432.672211	2520.660062	1901.502239	814.8419131	1169.165169	1156.76705	1660.705464	1675.121907	962.1921681	4375.295541	4051.552275		5621.30164	733.1962216	1098.541396	1707.31824	251.9819577	535.6214667	566.3199468	1003.383607	1787.464345	2837.495271	1439.265636	6246.657674	1744.276995	7100.410277	1283.772599	1194.115926		855.234907	2259.35799	282.3480246	1127.418369		3682.4822	1051.022866	532.9374562	1079.442011	493.466877	150.8960941	1637.339151	1687.630402	238.5825556	189.2126004	1653.222094	1918.081787	2645.037843		248.738024	3075.754284	1690.389445	675.634238	649.4700495	2656.349054	2537.402977	1300.122356	1643.03806	2297.908972	1096.525392	3302.70959	2414.752373	318.1545476	801.5670468	2041.73252	915.0540863	742.9820872	1080.223702	881.3387957	3759.297627	219.1393863	250.2607291
DG 36:0; [M+NH4]+@8.90	5588.054107	6825.870847	6298.555893	5637.574977	8380.163156	6618.71003	8305.69327	4959.251726	10778.43469	8509.771945	14128.23557	14832.838	17083.33765	6154.580769	7601.057344	6292.557532	7868.255173	6281.209861	6669.247559	4655.449648	11551.80656	6909.355187	6404.623779	5677.469995	6124.038484	9802.967284	11003.87183	6166.068726	7773.915038	7629.305435	8081.706674	17190.33467	6807.815638	6458.857069	11632.45302	7481.058782	9108.045302	9638.905826	11908.58566	7712.185873	5513.369603	13043.89213	5813.424374	7161.023754	14457.90415	13457.77277	13155.74167	10613.91488	7504.118465	5582.942942	8485.129359	7662.976913	10229.54356	4548.429322	10310.54181	6021.930756	4996.217166	8553.142114	8528.421693	6158.074618	6954.337033	6043.083127	10982.388	15168.26791	6534.963682	9527.294906	6164.314691	8440.996423	6446.969497	8192.097112	9048.730946	10333.41081	13094.83088	15040.8872	12713.89824	5715.927485	10257.80317	8733.877752	7198.180571	6773.565167	12403.11763	4979.397236	11403.11993	16836.82952	14884.75363	11950.50533	13619.52948	6053.212414	7798.671845	9761.78838	6651.365301	6753.961616	6515.179312	12687.0938	10431.7065	10093.80534	6609.950902	13259.68351	13551.00661	9363.038519
DG 36:1; [M+NH4]+@8.55	3502.760533	14315.90279	34053.29534	9447.291019	19955.09521	22259.91379	20341.13346	11627.96481	50256.16104	26259.93868	66515.86781	48380.05437	15396.18813	15838.83827	33637.59713	9387.789692	17078.49127	11676.34908	20784.58923	6704.567733	67822.15496	15401.10716	18509.97407	17504.09895	8096.202621	7016.480031	72151.50467	19631.51605	36846.31908	10801.99174	38179.83743	110953.7532	17421.15776	12352.58305	37341.51189	46265.36856	19968.88435	26256.28742	71008.27418	20493.40984	15360.57912	70379.00766	17825.34296	17531.095	47809.31901	23275.39404	8486.394697	27681.9224	46777.24741	22933.72854	45367.33455	52410.30614	92784.17813	27253.00222	66290.51297	23239.30031	54388.2764	41051.48305	28126.07789	21427.0376	16609.40469	23386.28334	10505.68769	46261.4584	55941.28164	24058.65171	21994.35745	20572.49246	36858.35639	34664.37612	44818.93134	32703.94593	24174.24035	49757.41384	43657.1742	23875.68955	11815.84179	10096.26692	35273.97224	16117.45008	9848.930618	21388.54662	70712.06517	39726.06692	46626.65323	83491.01358	40029.17793	14477.96298	49304.1058	63366.91592	20438.21777	20107.49314	22240.40282	40331.80917	61934.51634	41182.24858	10298.62883	71641.85225	46142.02391	38213.12817
DG 36:2; [M+NH4]+@8.11	34066.78983	134061.2913	114888.0784	62290.24049	150398.1104	86864.75703	139614.7686	125496.376	226415.1065	129505.4192	184453.1344	247441.0425	66506.39087	134453.9017	209527.1612	100648.2121	76672.28292	55158.54713	107411.4134	47122.20257	211066.5588	94683.66909	134829.6145	233129.2756	77448.1961	44009.09654	396608.3364	174585.6477	201493.4151	89672.57867	200292.6572	368092.0596	106350.6065	73351.6856	139725.3395	361373.5585	155294.2167	135617.9557	373960.4338	184350.5776	85268.50526	350199.0815	89236.33829	182586.0491	246995.0685	108475.285	62578.57492	164906.7319	261984.7791	193337.6578	591195.3318	469418.0878	687954.9565	162756.902	387059.4796	255230.3666	349068.5536	276050.52	219390.8977	130797.7206	90389.57345	220245.0602	93457.78057	257445.6052	230398.1977	181941.6734	158953.6021	139269.4931	218238.2439	216626.0058	237987.428	336135.2985	154759.4567	331363.0111	268174.8224	281713.2445	102603.504	84039.99612	237896.8471	76024.62159	122795.7319	164100.4033	309813.6352	241352.0651	154058.8773	308864.9289	216456.5649	184951.3755	360415.9486	309319.1268	125122.2159	171604.208	275835.935	207329.8365	344178.4775	208703.1021	114173.2544	599105.48	335758.8264	203207.5993
DG 36:3; [M+NH4]+@7.76	24264.67758	53742.11287	59104.21638	39516.98926	118158.417	69919.14481	90395.42716	51291.21664	151875.1891	90982.62829	85433.48567	118205.028	37233.20225	81621.6196	96992.00273	48131.49176	23200.97227	31586.44484	45743.81076	32845.78529	78626.51254	39916.68098	83923.4052	152063.9689	63467.66767	28031.98753	197514.3974	125539.1884	77799.96476	46480.41369	149180.3939	130630.6875	44509.96022	52195.43564	45501.54921	158927.7272	54845.00757	60291.30951	220430.5832	115718.1531	58983.15787	185761.8048	30866.3001	138279.6511	119204.8922	61681.30263	63312.73547	77162.68998	83183.95662	122058.7514	147863.0877	180672.5212	336519.5882	125660.6065	316837.5605	173559.7048	89430.83191	150668.1722	63289.62952	74793.24798	44700.4612	145485.8897	43608.73873	140212.1853	99310.52495	98012.62707	111910.3354	88803.53699	59732.38545	104161.3245	123174.9612	170140.6237	104175.4054	135866.424	112240.6081	100495.4716	68816.26693	46962.26248	184674.8606	47926.80118	66970.59648	65533.33466	167338.9362	177253.1529	66446.68086	125056.9683	153089.6411	111551.1954	178313.0878	180823.871	62324.09117	60576.46922	131383.0091	70389.16889	196718.1871	113510.0732	61787.89869	426815.1352	177973.1948	123082.1039
DG 36:4; [M+NH4]+@7.37	18019.65627	44835.72506	36386.45112	19351.84957	44925.59875	56265.46949	37020.46692	25279.28255	108114.2501	39106.2149	51274.99194	72936.73586	24050.32495	42815.98495	31707.94507	24264.46288	13954.63188	24338.97234	23773.72831	33700.27069	38844.33823	12933.2266	49288.28621	43624.10791	43132.34286	21801.257	107305.4188	82452.90904	53816.64015	28467.81207	87703.24883	90337.31458	30805.41581	22177.48141	18625.10149	42648.76009	35426.57966	35094.35057	104599.1205	70305.08642	31928.24597	68498.89878	8809.482291	62113.03259	37695.25157	27519.39344	44254.46852	25530.78769	34774.4522	53791.68115	39924.54852	54471.47339	114977.9217	65778.31024	143111.9654	77018.31296	19549.89545	37471.77814	20136.30847	24023.77861	12310.89666	44313.16043	13313.01766	64775.36711	35612.30051	32816.99894	51019.16773	33009.42685	15699.81624	34412.34614	51690.93607	44899.06817	43385.28633	30695.67874	35676.63095	40528.50093	18371.74914	19612.47203	56530.02753	15669.96812	23234.68975	25245.42182	85394.43002	58505.66925	18850.542	66046.9452	64196.43077	23902.98558	44011.62036	52928.46301	21043.2697	10907.44056	30722.6574	24629	45377.50123	35728.33952	12278.69138	146597.1835	69821.51964	37339.4536
DG 36:5; [M+NH4]+@7.04	1893.425638	10763.73383	11258.32903	1916.362913	8721.164067	12469.08059	5500.85216	4828.439224	26821.0331	5758.414655	11483.574	9550.693806	11134.18359	6323.145037	6665.58271	3653.583337	1382.641074	6966.210751	7323.506385	7200.279667	7088.409622	3480.526277	11412.08584	8797.200144	15359.34587	1598.248814	35520.3289	24006.68547	21718.74148	9215.622398	24165.32158	17959.07515	9328.357899	5533.049973	6171.170207	6626.392136	8056.410401	4317.567034	25154.98662	13667.68664	6955.569622	13331.21333	656.3198043	15143.44148	6306.561027	4945.572757	8031.968343	4320.866898	7327.879178	10024.34064	7892.368299	9138.449799	38067.32834	21385.64672	24404.45704	22388.41341	8544.289795	8789.011033	6099.509664	2683.728311	642.9262701	6303.491997	2651.907732	13859.32909	6143.855871	2262.225107	17122.66418	6911.216944	4833.291888	5542.281704	9360.613248	11914.29372	10627.12457	2835.863064	4771.117649	9899.141566	4771.635226	5438.397575	13948.70525	12192.2218	6502.054061	10233.15291	44397.80808	10562.05202	2660.494643	19193.34771	14210.64652	5240.750039	5100.604982	5108.467391	4591.294934	907.0107399	578.2073455	4321.710362	10738.92196	3928.257443	6651.867517	32042.34113	20032.02314	9073.356974
DG 38:1; [M+NH4]+@8.84	5959.032501	4023.396179	3709.811973	3343.990232	3304.256649	3052.667309	1630.315709	917.3088075	7403.861457	1719.595307	5839.223039	2055.158197	24740.4679	7422.794517	6135.183382	3102.064531	3928.278355	2686.959432	5380.450546	1832.937795	10623.75802	2676.393404	1534.770625	2473.427724	1233.922066	2930.968265	2798.93663	1527.761202	9956.799807	1440.616566	2026.514519	5219.947347	1115.131262	1552.243766	3268.029478	7890.804166	3242.607032	2854.203393	9606.256367	1828.227998	4781.134562	4125.923376	2760.915776	2829.452187	4768.393683	3880.814651	2953.259455	3044.28239	5831.367318	5274.657246	3573.608232	5636.371278	5496.040134	6649.686048	12952.84262	5090.695658	6671.206109	5590.681328	6800.224966	3310.470175	5210.746846	2588.092475	2976.51508	4955.552914	7605.715584	2540.528285	7613.290653	6459.138379	5124.20252	7814.84241	10574.90818	5687.834	18247.98888	4163.321982	3451.987177	2793.889101	4281.222819	5234.625819	2426.722933	9234.315712	4818.820053	4459.370676	4854.271852	4573.598985	10711.7481	4470.67567	6586.834044	1736.908909	4647.80761	7613.39433	3356.953593	4347.620102	1686.338281	20369.43779	8527.730901	3219.414339	2188.26603	2349.694243	6100.374397	2898.711288
DG 38:2; [M+NH4]+@8.54	3163.993091	3694.734605	3488.126296	3390.473178	3840.165525	3643.290183	6250.24432	2827.450078	5833.378316	5940.294021	7174.89792	8371.449155	5441.683631	5180.605202	5669.384621	4568.313207	2138.852024	1726.398312	3277.952726	1010.089087	8783.53487	4358.50286	5875.664382	6058.352407	1421.932208	2993.031995	8219.98011	2689.082956	5974.093268	4542.686711	5393.079966	8957.193952	3389.937394	2393.723485	4285.230056	12704.69303	4430.493837	3427.522578	9653.370897	3945.861055	2706.371708	6376.793348	2115.770494	8228.408907	7521.277607	4169.683324	2072.915968	6146.023294	6165.18342	6363.966278	12257.45243	8275.834168	19976.99255	4405.234867	15436.51117	8020.570032	12499.67052	8276.348506	5464.013288	4203.84859	2723.538078	4666.374826	3387.216151	8564.376251	2985.607639	9953.448113	6181.140912	6300.830543	6890.739137	8049.168435	15910.6606	8336.501374	5718.249488	14364.42673	7879.172906	4894.701306	5261.329234	3040.154495	4386.655855	4637.697958	5525.371816	3641.924172	7656.083367	6855.095727	5817.421034	11224.00735	7689.562339	4221.71859	11384.95116	7936.497252	3605.751083	5525.831422	5173.379991	13132.61867	10238.58329	6848.719072	677.7809315	8467.197959	7613.781792	3944.358362
DG 38:3; [M+NH4]+@8.25	1633.10371	5104.450268	3607.244292	1069.380719	14582.56383	3363.085899	4640.497509	6236.168067	9527.666896	5012.149783	6413.541574	8198.83973	3863.439053	6896.559123			3366.784188	6074.220893	3649.606271	2215.914412	6649.613727	4946.109387	7358.686876	12126.54474	3268.469435	5332.319465	9295.647792	9806.638947	5621.934341	8609.929082	8062.296774	9263.312564	3191.518424	4791.226631	11614.37444	13988.26416	4531.566757	4042.952553	14994.00651	8347.305227	8610.29627	17261.57077	4916.147309	11268.92854	9665.933406	6762.808963	6511.656561	11455.25406	13843.25911	11282.41957	16735.5867	18382.76261	17160.86339	24992.09424	23101.20176	17109.21164	12779.25619	24509.0702	10478.80544	6894.89275	6551.695438	5086.155605	4090.912185	12029.93909	5806.173448	11680.67197	4312.893922	6992.579636	9587.826679	11879.91928	6631.16915	11557.31674	6274.142932	11637.82994	7244.148941	16823.09324	437.0710254	5894.831878	13843.31466	2304.839112	2621.265162	8841.034595	10181.26658	13890.28013	16637.38652	13183.67678	13698.77179	16488.3119	15707.11828	11917.22933	3465.662604	8708.820748	19915.99382	7810.071801	12010.88254	6988.730476	17123.54427	19022.62567	17877.43583	14126.34289
DG 38:4; [M+NH4]+@7.98	3246.838918	6603.057736	15284.98976	3572.316747	12009.85826	7138.454124	9408.739497	11896.19897	13495.80326	4212.35766	10902.93257	12314.82926	5587.9524	7031.791881	11968.69456	3512.686532	8341.613504	7792.810699	9405.036004	5050.475354	7563.199489	5687.872166	4531.833038	12003.94007	6260.960807	3079.502672	9859.16845	13976.19727	19524.39103	6892.565193	7124.962341	8539.404879	4983.026425	3380.713173	11806.33522	21198.88529	14663.79973	9190.365625	20981.34045	17980.31306	1871.928361	16850.7897	1876.380868	7639.348822	9306.949997	11489.73596	6219.462123	5553.237508	13113.05277	12043.12515	28447.94638	13244.49555	33569.73471	12469.2594	31958.12526	14885.08212	11962.33668	10328.18885	13532.0148	12559.22753	3818.64462	9726.511378	6745.708228	14543.14972	10110.36699	14147.18987	10669.17797	4932.073109	11943.0732	12781.0022	10304.85334	10816.38247	7196.10279	8292.830366	8465.2661	13263.99187	5404.682769	5609.781244	16460.14645	15899.53079	3241.7268	11730.11539	22109.79321	15023.6833	24060.04819	16058.39976	18267.56967	12386.71923	16392.45014	17403.23568	6828.42037	8666.673759	9668.875931	11812.18557	12857.56539	7523.917719	8711.597957	44831.23201	25600.68726	19349.46995
DG 38:5; [M+NH4]+@7.69	4032.202592	6182.352944	7990.244339	6182.5149	14917.81585	8449.167505	11433.18174	5879.836494	17995.30955	7830.673212	10700.84089	13200.25439	4112.703619	6937.830717	15008.98973	7695.215796	5499.314035	10333.6016	6696.299722	3071.546365	9987.220344	3507.977019	9386.681543	9323.063861	5216.772682	6292.369825	25362.51888	17312.19187	21456.39332	8639.763071	8598.448088	11826.80066	6853.247607	4488.307953	10103.13623	38108.28942	12955.00181	9561.249552	37730.29723	23055.70017	3473.408394	17060.13966	4763.480756	14634.29428	10683.72394	7530.616369	8612.350381	6417.936385	12010.28654	15379.56081	23062.12369	20471.07335	89220.32973	23902.60627	50240.36057	23045.4851	13128.64856	12663.41257	11152.25352	13529.85705	5683.158921	11751.88726	11114.35305	21522.12241	15045.80843	8526.26269	21889.15738	14943.30249	12756.63843	13691.41172	14634.91917	20848.02423	7457.655162	12897.39791	10977.94667	30181.38016	5654.576262	14786.12912	26490.32918	13790.03148	8816.359357	20512.55361	37110.39032	23822.55034	18905.42924	25405.34414	38774.26046	13390.40267	23067.03106	31255.9931	12243.02806	6932.102129	8233.651424	21327.65467	15592.28192	12341.66833	14944.6181	88544.1414	24824.96397	31396.66663
DG 38:6; [M+NH4]+@7.35	5158.647845	6350.499412	7303.090641	5332.220428	5401.68444	6100.039308	6627.395113	7405.75028	15936.56277	7939.009529	6768.630368	16758.03512	8251.583803	8577.935223	2295.747657	3429.030363	5963.611134	8239.897876	11503.09934	4633.896663	9773.782041	4483.2793	5333.388013	5222.723366	3696.55684	4534.205695	18572.13216	13335.94239	8866.935831	4936.154269	8577.970998	6997.276891	6636.821486	2417.542497	2721.301863	7758.001127	11835.96088	7623.011263	22252.39913	13924.99042	2791.61108	11916.90122	1282.792334	7577.579348	2742.447818	6675.449269	6446.935279	2229.678405	6890.617238	12010.5666	9887.601454	1467.740246	39418.07131	6684.620076	24205.01963	8035.373775	1255.448318	5705.041579	3056.539758	3981.658752	715.7650001	3348.579858	3237.554047	9045.398059	3030.617989	2664.346638	11894.06321	6492.906246	5381.778529	7056.862815	8728.85803	8022.392066	4362.599343	4797.422398	4922.956612	8890.494457	5176.585402	3123.680869	5798.924845	9345.829656	6254.38292	8754.524035	17089.1514	14164.31924	6880.559952	13243.83925	15938.83131	1981.097545	7093.992953	7871.52296	4540.810215	3159.556958	3965.501811	6674.563323	4561.631781	6554.051722	2547.291529	33645.81163	11441.49569	12424.64181
DG 40:7; [M+NH4]+@7.59	1859.804737	3762.455177	2078.883541	1437.540972	989.9955469	1629.843756	3983.994959	1472.468088	7505.462969	2936.690255	1530.624646	4034.892937	4957.683828	4300.817483	5095.811675	1899.765027	2100.646478	2377.343317	4551.031408	3619.120918	7462.785402	2179.203492	3938.380033	2393.840113	3353.142286	2562.192726	10816.55175	4336.754359	6283.409182	5270.727203	1752.174164	3741.71178	1799.29506	1355.14143	2310.319747	4377.714213	3904.11449	4552.136316	11666.33184	2997.090822	760.1374472	5265.503694	1792.394148	6531.783452	2283.63687	1626.108675	2977.029809	1215.936011	5269.46333	3460.951485	5003.387726	1804.002751	27303.1014	2656.497119	7277.418723	7213.412869	2645.341659	2714.734592	3004.852799	2570.415146	1261.410981	5233.882781	2106.882269	2415.459608	566.3695854	2937.709637	4488.834843	3764.091477	3003.652782	3146.331884	5531.993324	2464.459737	1737.050968	1668.971547	1960.277654	2673.261076	2248.065113	596.7180107	3900.733104	1807.568951	7033.258969	4918.556042	5893.163025	6066.389773	3313.777554	2171.982363	8626.546561	1641.871933	5441.073986	3781.548108	2031.950512	1057.729735	1445.275915	2666.768887	5345.391998	3403.592909	1096.379457	11902.16896	5669.448952	7596.73231
DG 40:8; [M+NH4]+@7.21	592.5328427	2552.043632	656.5250045	859.2887655	617.4157751	725.1600704	1020.078319	270.2642746	4536.670463	1809.447564	1558.468754	2968.397499	2268.737048	4679.249819	396.4051786	776.737628	1415.00929	960.8787729	1548.877556	1928.349864	128.3253229	539.1218382	2862.386266	611.7797595	2229.991265		3445.00331	1723.632564	721.8013665	945.468627	313.6085011	1269.479144	314.542393	465.5929182	1343.549619	804.0482594	309.1487268	1089.391983	994.1199499	2439.89218	250.1228562	2245.645398	830.0029255	4530.276536	772.8475865	605.1297661	815.4835494	78.00001303	1810.240587	924.6694279	369.754465	324.1525313	8750.423141	1015.112304	4139.163828	902.3859548	1368.754034	1390.049667	321.5812354		569.1166921	199.5327771		2323.013728	1210.247652	1994.74336	2407.961348		1522.985973		3376.084756	462.4659797	1752.583884	1513.091539	1262.1835	3492.715543	1807.238382	740.9689677	3056.343874			799.7731416	4024.700481	3060.10655	2643.359513	1036.393582	3156.472857	850.3101864	2085.610544	1896.366149	51.02173326	70.96675089		862.0086968		1644.90954	1491.174623	3993.136214	1522.567584	2803.755768
IS CE 17:0; [M+NH4]+	32921.99347	32197.93538	26295.12917	28197.68561	19681.97573	23580.56838	30320.77778	23650.66168	31820.20922	31969.09653	35776.19309	27500.21744	23196.14609	30522.03642	16589.67137	33214.59351	35136.16022	35038.88919	26103.28369	22085.31685	32241.34149	26134.64066	25331.78255	15773.79704	20619.83406	51548.24202	19576.98478	32636.29969	16199.95851	30495.22381	25757.04658	14013.80528	26808.79269	23264.60779	24124.80425	12265.77824	26191.88363	23954.05535	43210.28135	23321.65428	31315.66934	27857.7906	19968.21754	17326.55721	41995.85263	29465.32394	36807.02788	36835.60944	27872.51895	22592.08327	22020.98465	21960.71531	18292.31952	20082.40111	25981.32868	18090.69824	15847.85873	14786.2692	18975.06903	19028.94773	17510.9245	11589.8554	17324.18195	12236.96829	24189.16334	25776.07795	19855.67125	19873.71996	14040.47056	18587.84737	9004.166427	7920.218312	30466.22438	15042.44494	22063.94445	27627.72352	22021.45868	18700.16236	18317.70575	16923.59287	11873.03896	13725.27411	18223.1111	21802.4999	18435.5207	8869.615925	25459.8837	17459.05209	25194.49935	16632.69948	22168.33528	20231.12832	20202.83277	17946.52546	17664.9504	23740.15493	17375.32097	17557.20453	18045.47874	15240.82351
IS Ceramide;[M-H20]+	433891.1962	433847.4778	456940.4407	407627.2668	816703.1826	483894.8808	485359.5904	445203.8288	502361.8547	505791.6345	502519.6355	497047.6011	519534.9906	518970.7822	771195.0034	461937.445	400276.7018	436740.1037	456616.1422	421380.0132	576251.7979	606193.3965	589214.3271	931564.0682	460017.7571	756711.0803	474108.5951	557934.5634	555809.1115	498284.4164	459015.4118	572333.7606	465935.1049	479112.0313	473104.8748	924804.131	485441.8283	364465.2226	489102.4727	582010.2754	463234.8279	442180.6718	279857.0772	500720.2042	360678.1319	413718.6364	478896.9344	567510.2391	473428.4611	403442.5491	878831.125	1054760.395	732253.1935	892335.873	797773.594	578989.5284	771382.4732	735342.4047	647893.3632	771478.7175	569925.4451	676925.8254	876438.763	827450.9522	702398.8309	830140.8	728950.9424	704766.8954	737947.9359	694070.7989	660840.355	866401.3983	724875.0096	741310.0065	735815.4773	818371.8178	769088.5167	818963.1287	1092978.024	817032.1562	733422.9024	734552.4441	780231.3316	919492.7418	859360.9824	826145.0227	874053.8913	833598.7618	927141.9713	780009.6577	754282.3856	682644.6372	927068.802	803504.6585	705405.1259	961805.3028	1029104.877	904516.9206	938469.4215	835282.784
IS D31-TAG	463024.1237	302168.5085	265927.3288	306601.3375	372184.453	224826.1356	352998.3475	313992.1403	184610.8118	227512.5102	258980.9131	127054.1665	354742.981	231268.5408	286908.5836	411404.2712	459266.3443	468775.7346	319295.3665	403951.6686	322623.699	237916.5771	182040.9852	180259.238	167451.236	1094681.832	151918.4267	184283.864	191126.4836	698073.7555	106393.4573	148277.8787	380937.8965	227921.3491	377135.2433	160746.6212	400186.7919	314480.5124	322697.9865	390563.2943	641417.8934	291153.5198	226346.4737	216747.4361	530249.4899	369561.4925	401309.7501	501761.7442	422048.6304	204427.014	438916.2744	649465.733	119339.9569	637790.0342	200211.5463	183164.6497	253755.9315	170919.2101	206862.7146	301786.3873	244240.0815	141241.4091	242453.1817	97951.74064	512434.2483	483446.664	354718.0877	752248.1537	343575.8471	141222.4309	186636.0475	152453.4224	331709.0914	205921.2319	224459.322	489374.364	362848.1274	306042.2562	244973.9507	329411.6457	374368.9185	367237.8967	245843.6808	234126.899	266482.965	80288.12489	202490.5035	252804.718	168279.2065	203698.7577	397779.7254	358393.3568	456575.343	282363.9444	409188.9262	376700.1144	359247.6217	175332.6859	223357.1143	283580.1691
IS DG 34:1; [M+NH4]+	23992.19415	67493.83946	155636.3169	42365.09874	92547.27033	78633.8412	115540.7464	63419.56456	168864.9919	102355.1804	174436.1525	187680.833	47214.84072	86053.76615	89559.8895	47496.76692	47829.83799	34202.93209	75906.117	25874.26778	184917.4537	79832.87946	84479.31597	101978.6408	46250.57386	28575.10552	343102.5452	104089.6872	175256.9127	65604.67963	167979.6295	377291.5673	62306.02342	26363.78698	134814.2487	179794.461	119934.4701	139675.2682	315901.0666	126414.7103	37439.945	401017.4218	68976.34971	53531.3883	168896.5306	86339.13527	42898.01722	75816.04046	186171.4796	96813.74025	221272.1153	228772.326	341530.7624	106240.6289	247261.1228	130408.5737	214390.5834	195266.715	118230.513	71762.93945	34379.57715	105106.526	44032.03591	143063.092	102831.4153	98288.74557	69758.47222	51923.51734	76494.32727	87162.23526	130894.6781	94331.95352	72038.50862	97789.88931	140510.1437	209920.3295	30945.5762	34031.9602	169201.2734	35929.51533	34745.10808	64846.57971	269818.3058	122663.5396	130167.472	281493.9724	149286.1539	107855.0526	168421.6879	309820.5957	56626.24671	85110.56516	160961.3517	128548.9651	139237.0228	113728.1804	57662.65054	347116.5406	253123.9284	111343.314
IS MG 17:0; [M+NH4]+	51963.27472	52930.2847	53388.58158	57763.20397	64619.38417	54659.65245	63629.02619	60502.74974	58032.74467	68104.85339	57510.71979	56243.72081	62987.26129	62207.98662	57562.48225	59096.47176	57943.73358	59645.67245	64126.20927	59585.50403	65110.5095	69861.74571	70044.638	59543.29435	62874.75493	125217.0166	51545.18966	72565.64268	64396.90917	59247.20827	54668.57093	68378.51163	61289.09864	55737.17317	62511.82763	57025.95525	69530.53412	52884.78403	62895.56187	58707.67373	57213.53018	43115.29154	21702.00889	40856.59785	63997.56668	59767.38655	69654.61	70177.60829	63048.82215	56307.16889	66522.14221	74188.51718	55096.92979	58481.47732	51128.55231	56849.91589	47311.17604	46448.92217	49884.06533	50178.62127	47219.37854	63370.70417	62085.47792	57117.49478	50606.43655	61559.83328	58440.45418	57555.93841	63966.26588	55285.46699	53922.77979	62428.39431	57608.10698	58667.36101	58082.70466	57172.07299	57780.56376	64537.98845	59978.98848	54298.98449	60195.29938	54329.36204	55870.18992	67199.52705	59281.7881	62909.79119	58067.54992	45620.31156	63175.46342	57771.13538	58286.75351	47033.4532	57193.28909	56939.55725	70572.19057	54859.43212	47877.40347	58712.83949	70690.32709	59706.40355
IS PC 34:0; [M+H]+	750217.4366	762179.4421	736534.9333	583807.5015	843715.9182	630652.3932	844395.6839	748324.2348	806229.4117	711014.8807	792404.6038	804170.2291	713929.7194	764348.8852	621653.0855	763780.3707	746491.0358	698635.4431	806112.3435	817012.9274	869677.8772	957078.0928	791789.8728	713787.5789	530818.435	1340723.99	797760.228	907169.2855	771858.3759	679578.2494	599557.6752	712321.0706	604730.4374	434815.0039	797003.2112	820704.4948	683299.7204	525383.4316	758710.2787	749614.5037	643172.8038	516561.0545	317472.7206	540566.9394	563512.6524	704770.577	649151.7971	826255.6444	640732.0119	542795.3409	973216.3987	1053696.996	736356.3744	723440.4913	727490.629	628684.991	693623.4565	600384.4403	525286.2977	621953.6556	541002.6473	555852.1811	491516.7647	631745.858	724239.4992	869186.0528	752939.3022	681942.2625	734941.6882	607523.6176	662397.3058	753029.355	778504.7956	704502.295	744890.0581	865912.3337	683059.912	627787.1542	875746.7907	690514.4316	755953.2973	773717.5517	803357.315	904434.5585	836731.7833	728815.8301	781858.4253	649989.7539	719752.0006	745615.7188	705373.1604	530179.9006	838315.4506	721483.599	870740.6322	832150.6651	615318.1124	1067936.113	946299.7152	787582.173
IS PE 34:0; [M+H]+	185484.7215	166094.1047	167115.4885	140877.4172	222884.0912	176269.1397	223443.1865	173611.4235	215465.6575	184076.8829	185240.3257	197826.9206	180149.7653	191318.7968	159784.4908	190535.131	151697.0516	173669.782	159999.8144	159393.4514	267415.671	192189.8517	165379.6344	203100.2057	95736.31878	299416.0365	180127.5759	175517.9832	137514.4663	181620.8606	170948.9994	152335.1412	135265.5186	123499.3293	204945.158	226829.0232	175006.0283	130301.9119	212743.5495	167556.8912	188396.0671	147891.1838	68883.65447	129771.3324	167360.7617	147436.6047	167919.8092	206823.8364	138454.1099	124355.9836	238154.6959	311635.494	213351.9412	213950.0251	212316.5855	208360.8332	165626.4218	157837.2602	166639.3207	170979.7807	152750.5249	157672.0916	137888.4734	159881.4482	218927.7594	232436.8649	226203.7918	206343.6491	168329.0903	173821.0333	166446.0891	199470.1265	181453.9479	194880.0343	226883.8111	232381.2472	183652.9497	185084.7776	224029.546	179546.4489	231956.2417	175210.7761	187625.0946	234678.4324	179161.4212	184103.7236	211929.3005	186582.7479	223533.4628	213624.9289	244958.7983	142667.6187	246184.8359	205942.6791	218501.9663	245096.095	128135.5004	258410.2419	217285.2383	241507.5199
IS PS 34:0;[M+H]+	38859.70416	46163.94541	75287.10726	50335.93186	68564.35358	90497.8934	92183.87891	80355.01035	76627.92304	39696.23292	74770.85396	44674.81292	86666.41276	66858.28804	56608.92283	72072.04491	52440.05946	79428.33839	39249.47809	58449.09577	119621.6216	56099.15369	57741.27162	58874.14025	59960.16698	126512.8201	47458.38777	45671.60837	73180.16693	242545.581	48366.94462	96511.20815	66890.62984	24285.69107	52801.52395	88131.63369	81672.57906	44343.07992	170605.0998	54084.33957	150081.8913	79454.85016	10793.11409	60435.1041	66520.67792	54232.46697	36770.73917	95048.71788	59846.86042	76549.59715	57477.85305	58773.4854	134529.5209	75512.33264	71187.93953	72774.6405	89527.35474	96182.75204	82034.17675	63290.9817	45852.04482	40640.12603	52524.33081	58005.15048	37974.63754	90313.97265	69074.9082	88756.54064	80139.36624	85854.32211	53682.05167	61240.89147	40111.38974	39086.22511	53181.79629	67053.41361	112866.5284	64191.53881	58331.50064	85408.24216	96878.83085	76032.04732	74711.69032	66014.11785	39145.28434	46160.3318	39697.74903	47472.92035	80145.98236	67920.26991	32454.31973	68231.69083	32749.55616	38549.49547	44701.32849	70507.00932	21755.07538	53630.57395	65610.46356	59410.86344
IS SM 35:1;[M+H]+	656958.969	598888.3486	607154.0376	660982.5711	963370.3332	591555.3515	845710.8846	745721.4275	764255.168	789892.6587	691339.3327	843980.3114	638274.0472	565346.5164	992695.0473	983156.0591	748492.5631	734173.7553	773577.6583	551548.1943	773217.9652	854336.0828	738974.4591	922324.7118	532584.628	1653983.58	775074.3206	726394.0029	600453.4593	871881.4407	688621.8374	635743.873	578560.3907	560727.8306	689438.2018	992942.4325	745903.7262	671140.481	635284.1978	756546.4085	748228.8338	691415.6829	370613.9522	677992.5565	723986.4544	757396.7194	790933.6914	971550.3746	812090.0656	790991.6493	1070004.481	1059760.004	936944.3765	1110853.351	899469.791	844603.3249	874540.4582	670126.5061	836850.8655	842277.7764	766392.8247	736209.8579	644119.6722	688067.1353	988795.5948	1241294.156	888353.9107	766569.8588	791304.5156	889544.1498	890113.5736	860609.2882	915087.9728	849151.03	942372.8696	1103317.417	939736.0336	1042399.143	1093497.263	755625.7233	935749.1224	978539.2455	954596.7391	1076864.084	1075298.176	942713.2393	1044229.496	759473.9176	1246717.558	918261.5563	1100795.188	913832.0181	1207468.718	815819.8186	1001409.605	1013919.52	728555.017	1085215.059	1122928.202	1128385.247
IS TG 51:0; [M+NH4]+	248500.7632	1002400.631	363082.538	609246.4189	1151412.477	1587107.214	996807.397	1598232.781	754136.501	385342.5529	1758666.731	544731.1641	1413304.931	1045242.737	141989.2613	1393647.025	1424490.688	1117446.621	877367.0439	1569257.278	2481045.985	390590.137	841588.9369	154941.5686	352453.736	3693450.461	1741948.33	384967.0152	1062519.367	3198254.594	1062796.992	897271.9706	2131831.018	336283.2256	1686117.843	175566.141	1529860.361	1235237.179	4203933.855	1742635.099	2435680.417	890080.9704	214383.0087	232647.7223	3785907.692	427272.7576	787057.5116	1308132.694	2575377.233	696683.6014	2089025.291	3754338.771	195002.9529	2127477.824	1194025.609	189143.3469	392087.8669	372337.328	309518.2563	346876.8975	199143.7972	133770.2976	151945.6721	119842.2949	1675568.821	1280277.538	528950.7729	4774522.322	336049.1265	157480.4943	153105.6936	122250.3363	182819.6665	260944.9438	336929.3677	2076504.065	160686.3427	155527.644	479618.3369	210228.9288	164947.442	974810.8507	161535.9568	300945.1027	503109.1937	86423.68548	724429.1993	1145026.81	167975.8562	473132.8934	311397.4761	961053.4025	1383717.138	471106.9955	2064976.051	2090184.08	1047327.862	556810.8835	235963.1313	183047.5483
IS d5-DAG	1025600.654	1075197.638	623211.5413	980563.4691	1821783.143	923788.6641	1031236.42	907881.4826	1019325.044	1311876.613	1092576.931	1145883.348	832444.8977	1065320.341	1882987.908	1300080.631	1068239.63	870516.5879	1114319.974	1207479.77	1599708.76	1033918.254	1298767.504	1192562.273	895497.4369	2538791.185	1278335.211	931398.4724	1070626.874	1107892.067	850427.0427	1237833.017	914155.8368	792344.089	1082766.246	2161299.514	1155674.249	765748.5786	1264122.459	753378.1823	706393.2154	719142.2965	344344.1298	1823723.899	1880489.865	1793148.965	1832681.748	1082487.554	1147379.188	889472.4519	1568328.14	712837.7639	1356363.418	877073.5521	1775382.41	929332.1155	647806.5182	727026.497	1102829.787	1284799.359	1094919.447	1012738.504	1164175.44	1199031.223	573302.7755	1679247.096	2438319.573	2013739.024	1662168.121	1669585.299	1260511.669	2128961.792	1044038.609	2438049.096	1231518.304	1187947.426	2689159.034	2171965.367	934333.6183	1716686.152	2188237.779	1441675.107	2296937.657	2234905.993	2055457.305	1492788.545	1857295.018	844707.3356	2346841.613	1815206.615	1844464.695	2356446.622	1338854.422	2195049.001	2044955.527	1694654.262	707667.6856	1729533.593	2260129.654	2372760.359
IS lysoPC 17:0;[M+H]+	1370277.779	1504593.679	1607027.698	1227521.712	2050943.946	1272295.298	1601178.858	1624794.865	1576962.351	1544718.491	1640943.974	1504021.509	1621159.846	1592368.268	1986239.719	1546589.75	1470540.754	1478550.327	1639760.314	1485716.46	1681945.736	1910312.767	1609107.635	2249874.213	1381102.973	3205358.975	1497531.528	1771206.341	1540426.175	1477004.612	1471240.695	1682231.325	1297937.189	1173894.744	1484208.986	2136219.91	1661209.744	1144652.598	1466739.844	1305228.354	1669744.71	1358594.7	629604.7275	1257581.014	1593303.945	1759583.369	1753767.395	1767867.731	1556203.312	1475361.598	2215532.42	2637648.54	2028012.982	1984013.895	1654966.67	1936027.997	1652984.172	1627067.68	1661383.384	1737304.337	1464580.015	1727591.753	1532498.092	1903849.89	1794543.913	2020642.283	1261632.694	1882752.163	1739689.07	1721507.649	2385817.41	1997360.148	1469033.394	2029554.934	1909973.277	1987556.614	1832300.934	1842081.657	2055927.818	1910630.882	2016377.951	2007112.946	2344211.357	1981780.115	2299419.324	1970714.992	2009652.191	2017033.425	2119675.331	1809063.613	2292759.66	1677852.919	2070493.197	2390761.595	2190999.266	1911684.315	1738408.174	2144285.726	2339747.69	2446089.605
MG 17:0; [M+Li]+@3.28	7789.725906	8522.379493	6934.055607	6793.126793	17925.8501	10098.57893	7832.238879	9776.420073	5708.909273	8679.426976	10455.12402	10415.13968	8595.950407	7954.213605	18711.47885	7239.504814	9390.537447	6730.729484	7002.416069	7906.416154	9093.703843	5411.0594	9851.323842	12528.66316	8591.349378	10046.71065	8300.370692	5075.521015	8639.631008	6813.70664	11047.38444	11382.5909	9209.16469	8286.398534	8673.311623	22889.65394	7570.49963	6338.233903	8879.389746	5352.061877	9987.270744	6092.041096	3685.655073	13892.30683	7384.209658	9255.273942	9227.563069	10547.23592	9395.686288	7191.555897	17114.86378	16007.30751	23839.19812	13417.17123	14737.1999	18621.65216	11159.5348	12923.77659	16518.91512	17729.76313	17230.63516	19973.49727	18305.36765	13669.98502	9694.680013	16784.89207	14657.62796	16325.79106	18644.80825	17111.19875	20129.19901	16701.34632	14141.49777	15219.80362	17302.54536	11484.23719	16673.10132	19312.61878	12434.58767	20653.20107	13749.00108	14245.76141	18442.86888	20860.07376	20165.71628	18478.69917	21914.64067	13649.05099	20236.64782	16953.31616	17897.38952	16198.25344	18613.27586	22659.01176	22233.59812	20403.41778	9534.758516	11381.79763	23259.58373	23868.40773
MG 18:0; [M+NH4]+@3.79	2537.893647	2750.418536	3244.388677	1573.784912	1697.283008	2041.360209	2959.692094	2137.264849	1565.250629	3602.136369	4308.969243	2532.093916	3200.062969	3452.287109	1310.120243	3072.602879	2951.375564	1764.902545	1853.613451	3012.209784	2952.114184	4730.179726	4322.556182	2288.332407	2942.7852	2080.754944	3144.238307	2195.524874	3499.394089	1659.732541	3902.579432	3301.230905	1245.881204	2224.671838	1998.138097	1983.003774	1551.579112	2037.197629	3826.997617	3223.455984	3243.858172	3386.970379	2377.723479	2625.741492	3389.941601	1970.474217	3388.101297	2527.360694	2333.37534	1126.424892	2882.634496	3127.962327	2588.926697	4693.713835	3246.878984	2207.978349	2367.476051	2386.000887	3709.964739	2798.898137	2474.565006	1120.759405	2213.456876	2323.451708	2470.712077	2748.057479	2294.554377	1812.413925	1852.380877	1170.855152	4490.299436	2226.898478	1966.969527	638.2055258	1580.575969	2847.19694	3021.797997	2713.457842	3553.949685	2093.003137	3315.243818	3215.728144	3140.009074	2220.585141	1987.691044	1256.979778	3167.337579	2483.897725	2933.889815	1290.108967	2645.027566	1212.457933	2304.921097	2571.489256	2088.810404	1803.551523	3715.135827	2163.959963	5186.699902	3261.824504
MG 18:1; [M+NH4]+@3.01	896.4867892	3289.153522	5409.767877	2384.870409	3060.159412	3072.592206	1861.188639	3464.609878	5735.876025	6591.880803	4877.355847	3704.571635	1790.134803	2923.174362	4006.720046	2828.354044	1531.479404	3316.697781	2618.697993	2066.644614	5872.386718	3749.354852	2075.282553	3238.656216	1901.985713	1689.601802	16156.30452	3022.55041	4476.843836	3412.818089	12162.56024	4149.024919	3042.165362	2574.640947	1976.574218	2455.902553	4207.46386	4621.190437	7666.625737	6670.704349	3341.16587	20131.72375	3341.038681	3554.030273	5140.693294	2326.540973	2394.04648	3486.798851	9631.274318	5187.73994	8785.303413	16570.01814	7028.832397	3841.954796	6407.258451	5197.265754	8642.369324	7187.809922	3185.440418	3220.518479	869.3262874	4332.94223	1109.802207	3343.031339	5814.325139	2489.749549	2517.099023	1585.022433	3329.524296	6916.453511	5496.350241	2516.828042	3064.747562	2964.194113	3122.878852	3973.78022	1020.645779	2060.232243	4346.779343	1939.603308	4075.890981	3582.324664	5296.538358	5785.311367	2507.257734	5263.49917	4878.317241	3157.537409	9114.479077	2444.045194	2439.780994	1710.6629	5629.999143	3449.571718	3752.711368	2526.458837	2339.000966	7013.82657	3064.051898	2267.998349
MG 18:2; [M+NH4]+@2.37	1587.639277	5919.168896	4548.645051	1474.477318	5025.460734	2304.094961	1485.460265	1903.846611	6487.250769	5207.391891	2883.267086	9318.140957	1402.938387	5861.216457	8542.187826	3070.226947	3295.586931	2283.853141	3656.36174	2454.347098	3501.05578	5747.05573	2972.08086	5925.284951	3534.112231	3557.071573	9527.256519	2264.264699	6020.193698	5789.528645	18997.62297	3558.419818	2730.355871	6158.93739	1811.495091	2285.739244	2867.687052	3010.424787	6129.079277	5327.538279	5088.633681	12088.06162	2640.817264	7713.849245	3248.193867	1573.66241	4711.724231	3995.497103	8029.061135	6214.700757	4587.282482	16564.20818	6323.768539	8942.294922	14955.15498	5032.086343	6995.663067	5223.637204	3933.196261	4236.035349	3781.915981	5181.847983	1456.784191	4804.020278	8789.011453	3476.160401	7039.504502	4949.747787	4076.103553	6862.793796	6786.619712	3361.209547	6147.285749	1168.25594	7342.739619	7018.338123	2650.744723	2683.754032	12187.3662	5567.834288	6140.80634	2043.846954	2658.7872	14260.34713	1110.242298	5729.095028	6066.209686	5027.810436	14575.72038	5729.635282	4838.956609	3213.882421	4012.426666	5606.254119	7238.517972	4503.623843	1923.319414	8756.497439	3573.787961	2150.257427
MG 18:2; [M+NH4]+@1.08	7539.122934	9446.309464	7379.630792	6037.668228	8193.170395	7187.010776	3529.729519	5077.526215	8857.54194	5994.635858	6420.896176	8642.096176	7471.819712	12263.49226	6240.135616	8281.736324	4359.672656	7042.083459	16414.85566	6427.709446	3147.921402	5513.684945	9534.203112	7170.626804	4547.224756	3580.558026	2999.539906	8619.931228	8902.047508	4967.422999	3795.277641	13527.64313	3730.477151	2425.503186	3883.485188	7479.333569	6761.55819	5610.330762	13041.25489	7148.603819	5225.613693	9074.06391	3045.718738	2955.780383	8443.53218	7795.746304	3492.010861	5453.867035	10246.00288	6343.208551	15768.14538	36264.70923	6688.319003	6068.657557	7702.200178	9571.281984	6386.873629	10418.66415	7734.368455	7689.173089	3123.815156	9297.666626	5319.770841	6764.226791	7577.602612	6912.846591	3535.511902	6664.041674	9631.466153	13711.30495	21064.76308	6024.203995	9405.158222	6095.97632	8099.31903	5814.521131	11527.71774	3823.33477	7455.988269	5853.666334	5532.288975	11983.17599	11678.14158	4238.766167	10615.10703	4705.312478	9901.477153	6884.969054	6368.141289	4973.262201	6118.47641	6888.99926	7206.756258	15899.93859	6878.462498	2858.860185	5674.278641	5129.366104	8816.446963	6260.659799
MG 20:3; [M+NH4]+@1.18	8523.357669	14050.33221	5140.432889	6478.764259	11500.55887	8678.487838	6942.955673	10212.98104	7774.503942	9767.016847	6754.964357	13839.17992	9460.225713	12073.32731	6187.541439	14593.29068	6324.524584	7975.141385	16416.45219	5584.641968	3492.568433	3483.168769	9587.109026	8165.69436	6814.289175	2572.676237	4838.800258	6839.346475	8171.834321	7208.748395	3649.231971	12274.47487	3318.02595	1307.495304	3514.153534	3467.922599	7249.199248	7217.444901	8448.248996	7097.947431	7044.757458	9281.023547	3492.903274	7255.719308	7725.886951	6069.561296	4894.084871	8601.148303	16368.82273	9007.644241	22585.84632	43158.53694	10478.90405	7200.03929	11231.86284	14127.51684	6156.207904	13837.91976	7218.758633	9914.064533	3569.446042	12002.0524	7349.206002	8317.675084	8004.482497	8888.416527	5801.149946	7924.130837	9417.796574	10472.23985	26161.67207	12288.7977	8332.030374	11707.43465	10646.00223	7349.893367	20014.38632	4983.595026	7054.793369	6014.190021	15499.38816	10041.87504	23441.16017	7290.874745	11874.00314	3605.39976	10253.71067	7575.375316	8727.194528	4206.796437	5655.979063	5580.47974	11010.48852	11938.68522	8796.35726	5568.394331	5036.329222	9103.356598	17741.26071	9699.759204
PA 34:0; [M+Na]+@9.50	3121.887521	4591.216035	4985.445666	1625.407732	10332.60745	6063.095284	3549.155768	9908.715056	2807.021886	3925.286743	3259.141093	9162.514136	3350.290503	8958.928331	14823.38872	9108.913492	8618.848491	2369.774295	8233.328292	4439.671562	3473.422403	1388.103594	8275.026754	9904.212138	2076.156628	13087.74387	12894.3217	5595.296529	4387.565888	21925.96193	7732.72454	5869.983577	8070.269126	9941.539996	8842.476218	15239.99163	5089.488609	4819.540287	10302.83173	12133.36412	11570.48285	4104.214713	5875.861668	1556.01261		7114.094979	9190.190962	6986.42665	8816.805187	5391.447884	8202.818444		7233.255787		17035.06594	4610.420355	10448.8447	9464.003072	5932.582584	9463.365212	3367.33709	2037.436577	10268.51498	4389.193449	1782.766974	10745.55957	12242.48041	5929.521741	6395.471211	14121.57123	7520.592739		9711.782369	12856.04648	6379.983433	5875.967092	17370.7968	6186.5145	3589.780224	8846.459243	9442.583794	1797.519126	7812.183603		5662.177853	6868.106428	5802.880712	4413.21903	5331.602807	6929.69831	8373.995251	7616.57659	7010.367094	21331.67876	7978.510206	17676.14153	2211.66133	3733.520003	8489.938357	8420.716013
PC 15:0; [M+H]+@1.25	5889.848277	13229.95754	16347.54253	13651.17781	17876.71119	20810.87561	6911.579264	8316.697033	7110.86732	5801.247259	7960.399918	7364.822719	18755.30807	8710.073756	6023.946895	11989.61752	6284.014957	9517.64567	14468.68426	11813.48547	9129.059419	8268.203362	11167.44361	18968.39052	16156.08221	8067.24835	6835.777914	13061.86641	9795.503614	5165.969171	9954.736692	23693.50717	14541.8238	10185.54131	12433.26922	5844.5381	12488.81544	9831.746461	3061.106484	8522.140749	7283.234492	9392.649592	5673.748727	5807.353821	9459.918003	10208.69503	9896.032118	9075.675904	11125.98773		17088.69299	14370.08927	9215.768202	13611.08479	19234.77166	4178.426743	7294.446335	27998.38327		4208.590933	16307.08946	12884.77518	18360.05541	25193.06389	12618.09896	8330.644544	17644.01641	7640.641241	16910.88311	2780.934152	13737.15267	1347.951537	8552.799618	7705.655242	5238.218498	5340.521368	2156.115717	15769.18437	10792.98506	11461.65314	10147.50647	6781.939614	13480.22704	12057.37965	1662.90104	16604.60054	16336.8189	9595.802634		10053.35423	10448.22	8706.3592	15572.06054	12810.06479	18970.90248		18800.7444	9372.373644	1321.478789	16220.95858
PC 17:0; [M+H]+@2.53	4053.054721	5301.756229	12243.39282	10712.03151	11718.23108	13000.43538	8328.265901	9076.272361	5313.628299	7145.03303	8801.502006	8654.6295	16296.92438	5298.105904	5076.931771	5691.029329	6418.291033	6376.884646	5254.575941	6464.410581	9774.086953	10058.06648	11717.38316	14696.11168	10592.98371	11001.60791	7432.486082	6187.717218	8188.052659	7049.519109	11348.51106	28761.19732	12716.78405	9049.717947	3374.253932	10742.91392	7803.099202	6205.76303	5187.319664	10694.41575	7079.347861	10528.25541	6806.912446	3333.870426	5365.538155	5748.386309	2254.988843	8379.099428	4278.423041	10619.44917	8443.885179	15829.84914	14648.49009	12141.98441	11718.26075	19346.75089	6615.186715	28735.93413	12545.66848	9418.099273	7652.804099	11963.83836	14742.45979	7657.278035	13651.55552	13152.41712	9787.774666	7185.577127	6776.530533	9018.47735	8489.865127	9423.783708	5477.160163	5594.197577	7755.548894	8197.092481	9355.753563	7120.520564	12517.97154	6469.146152	9941.293377	4575.527867	12669.22013	6762.943653	5013.922739	6984.67365	8063.792949	9045.970221	10296.86517	13464.81917	5130.087657	8348.758969	8509.111239	15283.27981	14983.95044	7780.488622	10141.92871	5937.130453	7315.297599	9986.981885
PC 17:1; [M+H]+@1.91	6493.39482	14104.63812	10924.6384	12932.76642	20376.3307	9248.091711	8439.585112	6815.442477	12194.74439	3089.846303	5253.985672	8290.961616	16417.78156		10413.38686	20382.66463	8937.418707	14678.14078	13887.48614	10410.6546	11121.75508	10978.90826	11667.29643	19694.11489	11103.54723	5482.573544	10509.91954	18370.31394	12731.03792	5389.844558	6263.297845	10866.17662	12028.3565	12308.76672	14267.91603	19149.24748	9571.429087	8094.848725	5211.929988	9340.287884	11293.38819	14319.0342	5352.73287	10883.36509	15490.61855	6882.566232	3107.483765	9250.470757	4433.17518	13839.67997	18961.12208	11986.68706	14887.5249	18622.25239	8213.815072	11878.1415	8117.023054	5698.802249	10377.32855	7263.409242	7786.82915	15089.89985	18924.65592	15809.53261	11379.76827	8882.149763	9479.497293	9441.125432	11926.22373	30480.02312	10749.7665	17756.89776	11952.46879	18750.49805	12582.25502	14515.20776	20842.03024	17001.38782	19048.66435	7943.053065	14623.83688	18025.93401	12300.97479	13246.15334	12588.55548	13018.93281	7497.091239	9468.410574	10790.75595	14624.22746	11807.55575	6717.482638	7499.621193	8992.042262	20298.2295	14309.62606	16461.50803	9526.556845	17250.96166	13355.76234
PC 19:2; [M+H]+@1.46	7517.754455	9545.941289	6606.057651	3047.005141	8346.965104	4987.014366	3337.164143	6545.879515	3619.008224	4252.253625	4438.899991	4104.275465	6981.098993	5646.032267	7326.127412	6490.467063	4541.110673	4482.712225	4895.807503	9222.751585	7610.393657	10607.24178	8083.734209	9104.986118	5051.287952	6233.789858	1840.387266	7395.301073	5608.206279	5590.768414	3952.233934	5335.406236	10283.42887	5886.882103	9814.739695	11230.7495	6704.70102	7554.219529	4245.84655	5274.113686	10783.61264	6741.571418	3204.524802	11131.78781	6539.982882	7653.874087	6117.883435	7367.45041	7572.860997	13081.66364	9451.887121	9767.401119	4896.183859	8723.670689	8138.564375	5795.604791	8893.848268	12660.85212	10387.02592	8566.037596	9579.911227	6212.102162	8843.914273	9643.685767	7554.93925	9651.615088	5954.436821	8410.31255	13314.98442	9240.378638	15935.7583	10360.63562	14598.63517	11632.22784	14084.10836	4956.965224	12131.2269	12800.33624	8430.05919	7254.187093	10970.22688	13303.46792	9267.973042	8666.854137	10500.76656	6171.724892	9358.374021	9499.325448	6562.384109	4649.346336	8417.365566	5509.219411	5742.140067	9389.876012	14082.95496	5446.70635	18150.93811	8088.384171	9990.272245	8123.526218
PC 23:0; [M+H]+@3.39	1258.379373	899.9147299	748.9940876	347.6808901	1092.533106	471.4759329	198.6798095	419.3003648	762.2189232	41.85814435	325.1475561	359.9654363	218.4355198	364.1710147	861.1290957	272.2954856	317.1688313	2891.502138	141.8103435	75.1024539	207.7526056	4631.605491	509.3188467	5734.090067	516.3450044	3276.998809	1282.09643	5991.589989	299.4620795		3354.419678	328.618674	543.2934884	154.3328442	541.4209234	827.2730339	703.6362388	743.3541126	193.5150177	1794.006195	2916.476141	1987.117684	1583.316047	331.3184856	359.4982315	636.8491307	298.7418169	497.5583305	169.9019738	5385.869365	9638.701525	6815.458614	654.4846108	9451.472668	2796.594783	1651.901093	4069.061236	12682.6606	685.4052645	148.4212867	729.138488	378.6514653	738.387916	435.1564434	3811.186156	1612.701318	1879.991143	824.7262658	294.4217252	1255.000144	402.5544658	94.60503156	1660.454755	418.2364552	2042.010222	11784.24503	201.077756	1250.732204		824.2031598	376.4901688	18953.42091	539.1227891	782.471743	1231.810649	895.6422662	447.4712585	12646.31025	380.219849	377.7456429	1237.264918	263.7078376	6359.116515		499.3450318	318.9180477	33508.79016	8905.516824	470.176547	
PC 26:0; [M+H]+@4.54	2812.636365	10070.26798	2722.198343	771.5833383	2423.596978	715.9483959	542.4118647	837.3756965	1749.707257	829.6297311	2472.471356	1153.464886	7620.815034	11114.68933	1055.056154	1726.254979	1917.963393	2489.941247	2720.570022	1924.413451	3494.02215	4516.144847	1267.410129	3160.536467	821.3127789	1668.282774	2242.530814	2125.712812	4814.542985	996.6388676	2548.836378	945.4156141	781.6731861	360.9404377	4145.007951	2477.693091	185.2202277	1306.195982	11138.53062	2758.184137	1546.784188	1784.912829	2051.591949	201.5738863	1263.858144	2392.156542	235.9093418	299.3849364	1954.816714	2174.411945	2292.379849	3739.556306	651.617668	2285.619382	3951.700561	1022.884923	5345.663133	10717.59814	2207.850207	388.3397331	544.7550818	325.5131065	2296.935031	1690.459286	6815.65324	1346.388557	1542.138431	725.4919717	3702.877684	4480.331143	4469.850944	1764.210268	10316.83447	394.652863	7599.68209	4034.668622	854.5067472	2888.284219	2990.380863	3793.300597	952.9012403	3415.766055	622.3702014	1399.44467	1080.373994	1256.651213	1334.753317	2316.508614	1544.780731	3212.550267	1394.01193	3655.60907	1362.443373	7146.641916	599.7661777	152.7111382	6968.312667	55.17206642	167.7559795	1017.739335
PC 28:0; [M+H]+@5.24	19588.20118	74034.59949	13080.82177	6997.646364	9559.493587	8026.857442	3343.579658	5697.576408	4363.660864	3432.05155	18184.25478	5561.138069	37159.92523	32882.33308	15738.23847	12952.89877	11024.48977	11198.82802	27668.73115	7701.323475	28924.04739	14750.76241	11651.61	16956.78778	5097.485944	4696.343265	12490.14748	5234.362774	40846.6394	4878.94327	10744.05821	7744.888371	9524.003222	3008.117243	49384.93042	25057.65746	8703.526526	11311.52016	34958.06075	7106.840932	4401.196408	6255.078921	9528.052793	3638.645682	9009.031739	13062.21839	3722.366501	2230.552191	9611.84339	8519.833943	12470.5987	9029.832478	6870.204811	4334.183827	14912.59441	4258.566206	20527.01052	75198.38411	27228.70449	2000.450993	3123.326898	5782.35224	11937.04004	19265.1396	36532.85202	5326.333777	13262.68929	6752.36536	24907.72901	15604.54829	16291.15771	16570.48335	26281.63651	6667.336578	41137.36226	13741.08179	4338.237892	18709.15414	17069.48672	11924.90918	8644.325125	7710.86484	6004.597575	8292.310391	11436.17641	23362.28728	12125.33752	5596.995887	4135.561173	20608.44799	10193.40561	22154.23835	8367.525486	45127.62745	6009.23815	4104.095394	18047.94539	3686.250952	8469.899225	7051.851334
PC 28:0; [M+Na]+@5.31	1959.750441	10612.1944	3423.292272	2047.257581	2313.535064	1713.583994	926.601965	813.6601875	219.3113965	895.693043	3366.293755	2118.792524	7568.71369	3390.577025	1656.845962	3061.636162	4331.53327	1367.201833	2221.144577	2131.607263	4421.58378	2567.448713	3074.299601	1137.086014	3312.88411	1048.81329	2565.700905	1784.280471	6596.800915	2147.548818	2493.825091	174.5430041	764.336312	2181.418608	8792.345516	2513.311761	1541.356971	4610.481357	3216.259026	1021.452305	2193.396775	2004.843334	1814.299285	1331.66843	2063.331752	4699.510653		1439.634147		4169.206395	1197.705032	1729.347607	4905.24178	2678.093471	3742.088587	3424.324216	3749.615805	12217.09958	7443.66694	49.02042867		2036.901408	7758.918362	5111.372225	4155.281274	4277.324155	3804.37661	3993.861227	5762.547231	2475.598445	7830.076667	1685.717139	3422.342476	1590.087086	9914.903674	3534.290299	1777.053341	5321.739939	5147.315914	2362.343195	2372.723922	1974.227684	3963.487346	3492.86222	5128.709553	6336.572851		3963.41785	2302.716394	6314.793714	3217.079578	3154.26875		5850.114257	4231.737126	3888.81254		1672.130605	3088.934975	624.7243587
PC 28:1; [M+H]+@4.71	613.6405837	1676.077131	1199.561062	1458.129024	924.1653392	737.6344956	402.3028283	1454.964262	144.8374193	1447.254667	2397.367231	1212.654652	3263.040209	1946.304018	861.9503428	1004.331036	497.4678288	2278.514002	2667.312115	881.6474908	4703.68921	2721.263627	2612.29579	140.864069	994.7966678	608.2502793	2184.140704	3196.748676	2333.928436	3293.866789	2299.145329	1467.195024	1707.821991	797.750027	3405.70551	4329.140438	1206.024258	591.3992372	4951.164035	3417.753373	947.3765589	1296.447769	300.9611401	847.2424613	1742.244356	1439.629855	1158.232166	960.7756237	2598.623936	1639.2869	3187.656451	4364.301074	937.7152668		2713.353836	1038.24855	5714.354169	7110.328177	2089.212389		1163.240835	1552.491173	1094.310371	2767.099527	2305.263063	649.9238653	646.6503915	1004.009913	3462.673087	3223.315789	2023.999606	1520.062085	3595.914999	834.2397501	4777.341833	2285.088572	1787.724	2590.879449	4520.4875	2115.726095	1435.292898	3467.587567	341.7221406	1615.194279	818.3660815	3025.519214	3310.424834	2327.962041	1054.443806	4663.582163	1587.288331	4110.668859	1571.450751	4121.751289	163.0922685	1525.346165	2865.759711	2267.992015	895.3033762	418.0442753
PC 29:0; [M+H]+@5.63	5027.655789	8357.064324	4010.610196	4841.126261	3561.60489	3257.5929	2359.302731	2842.603226	1461.030069	2272.641597	4980.037505	3404.535015	9818.680202	4599.245747	10435.99509	2683.02429	3139.410872	4061.77293	9938.489705	2174.118872	6068.009737	4565.025542	3665.845067	8713.131591	1907.908141	3000.739012	4549.894255	5242.517991	9707.216582	3638.236445	3027.656252	1203.222617	3390.55387	1291.359721	6554.086503	4792.218225	6327.684925	3176.998883	4019.94396	4602.838849	3145.484386	3652.956502	2937.650927	2558.750226	3514.272185	3868.328378	1257.400318	1434.592317	4315.134231	2980.184046	6670.709991	8582.4354	5984.235876	6974.27703	6629.665967	3175.258493	6654.40219	24038.47479	5729.032909	3065.164521	5026.379894	3072.491493	2385.08714	9952.279266	12743.91849	5592.187525	3711.25843	1523.482907	7982.043701	5731.968037	9835.435906	3102.048136	8563.660576	2965.485529	7301.581169	9198.294385	1322.802188	8521.027817	4295.409968	7277.502925	4033.988682	3644.457438	2249.329141	3333.68174	8534.373385	5963.055851	3314.60805	4361.17661	2291.991277	8719.762841	3228.27069	8287.679387	5025.614601	16311.3687	2427.859764	978.6048733	13885.03233	960.7957735	5224.4949	1270.162384
PC 30:0; [M+H]+@5.87	221919.8977	483603.8217	214570.7442	130186.3036	186288.8535	84309.64141	95964.84117	166598.9754	70203.11724	53229.25587	271585.3203	109130.4625	309106.8227	230892.3968	255107.5925	141892.5517	246206.0033	158856.1203	323677.6865	167713.1442	314782.516	235737.0661	183143.6673	235664.4729	89696.57069	76746.76423	260512.8374	116497.327	397034.2235	69254.25432	139893.4645	123368.7364	158710.9005	81683.33485	513167.9548	254533.0452	225047.0845	153283.6912	290602.7637	75442.71784	112205.9591	66226.42148	77701.68587	80363.74437	159624.0604	208620.6184	98883.84216	57829.6214	168937.6418	86691.31667	242384.2523	154985.2779	138981.7575	84894.48947	218342.9975	112777.6048	238326.8782	362596.1577	245940.9989	76027.61326	106887.5207	89701.49088	117434.9688	282232.6199	282063.1814	123679.4338	147750.6632	117650.2229	378324.2143	139952.3747	229248.317	134114.2524	243640.3166	161620.269	268777.6143	237881.3234	107590.4876	240327.3016	122132.9218	156123.5402	179363.8604	135379.6807	176012.8162	160528.9301	214993.2374	321474.0383	174681.0686	48966.52383	83766.40292	293438.7267	167544.0017	234461.7169	136841.0191	354779.895	81076.2201	61983.50497	153504.0583	95455.00929	140679.182	130673.5994
PC 30:0; [M+Na]+@5.98	6812.821016	133.9203712	5509.740779	3598.181865	10466.85595	4768.872801	4988.384969	15027.24816	5464.985261	4131.217321	17347.5322	9318.175367	6872.421983		9385.128186	8307.828729	13491.41106	7168.684719	16549.45413	5605.68608	14793.62766	7515.407691	7441.06873	10707.77248	9750.883166	8733.996532	7500.862375	339.7109326	17416.97198	11280.63855	7967.696069		5497.29241	6622.288443	7131.723999	15146.49326	7997.145125	9842.878628	19310.63866	6147.903617	5522.35453	11915.86675	7684.965797	6334.721278	5736.777728	8186.667737	2852.363993	4652.56769	10767.91445	3170.426972	10489.9935	10418.54812	9148.001876	4672.556768	6272.688564	9666.856988	15919.63845	9118.061673	19940.6789	7060.341596	10108.97125	20873.50455	5558.48933	15018.8234		5063.613786	10286.00747	7485.170211	15881.09553	9050.533006	6535.478449	6058.864733	11331.81021	8948.860429	7710.106765	10234.13027	7224.696781	12244.5667	8066.530088	6993.047251	5578.776505	20465.74895	11166.51898	6807.641739	10899.10043	10605.79321	22443.33146	11771.44727	10931.8127	14784.91228	9788.195675	15128.43887	9058.924438	11932.87901	7852.573724	11291.99975	15296.72637	10099.831	9798.780872	6790.995692
PC 30:1; [M+H]+@5.47	14757.92755	39730.3694	14438.00551	15576.91073	13370.98333	6120.504671	6749.380286	14162.95955	6448.344155	4867.047862	48518.13158	9770.505118	30867.46055	26408.80683	34059.15912	15569.12501	12295.88544	10804.09559	28413.70628	13924.83816	39642.66745	16336.4145	20221.32129	24763.57898	6666.56583	10976.64322	21905.20508	8913.709864	50729.66345	7620.134937	16423.7943	10410.45843	15567.69945	7191.338436	104762.2917	52941.04576	16257.24164	9860.519054	30865.36848	12547.79658	10235.74951	13364.52907	15407.69855	10646.29444	17595.04842	14382.41351	8094.385311	10550.11726	16418.76784	12749.34462	22925.11184	34346.68189	18886.37848	11782.13417	24200.30284	19830.05297	40524.87578	88539.32049	45880.95374	10414.35115	11604.68555	9965.064356	17498.85043	40089.06315	46106.51833	15586.30547	15239.22027	11420.47788	57547.49063	17876.1518	34640.33708	19747.08893	31865.27416	13729.50694	56267.80092	36225.92402	11209.00426	34237.01398	29495.34051	26689.50009	23920.6627	14596.5777	13950.62799	24064.94092	28095.19395	75255.44919	16987.82606	11678.13218	11039.356	36201.15347	20680.04772	43667.82525	22432.9102	77165.38625	16001.1003	4233.928426	25545.49993	16655.67606	18207.05474	11723.56688
PC 30:1; [M+Na]+@5.47	6750.148678	14224.13947	7277.03797	6315.154709	10594.44564	8971.3048	4188.444809	3136.150019	4643.289045	6611.080284	8518.278525	9255.41704	10330.05631	4855.795406	5466.583618	6967.22287	7797.484482	6920.594193	5805.189538	7288.910371	6469.029318	6584.027547	8670.60123	5748.747282	12509.435	7739.048485	4619.289912	9526.625965	8971.875573	4981.163817	11331.20853	11430.79144	10888.2837	14186.94363	14127.20989	6223.151316	5128.778373	5435.517155	7726.28567	6648.291618	6648.552105	7370.883487	6828.074692	5960.062431	6694.378288	4051.760465	8089.639058	7564.720322	12047.79056	7361.850294	11601.75612	10152.0164	4980.852164	6861.838183	3864.771557	6564.823155	6941.861959	12230.07464	10839.67175	7313.754519	7113.415299	10847.48184	15915.60506	10655.59621	8176.653865	6217.181388	3674.397222	5164.227548	9124.434039	14184.5435	7756.821866	6819.887738	9560.828399	6080.568212	6511.227589	8266.207839	13838.99992	11062.40925	8382.27853	13506.66731	12906.62224	10486.09075	8921.134857	11628.53505	8179.337477	6979.709477	10317.09482	13607.037	10228.8961	11184.45164	9527.964488	15286.19154	8104.712627	9828.232309	11722.36038	17922.49155	15628.81736	8784.052963	5139.263313	12626.41673
PC 31:0; [M+H]+@6.22	24533.92584	24825.98687	32119.9146	35188.73269	36061.02064	17270.11846	21265.26279	26485.72931	11973.61262	12377.87455	25137.45247	19268.48125	39180.46433	20774.62909	39686.23331	30321.92896	28634.63024	31563.13282	45646.01814	27268.7898	34245.23487	34468.58033	16627.13609	36458.46211	15797.31887	13827.75108	21920.29496	18652.66324	49338.25578	15235.24915	12518.66818	17073.88329	19247.51915	12937.73653	43501.87179	32546.82706	34254.56753	21183.02344	18328.12819	21105.42193	30621.36418	25038.20229	14661.23288	14631.56034	21522.95132	47346.84194	11713.55181	17294.03154	33278.89541	22021.4262	36199.21608	25228.61836	30212.90075	29316.97845	26413.79882	25223.44208	58333.57514	54013.776	30324.07582	17896.49203	21217.27182	20799.7019	14050.45855	23360.88994	53417.35873	29404.02437	18737.12977	19255.58296	45310.00537	26904.63127	49165.88568	21657.21447	50646.23683	20858.28878	27348.35205	49989.2152	22817.58247	30039.77401	14751.20043	23144.70158	37910.93391	23239.57702	22949.91541	29306.33394	42579.30541	28192.77694	22466.39425	16587.30661	14040.67299	36756.80607	22786.23078	45615.73362	35607.22584	55221.4967	23525.88986	11720.0759	30559.66398	21254.55777	24123.03371	11247.75687
PC 31:1; [M+H]+@5.81	13673.24382	13695.33447	6031.285934	6729.493781	6229.65577	2497.528426	3783.221687	11131.12209	998.2265398	2774.101333	17984.31264	6522.809046	11316.54636	10543.81816	14178.17868	13886.69226	14843.68162	12401.21345	19210.715	4319.973682	19579.01268	10880.80886	4675.609525		5573.204598	3522.803949	10034.40204	8644.141744	20674.90967	10116.35666	9859.199927	4312.037969	10461.81041	6179.788712	20959.11084	16287.67059	8141.477005	4315.396329	4798.397585	3097.96483	6467.804251	6578.345061	4833.533347	282.0444414	6203.09363	12693.30473	6233.153815	5816.625629	10394.78194	6866.31637	17858.52613	16365.88679	10854.16828	8012.65233	9299.517424	8673.820434	22766.61161	24022.50446	13254.209	5487.47617	4612.814798	13232.7559	7207.157594	11660.53385	21288.33144	7603.542793	7926.866566	9135.904044	20682.05863	10139.21622	25050.21583	12728.426	16378.21738	8477.897777	12141.90576	11243.64679	4444.115891	13666.58709	4916.881083	8003.464274	11077.08913	11687.15145	11301.30268	9079.224557	990.4161837	12570.64397	13153.53664		7045.425001	16302.67563	6499.080833	25144.35766	10532.60747	22881.06654	7903.919414	7751.83947	17698.38695	4618.166827	4974.332361	4127.312525
PC 32:0; [M+H]+@6.56	752802.5612	1181249.826	993447.417	722234.1738	551694.6891	657759.6413	680096.7895	932998.2295	551006.9961	440446.3943	907202.7696	568784.5259	987577.4871	1166942.839	601620.2494	914007.6101	1071132.657	834166.2377	1316955.034	1339322.311	989195.825	1209321.068	790660.749	846475.91	484386.0824	373771.0514	1144762.183	914355.9961	1324983.26	511522.4371	772093.4414	855737.9246	979117.2464	531864.5138	1254257.265	877008.1842	937402.6293	767168.2777	769536.959	575241.0828	858234.0796	442157.2778	382437.925	596031.5118	810404.2359	1041433.73	668763.7107	705023.5554	963568.7223	688978.1125	1019147.147	916307.3621	764865.7714	552196.9527	629904.0466	614913.2552	680478.6351	1013245.895	566467.9368	341329.7737	476150.8669	492942.2362	443660.9738	640070.9815	858524.6044	694000.8437	757900.316	571273.4766	1301458.234	564897.5905	1161681.902	794050.5901	1064657.547	877399.9963	682556.2809	975225.8048	759348.0169	696525.5805	558447.0253	626304.2348	1091559.646	923264.7429	792872.4167	1004758.074	823205.2689	1396392.156	726167.7449	474475.5138	431082.4209	794834.6304	652387.8759	534332.5601	534497.5557	669763.3124	657917.7794	379511.9509	612293.8135	564919.0319	903809.0663	554251.2709
PC 32:0; [M+Na]+@6.62	22506.4643	21029.49248	19145.91544	23083.3529	25408.48899	21078.46659	16303.37765	16160.20635	17920.99981	18219.7026	3760.434199	26461.59929	24619.61386	15319.58416	20558.16227	24476.69448	24124.13491	23928.14551	25494.99936	28646.85124		21322.87527	20643.76174		9034.965452	19897.42408	25009.56963	22759.463	22959.42253	25996.49058	19735.6498	20913.62316	28493.69351	25700.75598	31683.49894	24592.49733	27872.46307	27805.13515	25133.94555	15778.66193	25453.95268	14262.98865	29881.31544	21036.9449	29601.58148	16718.88938	23280.42285	20259.31179	29804.42654	22850.68789	25962.84716	22682.38944		13477.15399	28793.52617			23502.78545	10722.73426	13019.601	15431.01246	20405.58315	10864.95428	23074.6403		20659.75319		26396.22324		14316.24578	26288.39478	14033.23455	18787.27199	27331.2361	11774.79975	22069.59356	16171.12819		3555.379034		24960.07647			41910.33542	20954.89285	32276.72427	20462.00896	14755.61998	20723.64184	21200.57941	14876.59659		19101.92226	20956.27785	12170.51611	20717.61191	13766.37339	26708.93365	2563.360352	10740.75872
PC 32:1; [M+Na]+@6.12	92211.38249	37281.96154	26049.68826	25535.01477	112815.2882	24520.78989	24327.61344	24207.39154	10082.65293	17563.18749	68068.20969	41527.21269	16648.20359	36860.50375	133652.3096	24625.2597	56079.37294	38286.55815	30160.50378	14434.29447	40573.85593	32110.81391	21786.02249	129905.572	16491.72912	28157.85312	32660.06454	11605.61547	38634.06343	28842.57768	38201.31773	34004.346	47928.4103	20624.15032	78051.72095	162444.6978	33071.16766	22306.82385	47362.40673	21574.49477	31127.62901	28602.97487	27757.66735	48309.31003	31634.67134	49427.85595	20028.29896	35766.27193	21367.96569	16198.76519	91312.60163	159406.974	211567.1273	121297.6973	159991.5964	248503.0764	149642.7346	186483.7845	91409.05037	49390.21413	39642.03592	82371.23489	161815.9434	176113.6073	166978.6644	70502.09991	113450.1268	77356.79801	149891.7339	75156.26904	201783.3239	119185.1427	83328.21691	68274.84217	141381.3627	128110.6319	85700.9315	166389.9874	119817.4682	270190.1653	104934.6777	90270.71862	110388.7366	115400.1153	202640.8976	146826.7171	138920.8076	45036.70993	71909.40684	135831.2493	95273.37678	128083.7925	44423.22681	261885.364	94288.52746	27187.88572	70556.40146	96535.01377	145491.7048	162861.3985
PC 32:2; [M+H]+@5.67	276144.8941	583527.428	228858.5274	148865.8008	414229.4788	136160.4162	81909.19257	150016.9134	126750.711	80741.1489	237106.0097	119363.7919	369691.5713	383893.1053	454135.4272	281165.1085	177146.3498	172379.3692	330836.8143	210580.0332	399919.03	192805.9945	249856.8554	530074.7569	133534.1546	92577.08088	331928.716	213373.2644	351864.9569	150210.6621	243140.8733	258720.3002	242337.3645	122632.8837	410981.7194	456790.479	250206.3796	127106.4765	495130.8522	259771.0882	190661.7967	126304.4918	103415.0256	261179.0933	210189.4887	290834.5252	150870.6683	138157.0861	118222.3302	213255.9031	225251.1224	538168.0062	246997.2874	411260.5304	512915.9466	532299.0103	367643.1832	1419490.039	203511.0421	98419.97778	190997.0412	200202.0261	395581.6728	477092.9842	684565.3075	234566.9534	315478.7068	268644.7648	526528.2223	216717.2104	794584.6257	372338.2952	512131.294	261016.709	720878.5049	479364.7889	232570.3331	554319.6818	331611.7217	650307.1133	543408.1601	186894.2809	230888.747	379617.189	424332.4983	338552.0715	302496.2178	148183.2424	140157.5929	432914.8566	289389.0335	337362.788	232148.4525	1109496.952	265306.7366	71876.68784	314735.5327	183329.4999	428750.9376	322237.1985
PC 32:2; [M+Na]+@5.67	21291.85606	50718.75915	20074.21916	17219.09974	24785.34968	14714.67773	7888.804424	12832.02577	13198.25981	5875.346498	22082.58407	15072.9031	35959.99154	30877.42722	20228.34438	30761.47897	13980.08092	14366.02732	25352.63537	20480.38255	28481.5515	14452.33084	20237.89156	24148.45822	10976.8186	7554.193745	25148.31655	15723.72444	26233.02718	11165.42026	15073.63548	19344.80891	19069.33766	9424.420046	23876.2554	23505.47774	16356.30848	12120.68667	38615.422	14820.76476	14847.9703	8655.329656	11162.9054	17034.05825	14664.66828	19379.03603	12654.33039	8968.07167	9074.46216	17190.90963	13605.25684	19118.64415	17732.10448	16355.04631	25139.55967	18514.2738	26034.521	39109.29111	15615.61638	5414.645454	11512.90429	17260.17147	16556.73816	24191.9122	29482.12538	14970.74056	16654.87874	22716.02831	18301.75882	10405.19958	18826.2103	21280.74307	22119.34275	19664.93159	35898.62567	22202.15051	13706.41672	23915.91755	16944.27102	22042.60119	23221.95526	9807.708548	9697.088246	26756.13237	29806.54928	15428.65921	16951.664	9066.776207	12190.82233	28658.58366	14995.01665	20304.63852	12475.59302	32842.5903	17424.43241	5323.2692	10913.12651	10169.06048	21439.10776	20926.80033
PC 32:3; [M+H]+@5.19	4880.30402	20329.93846	5293.501557	7880.811256	8135.633508	4863.575995	1186.31197		5197.359568	4595.814189	17885.78379	5107.245643	17925.1523	4222.902314	12249.61966	12887.11078	3097.62719	4513.356411		4227.629124	9867.532741	4767.492786	4885.589147	9374.850366	2949.936623	2196.826194	10968.56025	5031.70178	11204.90633	7394.412487	6330.89894	11586.36035	3199.150858	5561.562955	13644.50882	16962.33018	8668.08492		11599.27665	10209.09321	6762.378396	6698.847608	3539.775503	5597.296401	4358.808138	11189.43741	3672.769242	2794.759522	5132.241113		12746.84689	16631.34907	4900.987796	11891.18397	16746.50814	14687.67245	6605.06179	34393.2121	7967.275731	2204.048684	6053.947729		7821.68182	12416.48776	23148.07471	6692.900198	6779.456234	8233.2009	18286.70998	6607.044546	21727.79075	7295.629267	15716.39913	9971.099311	14891.05678	7331.775833	6367.32962	15359.14972	6705.949324	20566.16425	11825.29124	10048.80404	9287.725376	8177.057719	11904.71872	12024.96552		2065.883794		13582.56594	10401.72964	9946.346825	7555.730106	12825.20762	3971.21499			5253.880996	7200.572705	7768.632447
PC 33:1; [M+H]+@6.71	116655.3896	215647.2266	194989.2113	178349.7817	138728.8058	101017.5855	125239.0179	216394.8481	73396.69675	69105.21568	253419.5091	152639.594	259175.944	170212.1653	251319.0338	189398.5685	180853.6806	164463.9553	256381.1092	112161.5386	246638.9889	265476.2021	166235.065	241623.179	105499.2515	63375.39439	197889.4234	112184.3708	364527.7583	134088.7471	83457.1642	89656.36969	134166.8094	86777.26414	311137.0458	298157.3643	165864.8956	116752.8748	186681.463	128675.7387	127281.2237	107912.2694	82522.4971	92634.02915	181269.6923	192837.3907	55139.85314	98002.65536	194718.3078	127529.2635	282790.2829	230252.852	216062.5879	160590.2696	184137.9558	173186.851	348153.9505	270081.862	283921.7286	147344.0923	88222.83943	140644.5133	122900.3835	178511.9525	268561.7647	147644.0896	166846.3726	150138.2212	281521.4453	142262.7185	223764.477	180884.0468	203276.3501	223244.2807	244905.2431	304739.8881	154506.8126	186221.1913	144434.8386	165069.0126	189896.1586	172953.6278	155478.1788	190594.4621	336576.0369	283333.4979	203789.4842	109653.9965	155235.026	190275.311	166222.3518	306523.6219	236374.2978	364440.0665	159795.5113	94149.97256	153605.0946	154437.2869	133809.293	93743.55456
PC 33:2; [M+H]+@6.00	225324.3512	260359.75	203125.5212	234640.1304	366348.6305	185158.3766	117706.2088	196283.481	160705.9009	158636.6118	217498.9666	134749.8473	365456.0114	291206.108	389580.8332	301354.2842	167880.1777	161748.3586	338772.8181	266487.3183	313530.926	226882.5755	228440.7175	259659.9542	180241.417	122940.3287	295404.1348	187365.4394	213252.1969	111817.1516	172431.5004	128077.0626	211590.8509	136293.0829	177407.5312	250113.175	217001.643	141473.6768	221756.7791	148488.5061	219430.384	106498.4094	44284.39997	250772.1009	262898.1905	345853.3933	92695.05294	160847.3426	190094.0924	205419.6174	192436.9487	257129.5203	198889.2845	201986.8001	362928.7831	221871.4659	260185.5921	353660.0039	240843.7622	139979.118	239891.772	193703.6052	183850.2125	321335.1289	350428.9082	239111.1028	309375.3759	225336.9795	295184.3007	202384.4411	476087.7963	191553.189	481575.2473	377805.9238	307833.3702	184698.2672	200986.1124	302971.8783	127852.3079	270258.1328	354556.8015	127034.7347	182233.8506	335935.7967	261823.3938	153794.0211	234734.049	212926.5991	179228.838	309645.0054	233236.274	322410.6897	287564.7585	535220.6466	203017.7181	96070.30343	211593.8378	181707.0782	266271.8418	210690.1426
PC 33:3; [M+H]+@5.55	9544.875828	9754.718472	8709.216364	7143.033543	14121.86521	11700.54172	5553.098689	5706.308304	4589.096537	3463.251709	7116.375559	4654.184291	13489.3338	6382.878832	12656.22347	8425.833101	6798.235476	5151.249924	8856.223397	10192.90574	8298.620025	5463.893897	7909.618488	11351.2571	5047.35958	1521.908341	12796.36257	10130.25399	10712.29324	12072.26253	9561.093037	5251.997992	9619.210459	4615.688488	13552.11666	9153.678795	12810.66335	4395.206117	7346.700222	11069.17652	10321.33116	6220.735768	5587.83292	13533.73549	6132.539707	10986.69049	4339.13058	7761.055115	7634.215319	6484.144937	21013.99152	18713.41857	8326.464327	14068.01422	12428.03717	15855.32435	13719.58401	24981.02507	8935.343309	7874.015931	8889.741523	4875.843673	5712.713436	11699.8232	22741.88765	7061.709127	6811.289776	8849.559769	15788.73925	7413.475186	21696.65114	11236.26051	26605.89009	2417.927677	7448.112871	5436.81965	9413.349182	10919.58326	9153.626455	16792.67256	17429.4799	10646.05838	8597.509649	11642.21297	9729.295372	10736.62939	11190.54012	8653.294547	9991.163575	11146.07796	7677.77824	10618.20417	4682.130934	20170.31163	9079.692026	6583.479273	11165.28107	20167.57902	8665.821339	5359.942715
PC 33:4; [M+H]+@6.14	22263.26852	41846.0874	45468.20174	31286.33486	42009.80355	25443.53427	55489.33108	70602.23934	83372.33689	27281.58311	133472.9403	74276.67483	33144.31013	87991.6267	65665.87541	45271.47191	45450.25912	35934.31296	58349.56952	43070.46554	81746.5937	37620.84328	56668.02747	38660.93953	40854.79541	9137.580647	69696.87194	40222.17364	130552.3412	20117.86288	23951.25507	67077.57988	55843.83995	24770.44483	87582.38898	120671.9044	53835.03453	32639.57891	98694.7755	27856.19667	19906.14547	18782.00717	12948.67515	63873.03157	37941.25539	95686.34171	35857.16237	35363.13541	62597.93949	19676.20446	66142.34058	45993.86438	58808.21897	21544.23898	91164.84144	38571.88713	80064.29927	59739.89885	46679.94309	54598.54823	41521.11501	38565.9751	37633.08378	83186.33584	24145.58682	36852.63019	53247.31175	76268.91778	126340.5867	46417.15539	92430.46528	77630.794	68704.27244	48290.81054	53139.34006	42977.0802	37995.54223	78692.12445	37618.49928	63486.15136	43474.19161	57307.60192	74808.16358	42249.24406	158453.7233	143758.5804	65514.91098	28672.39493	57182.00969	98750.08982	64101.67081	69303.41699	16656.28669	65221.10741	50388.56756	62712.67888	17993.12995	40638.0571	51767.2198	52534.18983
PC 34:1; [M+H]+@4.87	5354.48089	2643.749656	5621.654711	1456.62147	6473.596003	2936.406758	1826.866655	2092.838223	4592.02954	1216.615136	3280.688166	3535.938316	5435.923448	2814.806046	22118.44044	3504.548362	4941.213776	9542.55109	5110.385933	2237.55304	1454.775168	7782.131292	3547.858131	16846.56594		4152.277382	1844.624521	5379.342156	2454.149512	11511.49738	3800.119207	2205.509381	3127.927712	3988.885966	14780.35964	4632.316629	3713.883773	4857.991692	3973.518502	12363.68527	23369.97849	13515.40295	10770.29293	8959.563909	3666.547693	6064.833639	5884.774203	11083.03724	4638.474007	12601.99389	14647.53163	32266.34551	4054.19628	23331.28274	11132.15141	9168.940524	12684.22044	18185.92087	8362.347802	8795.921756	6743.819534	1156.152691	2731.989696		49823.60218	10823.80837		5110.063208		5499.746537	13901.49866	7203.218097	33522.57189		17291.95892	9420.450632	3756.939351	6787.897083	15915.1869	8867.914996		12411.98889	6059.817161	4448.871506	9930.17397		3505.408827	13898.54554	3400.581961	6175.351531	5775.150357	2918.275812	12432.03777			3994.957182	24538.58518	11575.21366	6330.041974	12872.25325
PC 34:2; [M+H]+@4.75	11669.96059	4247.702116	8444.160983	10771.99661	23276.75245	1678.095346	9356.653826	1272.595664		5479.047819	3350.804365	732.3380448	5464.449016	12333.54076	11037.28309	10471.66619	8405.867307	8472.452191	8094.041616			21765.04944	7738.499218	25536.35289	4404.933478	11585.85157	2751.606063	9199.879289	9463.945148	16780.54127	3976.929692		5086.297568	6910.24167	18264.01157	25183.18018	7831.46907	15976.48599		26632.54371	35918.79364	21735.58157	18199.09256	17732.8431	8243.760464	7082.671862	7494.736752	25120.25961	11288.45252	9332.781747	24630.06761	76046.21593	16782.71503	56444.16086	13279.99357	22272.82891	44197.39088	47665.13116	34230.46273	14947.78659	10633.61231	5529.849917	12196.4699	10852.40262	61814.70984	16823.20902	14101.49492	11101.47141	34719.90449		16432.82193	23079.758	40934.7743	5021.449662	29986.46154	17768.60452	8540.236799	13130.24618	30396.2631		12290.45757	24422.09386	16533.929	9113.034173	14666.93882	22343.4819	6115.055556	23318.6404	21779.80187	7341.046025	14646.86514	11445.38783	34615.48824	11769.6665	24373.52114	13319.86322	18518.20088	38124.80569	16828.42889	13670.35231
PC 34:3; [M+H]+@5.78	631728.1206	1222979.052	398896.341	640535.3982	1217838.769	543272.8133	489101.4578	772163.4747	540577.739	358683.5106	1091699.488	499883.6169	824946.3838	728343.1872	1651774.095	1392845.284	617825.8528	691818.8507	1345878.558	846556.6702	1274250.379	680505.1524	853127.5301	978276.2224	527264.5223	338003.3413	1030344.649	766714.6378	807840.6364	608921.2565	845426.6112	662619.4205	915983.2852	429974.7407	1401036.359	1395068.555	958522.9505	549255.1246	816523.6986	604922.7917	741578.4348	507612.8838	237139.9336	1210491.23	799229.0254	1094354.209	579017.7454	547032.7552	534287.0521	695695.7963	740087.9384	1123938.983	908954.6877	1047057.075	1584178.361	1604117.64	1068939.034	1767456.239	1099338.329	530455.0223	544093.9979	614247.3083	842192.9733	1396829.863	1317951.483	847618.9636	1043550.362	1304678.877	1911453.834	942657.706	1997805.973	1185011.094	1140661.325	1458391.203	1665406.911	915669.9556	895891.1798	1437114.618	1056079.462	1693681.852	1303121.964	695222.4974	1532825.929	2555830.533	1041039.843	1329409.509	808852.5816	458406.6993	777825.3701	1194371.203	1116445.496	911818.0606	787560.3119	2009447.403	921584.505	392521.9084	785369.7652	736365.5788	1249765.542	710728.6289
PC 34:3; [M+H]+@4.23	13576.23628	8174.672564	20866.86559	2505.564972	11435.42751	934.5554069	3213.129717	2724.609896	3711.536031	2114.400231	4873.335558	1196.049156	8882.942089	4704.685393	17960.18764	4243.756452	4874.618846	20023.56661	3914.354354	7894.759406	1097.832318	17280.17251	1974.249302	20037.4101	1455.802038	11118.20926	4426.384617	14160.04741	4267.214091	12446.71943	9796.186869	1694.905469	2582.638597	4338.948601	21938.69815	6277.287076	5536.454638	20076.50336	3291.221732	30169.97458	46013.91274	30169.45264	23055.39963	20326.7818	4251.290205	6333.174655	4327.564233	48924.28051	16257.3348	15390.30271	19680.46875	118248.1617	2625.627826	71873.13959	8641.945381	30370.99157	83651.65589	52406.46941	16225.22425	6726.525307	19341.43387	8073.467189	5815.178485	8869.582309	132535.0234	27864.34973	8869.421157	12975.40087	15092.02251	4733.886668	22108.04749	6159.584518	60646.15386	1805.850166	24346.16529	44048.7369	1211.880249	7003.959673	45382.66448	13863.2754	7025.07732	23233.53166	4146.302214	4961.969001	13683.69422	5134.495415	6483.225066	37399.89315	5672.613918	3817.991653	12011.93659	1881.50766	28498.11341	16382.34228	4583.522239	6930.130928	33666.01897	19771.98016	6756.111725	4885.197327
PC 34:3; [M+Na]+@5.78	39263.7715	80469.36849	44210.96543	41878.28398	53029.2456	33108.30472	33059.23188	42783.54733	30953.49881	15927.62567	27770.48005	32261.48889	61418.70566	51531.12359	34622.95691	70446.28137	31650.45108	37972.69901	92007.26025	36710.00634	57635.36146	24092.0993	42305.29995	46863.06202	35965.85844	24963.77077	47312.73193	42851.87318	38612.58004	33278.66837	43034.98603	26486.67665	25834.91844	26209.45972	57920.93033	55265.79554	43015.03087	27274.53292	39934.11149	40955.62437	54533.38247	37477.81661	23031.0656	51041.38496	49215.86812	48954.29818	30790.03811	32789.94645	24789.01346	40934.54152	32628.49687	45371.563	94441.79055	48894.0665	58489.34068	58844.76302	52309.79033	40734.5493	42193.87516	23891.42852	16800.53754	17353.40559	37856.30424	72969.90946	58723.75688	33445.20617	66833.37506	40209.33407	62516.42792	41683.11719	71612.50855	66315.09701	53484.9962	51099.15215	47598.50201	46352.10585	37314.45457	69860.99668	40813.34164	129346.8022	116445.9601	41308.72808	46863.18867	79724.67183	40122.94307	38729.61055	43355.33829	19896.34776	28881.17333	23444.67452	64191.17948	48470.7587	40560.85012	50061.13173	23920.71655	30344.12959	29600.67918	34107.7408	51871.98341	32912.72272
PC 34:4; [M+H]+@5.45	77779.93828	130431.9159	95387.93155	52836.39133	99390.96774	50854.42162	37087.84095	53759.7243	38884.55493	34548.18647	79238.10967	37930.4875	90376.6005	76737.99345	119250.7047	87010.71573	85302.22686	62751.17996	111563.0331	71026.06977	82592.22162	42300.14767	82800.71861	111790.55	49698.89873	24207.54175	105948.2052	71737.665	181002.8257	59255.89786	56754.02436	79879.79971	61116.02458	32744.44031	99055.28087	177497.8052	162806.0301	45685.1238	273977.7169	133618.4881	34700.55457	50333.13284	19590.82101	59342.30952	62247.04645	78712.56048	53812.6341	25104.27017	40137.60139	77180.1928	99327.35042	155751.7628	197145.8431	113568.7473	138179.1871	218353.6933	130811.2652	158395.4822	86672.26256	37561.68474	36813.77193	71567.59344	123244.3463	151651.353	144626.1162	61759.91233	127110.267	69501.65002	126805.8963	63468.10886	167133.4579	106683.8393	72789.69847	62982.08496	127156.1845	113252.712	68673.35463	146637.3708	107328.3541	228480.6984	98979.12187	88771.36984	122166.1923	111887.522	183738.5388	135688.9418	153742.4436	44599.04507	51904.96932	123858.0691	113793.868	150578.9431	62194.39319	206741.3713	81265.35559	35835.13011	54356.06871	84688.39412	132923.4003	137379.6586
PC 34:4; [M+Na]+@5.61	5521.509756	11623.57123	4521.154299	4932.234001	7285.823471	4235.259956	3950.52277	4536.165082	5128.202152	2746.607398	7654.301428	2989.26831	8033.264932	4360.116744	8340.456097	9509.162894	7827.176793	4432.358261	12674.34291	4835.68359	7404.322232	3684.940677	6947.168152	8931.320097	5556.399947	2349.097628	8031.018472	5370.995919	12266.92434	5876.487207	4936.172781	7234.824822	6128.995673	2812.295899	7323.348941	7526.861447	15258.82805	5006.77225	18877.25273	9447.28488	4622.374283	3686.626252	1896.00726	6283.726273	5364.986704	7982.254112	7007.168014	2218.231348	4588.157434	7263.849261	3773.635207	10795.20904	10971.87836	3455.775877	8254.757705	13909.26833	3760.647112	7914.80966	7615.575536	3760.931831	3935.536046	3093.509761	11111.95825	13197.01852	6769.562731	3200.000422	5801.716555	6766.046585	7874.900129	5647.288985	11106.38596	6925.489884	5300.898229	3524.234564	6198.320342	6471.03933	9830.569062	11703.52823	5065.880658	15222.53338	6013.679545	6298.549391	8121.850473	6272.175801	10623.92853	7687.597746	6480.243103	2246.962727	3011.032783	8351.214005	9863.929195	6755.070106	3663.867903	13214.357	9823.274114	1837.256158	3311.394696	5804.583943	11839.15677	8363.945193
PC 34:5; [M+H]+@5.43	17633.82757	39413.36127	13919.12025	13241.11831	16820.69868	9206.011546	9697.514463	12054.71187	11892.35547	4832.463982	18799.0301	11607.34309	20835.13758	26788.93034	26719.02001	22369.5424	13250.37533	11124.16798	25328.01824	18313.30071	24370.17404	12130.2117	16256.1549	14252.55577	9542.774528	13014.56027	21864.89922	14648.82191	21921.18849	9720.269879	15582.20069	16208.459	16009.50567	8708.829785	22962.61282	20494.64636	15438.88652	10490.3273	30029.02432	11575.86758	13272.80355	8386.368519	7335.953001	15849.57226	15234.93404	14935.55188	7931.590919	7251.970494	9638.7873	13966.00183	12015.85023	15915.3865	14342.70239	14010.40517	20313.5314	17355.80656	12644.92857	28634.71574	10782.21355	5082.005083	6565.890042	11432.75334	17803.16677	22826.12739	23190.19047	10733.31928	14536.48621	15171.89285	14641.80329	9689.425614	16618.94341	15350.39591	17370.87428	18302.22309	35126.54408	18642.90767	9020.226191	21270.7146	13257.46043	17415.27003	18228.21705	9720.95213	6452.671888	19686.74742	20259.40013	16109.43908	13043.63245	7483.103587	11543.79297	19517.61433	13971.3347	19059.42026	7678.163501	26571.71159	21524.48227	5755.121227	8606.090845	12181.72459	16122.38911	17868.89147
PC 35:0; [M+H]+@7.42	8858.760089	13212.86472	11733.43939	14504.57844	10701.29714	5051.421624	21480.05501	26272.91151	4647.322294	12087.00913	18543.28779	5932.95809	41347.21278	17931.7192	17684.83742	30652.63462	20860.74555	20468.89139	22068.97483	19993.5768	13993.76002	19271.07774	18442.4755	18285.33147	10277.80171	11240.26079	25243.59396	11007.62022	23546.81204	19630.51094	18648.59224	8031.882525	10557.2538	9188.974443	13596.7561	20787.09406	16042.26349	10026.34343	8340.788821	12860.88922	25093.30328	8800.549321	8635.564981	15971.41065	10044.45492	17999.65734	4781.604966	6209.774156	23866.22114	9783.961049	27290.61855	25371.72656	32112.81523	24989.31515	26464.75441	9427.574573	38186.85756	16090.94498	11835.26013	12992.44174	7423.912581	7321.160872	7502.452218	9120.734869	16089.59181	22385.83053	23323.42087	19002.03699	28552.72798	23442.76591	26136.18417	24150.76951	19536.40715	17820.37783	11948.80712	14094.38155	24030.39997	11346.34713	39609.00403	15005.11688	20863.59203	31597.86632	17447.62745	11930.89203	13826.10163	9700.826854	10388.6228	9653.77266	11054.4972	14917.82339	10862.4335	20018.30345	15362.71232	42552.90699	10937.8504	14882.25411	30536.91002	37631.97001	14552.32379	19866.21984
PC 35:2; [M+H]+@6.49	705842.867	921166.2332	964818.4074	695171.3593	724718.7895	660476.1536	539587.559	634223.2625	792633.7476	542639.1283	770417.1181	505891.8643	915182.0485	920288.4934	695891.4703	1182077.245	553465.0668	656891.0806	918809.0294	862589.2137	1081111.446	1137923.539	547300.8167	805860.1042	553300.3734	463403.8192	686355.1168	745662.5503	770457.3801	649817.5984	581110.2792	450515.0787	690243.3815	504775.8447	549061.8296	930616.6445	523623.3351	365260.2781	724367.4328	552156.263	905682.8592	427573.598	226699.6827	740188.5876	802206.1488	1074275.929	339529.0771	722909.0121	689933.7053	798176.2311	708723.4711	817358.3944	633320.8465	901718.407	742590.7544	683296.0669	985222.9132	916948.0084	559084.4012	485824.4037	475649.604	539634.0652	545579.4075	572590.5646	987542.7497	669682.4338	751269.5038	761760.5494	848790.4179	861954.318	1258013.818	756183.3725	1632593.034	1261807.51	911229.9238	581412.7224	665522.3148	635295.0388	792903.7719	769443.4162	960687.5057	528258.847	682927.1881	871965.5298	1041743.578	413740.4717	767619.5978	659339.1123	597308.796	508620.3085	620894.359	763393.2872	685919.5946	1285475.507	754225.8318	358302.8123	527169.2769	582576.6188	799247.7352	509236.9051
PC 35:3; [M+H]+@6.11	89408.23258	102665.9739	73536.88876	90582.09669	120835.7275	116755.9907	104372.8753	79138.28383	57208.04256	53990.41133	80412.49207	105082.8323	144827.4843	63133.3505	147609.7133	147184.0005	61082.60004	65293.08332	117383.8844	80092.92336	74156.28894	138655.9623	120450.6265	132825.0556	75027.48279	97052.15312	96493.86552	66468.59654	115286.5055	55321.31219	114163.5171	87045.27673	75287.16435	52651.99105	117298.4848	110087.1211	98223.94761	64558.08189	58475.5925	38560.38699	93534.8049	104343.7223	36685.22227	90347.54959	109846.3962	101197.7027	37139.92698	94482.17908	95591.77703	64663.37777	141780.0295	128403.1199	108665.3282	122094.0406	164413.0198	141513.0846	111594.1963	123825.7598	146225.6933	87574.59378	101370.8865	91078.71711	138916.4536	118428.0552	174154.432	119881.2012	139150.1593	98382.34979	137506.7639	152917.4311	158929.6515	101191.7865	188407.5785	169237.5941	138272.003	116400.9131	99658.49546	142195.5543	156994.4077	141470.8064	139238.792	72435.06836	124438.2484	145834.5787	136851.642	127692.5903	109525.6435	89548.66291	126155.3028	107054.5819	98241.25867	141517.3228	123762.8584	144398.477	101924.3038	80478.71873	122544.2077	99671.81724	126443.2149	116547.5896
PC 35:4; [M+H]+@5.91	100961.3001	43043.23632	65102.30723	57234.11897	98126.76543	45470.43631	59227.12524	67976.56972	47360.48992	44561.9737	53094.37185	78193.26451	76458.53251	73109.59217	115463.4747	82783.25056	94022.54645	80668.84492	92211.69656	62589.72487	55654.37431	41817.23072	59621.67183	106095.8494	139628.916	68980.75059	94514.03657	94195.70116	84800.38141	71486.96491	103490.4361	34472.22845	41043.81358	37688.29132	71775.28429	94786.98143	99922.13701	69981.91899	126578.849	100205.7988	47107.296	55097.35916	40006.32386	42681.86095	76090.16925	89258.90516	89079.66825	27723.96911	75769.50511	74429.42194	92902.73844	77612.85508	182397.0714	66438.82431	146708.8286	178842.2451	92065.36223	91428.70638	62637.46585	74825.73847	50792.5198	70541.86043	91392.80526	83156.84645	85988.18099	65786.13662	113205.1927	65662.63492	60833.17401	88416.35922	134243.3661	50944.78416	80136.64953	52274.06262	142687.4674	59730.28925	68539.27908	83430.70491	50990.44133	167788.9469	76456.45235	52875.58688	75526.2833	81950.60123	191614.2143	71821.03898	128698.9425	42393.66321	91956.86074	95642.54711	67790.89018	122684.7385	74405.42562	97309.36457	60942.5845	68364.74581	61098.45753	99021.60232	116635.2076	112947.0386
PC 35:5; [M+H]+@5.56	12187.68585	9448.933063	22307.87216	7850.302512	11251.18494	8534.1044	7325.349279	19761.01091	7871.171254	6325.054968	9096.663794	3008.443043	24174.67233	19302.21346	14488.19113	20016.80325	8514.467431	24771.51954	17064.73145	18943.53084	6234.495367	8397.51087	5772.736629	16329.48278	7017.631376	7609.083708	20674.35947	14822.09765	13472.28005	22800.80619		5389.134249	6347.299059	8629.360701	23549.76928	13848.32742	20507.64398	16131.00507	20024.24319	17797.17231	27949.95561	27929.11783	6445.974004	15425.80294	23103.20298	16057.96398	6067.846048	24326.03914	14815.56051	23274.73695	26561.85658	51833.44854	24169.45426	37110.17826	10820.77418	33419.43145	42056.05415	23024.51582	10924.54908	10187.24185	7907.049017	1693.23884	8296.286875	12858.06387	50360.11265	18641.86217	15553.98802	13279.19435	16354.29731	22632.44572	34908.01223	4814.773078	33878.06016	3346.624067	19031.61231	19392.55741	9139.421313	12169.5794	25305.28175	23987.25505	33976.32805	35551.8516	17880.70872	9557.155435	28908.17265	10161.90237	8348.037923	3058.990233	7409.347866	8046.392986	7168.078128	6037.002301	11373.23708	29656.88528	7016.148045		14574.57865	15389.31587	13776.82994	9919.514675
PC 35:6; [M+H]+@6.10	33902.63184	49977.70637	40792.81514	37988.69345	40438.01287	41581.9728	71202.47981	60841.11263	53885.01574	41484.30523	65020.26638	64986.60751	46313.906	59050.46899	33233.36613	39581.83682	38346.57535	25326.07303	39687.73362	37023.18522	72950.54232	32919.38185	75159.08941	40351.92902	41864.47273	34401.79483	46027.16025	33045.81424	75617.33839	57781.39468	30814.73341	48452.94444	43742.46921	26312.41334	40726.66472	65029.69783	45730.85387	30446.28463	98176.86507	15841.40233	37707.35487	32164.45369	12620.20507	91927.11659	15857.47386	57572.14332	35149.10569	29446.06239	68875.07087	36148.09132	52721.42781	27097.66258	77779.04391	22158.85583	42135.07196	49064.14309	71697.29857	54128.9982	41790.57794	50655.15332	27039.94104	49543.6578	32554.22915	65443.00664	27478.36165	50470.06502	43906.31273	65630.8667	41186.63455	69236.82575	70035.4641	41561.73086	35591.53746	46506.73966	34911.8812	40086.36577	51783.94551	70415.87933	29692.02128	34924.22846	87018.83156	41623.39707	48615.56679	88484.41814	71122.05613	39671.40228	55519.21906	28137.76866	63613.27676	66251.25904	31650.1646	33966.34105	33011.56506	48829.48133	33641.51246	50409.99931	17117.80473	34024.47078	27077.6425	38315.01781
PC 36:0; [M+H]+@7.76	37556.90207	88135.16727	76853.07523	51276.15923	39097.61353	27489.6122	47407.99668	64943.81556	61758.31363	40050.30509	70247.80163	39323.42809	83984.36161	63216.55299	66110.40653	102592.1837	60898.59992	49349.75732	79745.75561	55393.77141	93230.08502	84541.62669	45720.28056	51669.32149	21586.01551	23616.78954	47446.83485	66465.84606	86200.0642	48525.56973	35516.05357	38233.67442	42527.86467	17415.61781	126161.6423	63102.99634	38253.4668	26832.56446	54241.00591	55344.49916	42645.91425	35593.36593	23197.77567	56623.70464	45223.84402	87713.17446	21994.27612	40528.50866	48184.31986	44542.54802	101846.585	77028.53687	55557.9788	61868.2563	87613.95523	61676.42684	67794.39256	61833.91479	60620.57209	19435.56326	32787.10657	33403.82206	35980.23546	48181.00188	114400.0671	47659.06223	75787.13629	66411.28665	103129.0328	43639.90608	80708.82936	79693.32087	76402.94581	90005.61744	75948.62994	62365.26774	55583.47241	45947.61265	49387.24838	46714.07355	96505.02919	88617.86046	67912.88102	100896.7117	75101.45458	67828.98411	51244.25238	21855.82713	46917.97182	60388.76276	98192.16743	56666.43455	43003.51514	78041.03265	55779.48043	39093.25165	37481.33884	55538.60699	97496.95518	55809.8766
PC 36:1; [M+H]+@7.28	853542.0169	1576599.98	1236436.182	976674.6595	896445.875	570322.0284	852942.7932	1360338.491	1058206.251	624304.9142	1870850.545	900553.4592	1855488.087	860287.0099	1448727.753	1724886.716	979899.4949	946397.3685	1536644.874	817704.3405	1815911.067	1632919.843	949035.1007	1188414.532	403129.5815	364866.1321	935420.9049	662264.9241	2267250.773	782189.0241	827203.6312	1077937.14	717325.506	414326.8553	2143104.394	1477148.547	715590.5629	635946.9935	1023887.131	899377.5726	819719.926	736847.6786	447015.6207	949703.0612	775027.457	1134933.979	445641.9604	639196.1038	1068094.126	806222.0701	1553104.49	1319029.578	1147763.442	1136953.642	1243846.558	1166112.187	1395180.48	1402001.191	1781700.33	487440.4423	650245.6597	681157.7676	1105859.511	983099.6885	1792733.954	954538.6614	1471250.403	1064844.727	1832449.079	1056654.857	1611335.47	1903207.232	1492818.823	1639112.53	1763609.819	1175542.916	1119663.405	927623.0169	1126814.823	892262.7218	1936337.565	1280139.105	1373336.84	1547375.349	1374997.565	1563484.702	1010621.198	580304.3959	1013989.491	1125488.401	1349616.841	1224009.222	846747.1953	1693182.401	1244878.164	921015.2386	765411.0495	1219079.522	1374114.887	1367622.171
PC 36:2; [M+H]+@6.78	15971102.75	20089444.83	12876807.13	11683045.9	17087253.63	10553821.34	14772526.58	15189410.81	15607444.26	11798842.05	17128165.13	12286681.58	13473846.07	13780268.36	18159784.25	21915359.13	13496083.71	11661608.26	18417751.97	17264662.99	19599332.41	15544892.5	13170796.01	13634984.87	6980423.048	7894867.937	14840980.93	14626914.24	14029536.75	12100220.64	13253584.53	11215682.82	10979869.32	6878593.427	17934434.87	20638291.32	12906854.59	9876737.548	14378299.02	12042455.92	16442826.28	8324072.131	5405074.124	22828001.37	15814727.35	20649887.18	10491227.66	14488893.91	11404636.34	14341749.32	16885142.83	21293480.44	12587892.71	16144194.91	21883805.51	17952016.47	13878996.93	14562434.57	13814772.05	4671799.548	9255394.44	8653657.453	10260850.34	10897335.16	23367264.54	15876637.45	20926738.19	16152946.12	21828520.15	12215600.9	23919513.78	18874720.27	25999998.16	27002921.06	19761231.47	13808653.07	15557762.06	14623259.12	15574793.98	14561060.06	27609392.2	18413253.74	17617122.76	22407965.5	16345356.47	15079404.25	12866556.28	9827024.126	11747540.97	15908873.97	16771458.08	11712570.78	12627199.83	16248625.05	17214869.68	10408583.48	9892055.933	14294542.04	23443817.55	18098321.16
PC 36:3; [M+H]+@5.14	22738.02987	15414.05625	59666.53264	11055.69589	32040.76597	3305.142615	14933.37897	16725.56955		9436.24182	11650.61643	4076.081536	21441.27334	8889.27982	71317.85401	11516.42916	13534.80877	45826.09343	12523.78348	16711.89746	8363.35227	32550.73499	5902.660889	46088.22251	4723.275609	28826.60449	9506.073961	29332.21294	16510.39729	39133.86791	17962.39714	6586.068039	9395.652045	15584.0117	52910.94249	35025.93476	29406.94691	56647.79494	12872.45245	62413.57435	122427.1501	67602.75014	37883.20203	36223.71426	14285.09239	30506.74051	18992.74953	51907.08454	55784.44332	49329.48993	66671.42557	340401.7032	19218.54486	117619.8479	29758.78044	84088.04961	106852.63	39939.72201	47738.55997	25667.96696	24431.41215	14183.47977	19414.70098	18424.0787	173569.5144	59133.45534	20274.71895	29297.3774	44504.05897	18833.32123	86438.70135	15298.70773	122122.9679	7330.82557	59623.2618	74108.7591	2909.802233	15200.53581	70099.62827	42948.36683	27198.01492		40070.51598	17721.54532	29820.71544		22068.45171	95462.25844	22663.95048	16243.92302	40996.90506		80278.32382	16782.06854	11365.9193		65681.4322	34846.20433	26843.98095	22965.00136
PC 36:4; [M+H]+@6.00	6806701.176	9010304.827	8003524.484	8612427.185	11723791.47	7940298.896	11409226.73	13925386.85	8115137.466	7503905.612	9807556.731	9262025.057	8422655.413	6845295.521	10796607.76	13511940.47	16121592.97	9445687.427	14121658.91	9141804.098	9112151.223	6668209.639	9204236.68	9575764.968	4814379.006	4369781.158	11936692.95	10011554.26	12657619.26	7872854.028	7220852.699	6795941.968	7911908.418	4266817.197	10419381.72	15906801.56	11527152.8	8430140.828	12796679.73	11161062.4	4903039.626	4797197.949	1495909.354	10789421.18	10265842.84	12629469.15	9432323.455	4771991.667	9911984.683	9891665.356	11135411.13	11386498.37	16990116.19	10527406.02	13594517.51	13405242.38	11011120.17	7129911.069	9909389.89	6770433.487	5166654.152	7048984.784	7924343.285	8305978.783	9702235.238	9714620.249	18238642.98	11751275.87	13573854.34	8672984.939	12130704.41	9867681.449	8989663.435	11834813.32	10795112.84	10342280.22	12708553.16	11866370.59	10324647	11994337.16	11092434.7	13144961.39	15235026.3	12203152.02	15228167.83	12803044.18	16414447.77	5125924.091	10009987.13	11082817.51	13329179.23	11838873.46	5632346.952	11345770.62	10532499.96	8429458.803	4500362.142	14043050.31	16232400.14	16988169.61
PC 36:4; [M+H]+@4.99	10506.20793	9733.407577	48709.92746	10162.85824	23267.19288	3532.236351	19306.6132	16992.43181	8691.371181	4944.589479	6030.571285	2748.771544	18524.03831	11720.85897	37642.50839	15388.21427	15972.36261	34572.81721	11389.10925	14712.11388		28249.21201	3234.820943	31790.25809	1649.75446	18116.69734	7353.477446	26013.23523	20945.81505	38875.73272	8559.817416	1334.526746	7873.525765	13878.39919	33994.9984	32392.6209	29770.63752	68938.62136	17600.02131	97206.79013	61008.80329	57579.63354	22479.11171	23923.40359	14815.95561	18059.91666	16034.62988	27840.07975	25836.98185	30855.02279	75440.57791	231088.0003	21848.2396	119635.7588	18998.54235	49920.18677	117735.1554	62777.32367	26963.70078	16680.50657	28819.6198	17055.72771		12652.51701	146427.8145	27573.88021	18652.72543	31807.43303	37125.21995	18519.32931	72853.85876	27017.68128	71909.99015	9317.48759	47967.38813	29787.17596	6783.459827	17357.09867	73791.31734	57085.14915	25180.61149	59615.44992			31604.67844	21209.9141		32405.34831	13305.63355	28517.33941			53385.83297	18472.86675	27072.92237	16612.12341	59305.73238	32810.34191	12708.7796	28425.69072
PC 36:4; [M+Na]+@5.99	173844.63	194881.2687	94262.38103	91419.59288	127956.6754	129417.2519	90659.05211	163905.3942	92098.08638	68647.43723	99726.86855	111680.708	83728.09267	89694.42665	125816.143	97289.78179	149390.5343	90405.04918	202424.3687	101368.1063	100441.2215	137047.5693	161112.9365	111151.8386	129668.6418	43941.89132	107556.2729	96440.91113	96475.8591	86761.23957	98551.43072	68339.39568	94092.11566	55544.58178	142339.7005	111011.9519	130740.4916	75251.44846	77762.81786	71757.83428	85388.82017	99992.12277	37111.24954	149873.1905	122172.6892	175531.0177	106490.6142	108670.5726	83485.57593	110261.9366	89941.29105	101493.983	183321.3159	99722.6394	107428.6686	145463.4785	83596.24323	93228.86588	102149.0991	81763.60027	86743.56158	69743.97697	66491.32006	111657.1716	123025.1479	93951.87115	114896.9717	133708.1767	147486.4278	115898.9746	256564.5855	179804.649	105174.6372	237471.0156	93274.12534	68620.34242	119254.2934	113566.3963	96264.9957	210380.929	347532.4307	91470.19141	132630.8654	175374.1004	101359.0303	84911.14689	94316.77889	64233.88943	97511.69235	103820.4827	87163.76821	89072.46633	115378.8153	125369.7986	84162.94352	88855.8751	56792.27992	124722.374	124268.1917	124066.2613
PC 36:5; [M+H]+@4.55	7191.828969	6888.008379	18333.79086	2066.687657	10854.82512	786.9780162	10185.29237	6676.583089	3465.636631	1857.158873	2651.243288	820.1652418	11637.28222	6292.499184	14898.53359	7009.003612	6766.940804	21346.89901	4434.356918	3432.609884	518.0761515	9672.394989	2355.743432	22709.93507	588.7724611	8692.92071	2146.303411	33586.36385	5001.984263	27348.46823	10966.18225	960.1510144	1564.869465	5636.843373	16457.46551	12133.81293	12215.86321	10916.26581	7472.963188	40829.9835	30840.33416	24927.38138	14815.0142	9463.570938	1180.455672	5872.115922	6409.096812	28455.69166	13301.91291	16182.98727	41073.99122	125103.3216	14047.99107	64661.67957	13285.38228	19549.02724	47841.50581	18774.91195	9341.139588	8871.018983	5536.151925	7067.694832	7661.242007	3343.43814	68285.1472	21864.28959	10662.86018	8290.79663	15000.20316	5812.359262	24522.77337	7208.221882	33167.12056		14904.32177	26237.26763	1058.289118	4068.436427	35762.96027	19516.56464	12181.1167	29159.36396	5817.207732		16403.47025	6286.360402	5428.379255	30499.1513	7858.135125	9298.672843	6764.053108	2610.619193	29440.3113	11018.7756	6656.227886	7201.997325	15934.02992	29169.69141	7477.36753	3874.29028
PC 36:5; [M+H]+@5.73	1090382.641	1113129.108	499997.03	484917.1792	555360.2339	437933.3529	423327.2039	875820.5323	346798.2929	316882.4724	716510.9824	468159.0909	1191875.741	637662.7405	687029.2981	1026283.237	594320.8671	636318.1982	1048084.463	991156.0845	525986.0839	311822.3211	672547.3946	753687.5158	500618.572	319157.3766	1863352.229	840881.1617	1387044.558	1334740.67	437389.664	609227.2908	512131.3745	200788.1085	565816.3326	689529.345	794965.1414	476345.3789	804420.4871	624741.7228	236064.9208	463624.4518	130163.2492	651828.4458	526514.0071	830019.4501	413714.4195	161446.2696	531321.9298	437499.8697	708122.7783	450640.8866	2633916.751	740190.4807	1026404.37	1045707.884	890453.4699	618681.4661	680066.3719	562206.4663	147607.7088	372380.5871	580922.6507	792499.7504	889227.4782	655771.5375	995580.4856	593349.1143	1251091.679	849378.8191	1134555.22	530349.8627	361373.3335	373849.6169	599492.3143	371594.9605	807237.57	860678.2653	724521.7584	1227350.443	2753285.601	1420982.275	1844923.164	1032479.967	1258584.999	841918.443	675981.5148	212062.693	918101.6813	648784.5348	779587.777	701595.3786	239415.1899	736989.7525	491165.1706	349844.0504	215036.9854	625201.4095	979122.9985	834048.4357
PC 36:5; [M+Na]+@5.86	62716.39641	50418.71346	31956.96232	29471.48857	22572.54209	25775.39461	30716.45706	44047.6859	22247.48409	18701.30788	38938.36367	30277.38292	40041.84413	24975.68534	26490.38839	36322.95145	33233.272	32605.62634	51024.32964	36517.87306	31186.41029	22792.54014	33426.42667	28552.48317	19747.53855	26524.43343	57984.3289	42057.81736	47340.01288	52265.93862	21924.61172	34967.41041	28175.94584	16175.24684	38000.85101	34543.58848	42085.23413	39291.63369	44685.84982	26402.3057	21012.93322	42411.42549	18579.81181	20173.54804	41303.48091	32740.33487	27906.91743	12256.89703	30382.50855	23644.32475	27979.90487	23039.43345	58578.37868	54175.39307	34332.49005	44841.1345	37539.38438	26567.96421	13786.79908	35214.59409	8380.582436	19819.21364	32370.53791	35259.71784	38849.78951	24698.73456	41444.62298	27200.52248	27618.68793	40725.68454	43739.38587	29608.53575	32822.84668	22081.93505	24848.38154	23681.18382	23848.83399	45151.73436	29605.95659	38744.59225	41798.15874	36209.11773	44792.1105	40030.25959	32328.00714	27515.59912	20479.9653	8158.076373	27665.98164	26180.98075	28463.8944	25801.02881	20968.21442	27065.7584	25325.95026	22806.33565	18112.59185	34053.09683	36740.50134	32747.07757
PC 36:6; [M+H]+@5.43	32797.6005	73761.63725	32587.612	30331.22467	17911.30254	27523.69326	26920.13144	35454.52896	27980.42471	14843.23181	45071.09086	25960.26486	50695.44041	38041.14784	29248.8417	63213.86236	15473.73662	16522.39415	45591.603	31357.36849	55453.77791	17559.43054	38304.64499	41725.75484	26882.27092	21354.54146	48065.91735	28766.57847	50501.48727	26209.22775	43367.32085	22895.51224	34516.11063	14375.40951	51415.03759	40116.84827	37969.40543	24823.9488	41363.51718	36381.93255	46364.40077	30519.84334	16753.77468	48062.97532	45840.28258	50429.03234	27925.59798	30509.30344	18684.46485	33521.08804	46743.16025	22011.7007	82113.24778	21791.30472	34026.9901	98484.87477	42469.56057	40013.47884	15703.52951	12976.1269	17434.65315	13396.46246	29795.63759	41370.24432	64419.65189	29449.62308	66940.63928	50606.99182	50543.37681	25529.71988	68874.08764	56817.99032	62125.12238	32396.22027	38872.17081	17752.95824	28741.68831	77444.34715	15245.44984	69397.48005	143643.1336	40967.57237	31252.17924	33551.02639	36569.01601	49300.16666	32301.34714	16582.04835	17508.8451	16851.29709	21583.91271	25060.49931	30687.48	81585.06619	26009.42295	14283.13223	8540.688061	33171.74281	30616.55081	31406.61261
PC 36:7; [M+H]+@5.65	4091.134959	11236.55754	4230.700685	5127.020513	7965.229109	3360.318853	3236.996691	4050.39163	4495.391164	1652.644761	7406.742931	3255.300756	5155.584265	3454.662549	8684.496841	8548.254909	7404.15776	4857.2698	12433.71489	6143.677052	5108.511645	1901.783391	5398.047575	7794.110481	3859.51134	1808.956958	6782.74226	3624.550507	12007.80098	3866.180926	4013.40034	7295.162676	6579.183045	3418.384794	7417.658643	9743.93264	13797.89612	5121.959114	15474.11622	7632.055035	3825.385005	3546.016625	1758.020372	4524.154902	4526.006593	7094.600733	5537.280969	3907.881571	3338.02036	6479.850676	6426.630398	7752.194579	12916.38683	4886.915397	6711.572369	12398.46345	5040.588543	4615.451194	5557.845406	4162.681757	4382.243216	3015.89949	8146.359552	10528.65797	5955.17461	5175.940664	8134.352306	4757.028625	6154.469259	2779.155677	11579.49482	5867.703995	8749.022461	3766.15863	5304.808753	4525.200991	6235.334745	7433.277951	7793.812531	12261.04537	4068.004692	7841.566055	6695.038611	7375.266346	10446.70468	8807.35402	6170.425056	2726.77157	3697.295155	7191.078997	5715.730612	5948.712515	3224.413671	8669.737636	7907.820023	2594.870136	4136.001667	3265.273672	7602.27299	5739.894915
PC 36:8; [M+H]+@5.17	1641.908976	4339.100115	1272.736202	1799.918745	1198.224913	978.2726362	1652.059781	1123.077481	517.91304	1079.563763	1223.701093	1716.835316	4328.540703	1599.338448	2454.828776	1634.166312	528.8246448	4175.905953	1463.128402	1983.233614	830.5762885	2604.252105	1465.848118		1954.329374	2105.74131	1942.903301	2790.401432	1196.892081	2716.555535	1586.069735	1456.832358	2289.536879	545.5063529	1385.624889	2020.405697	3311.06108	552.8833382	2712.358191	1924.849956	1354.088778		75.08994701	1239.2862	692.2700746	2435.249746	1798.703734	549.5811407	528.3228634	3320.607418	1161.704271	1044.954396	3553.98207		2719.607606	2608.004296	1466.57545	3113.684991	2157.270221	2162.383023	2027.948196	1230.336279	3670.510027	1348.721578		759.6161373	1207.354935	2411.438612	1440.284577	1827.735162	4517.99261	1576.778169	2485.373513	1975.397046	951.2261776	1369.751145	2781.828477	1771.615593	2174.041917	3395.506382	3138.438447	2520.715382	2009.779144	968.8696555	3380.615229	2360.329113	1786.894723	4192.019717	2039.754494	2452.177818	2202.512506	2698.504302	2166.026334	4400.844904	2015.885235	1672.374131	9111.7727	1299.376148	1678.347404	1748.545132
PC 37:0; [M+H]+@7.13	11038.54845	6297.576359	8878.727173	18679.13191	8608.64943	8932.998875	7250.793766	4648.176974	12085.84964	7214.436558	11002.00981	8652.174992	10857.86032	16692.24669	7418.080959	4890.388045	14376.24669	14411.91547	13634.37496	12068.44552	7961.587829	19160.16842	7582.529615	7029.065848	15923.52988	5663.100573	4861.732727	6443.22807	11567.84137	6547.742239	8263.441833	8151.117903	12120.70087	8437.756404	9437.742412	8955.071314	9947.24161	5302.712573	8013.132094	9226.645656	9388.516157	7969.99693	6209.320785	15506.77537	7482.223895	9067.737698	8463.710878	7152.723345	14040.78881	9520.524761	6864.178148	7077.364383	13735.29312	10595.55546	10778.18551	14035.77589	7381.231762	9537.577688	14090.61134	12066.01432	14036.48797	14166.23258	11319.23127	15152.84639	16207.17613	12631.26236	5892.391662	11048.93432	15472.45991	16242.82491	18140.23516	17035.33324	24020.4886	15619.23611	10234.5114	9692.902713	11844.33839	20654.2708	11685.7571	10977.94322	18751.89947	9410.000195	9728.962333	14137.93992	10571.65645	7734.254841	7103.588802	16246.07352	9605.263273	15414.87279	9277.129345	16740.23274	7829.507041	8593.096818	20027.97016	17258.66043	15711.93897	3569.469688	7077.480838	12430.85318
PC 37:1; [M+H]+@7.63	7813.562953	23464.87559	11894.17831	7064.937854	10373.50457	3843.682865	8358.932478	7975.229567	6904.403037	357.839354	10975.49281	7770.251106	15008.6283	8175.559466	20673.7442	12587.90572	9208.453155	19985.17087	14209.63247	12444.68047	13957.30284	13423.54145	8489.730205	20991.29911	6996.545442	5136.487424	18896.76175	19638.96971	27932.93283	16652.11928	8867.332163	6758.226585	9530.135457	9239.688987	10567.67964	17500.55715	7770.795336		15293.05611	7917.064172	9468.013263	8717.527085	7788.511538	20286.51426	7711.545827	21051.29185	8546.097496	4893.560659	14205.27288	13647.34062	26606.61663	10573.07746	16722.56777	25015.18374	28266.77952	17132.0363	22094.46703	21281.79079	22165.87456	10685.98026	19044.30213	12403.0318	13182.68842	21748.20444	27657.36339	11391.44546	19173.49697	12575.27162	14701.18764	16782.69226	26213.88475	31929.34534	20336.35523	25990.80851	16502.59747	20439.42167	19346.28895	13430.30989	28984.86127	18244.95159	22660.78501	15494.255	17091.56973	21087.45747	18045.85217	14742.58565	9973.02063	7435.968432	10675.38691	17328.44364	9184.38616	16847.42618	16519.81686	14575.66893	14741.21431	9158.660559	10911.08527	18659.25229	19621.92742	16124.51545
PC 37:2; [M+H]+@6.88	54791.01495	91324.56713	67494.32043	47511.59426	44551.18766	37739.87598	36075.74273	44430.80702	38869.85193	25884.38402	54525.11009	32768.14751	89916.44175	72280.62195	68427.42921	70961.21224	39567.11864	43006.69899	64370.9226	60939.42269	87101.78606	65238.16792	39637.132	69525.98949	35924.47897	23864.2067	42852.09456	41321.20327	62823.26579	38942.46678	44000.16105	42022.66084	51649.38435	35615.41549	37434.26429	53299.34739	37595.05253	25193.44196	42530.03315	38701.98285	43764.06382	20818.28173	20701.78829	73618.35557	38480.15334	52250.32969	25823.90727	25261.33957	33669.53288	46971.17098	64515.20689	74498.21721	51780.64495	46456.79987	44169.86803	55057.19266	46004.25271	56775.36872	60188.2438	15109.08361	35904.2528	46027.74465	30972.52822	40098.6217	73408.56519	43239.90956	72433.80118	34481.69395	58501.9153	58036.83373	95065.93306	55650.52318	78895.94805	73674.37684	60541.61956	48126.58386	47131.9453	50472.76068	56906.82558	59184.45244	75621.97706	42813.03768	43843.1852	51866.62001	53917.74347	38833.65241	58783.64717	36228.9034	36421.45562	41868.09117	56153.8438	50558.73964	55902.13166	57671.05846	48171.35525	31898.57453	54893.24544	47027.49885	48435.73338	29408.33243
PC 37:4; [M+H]+@5.46	1064.342526	806.6454327	5066.429817	558.762006	1840.078452	21.79633498	2342.737248	879.6311906	80.31343208	455.6563597	953.9798731	234.0606394	2003.569779		3367.093228	738.9463119	1040.547893	9223.717804	1242.047236	1088.644029	661.1796825	8352.716448	226.9737844		594.6830443	3410.129772	744.9771728	5634.691325	2275.013708	4239.494677	1922.883652	621.411124	1896.443315	1192.628762	4432.816425	949.4180569	2683.722912	1834.523599	1936.22465	7860.669225	5796.022925	5018.500409	851.1424338	2919.966744	1678.113409	2740.551531	447.9097368	2814.325198	8621.665449	6779.300212	9524.938901	7757.125626	1562.113205	29265.43938	1573.701362	2152.953209	11610.07887	6310.459029	1527.896129		641.1260376	1699.046877	907.5377972	804.175887		2529.974446	4644.78858	2123.059534		603.5920836	4299.881524	760.1913875	9623.420199	86.66468601	2216.577679	9976.079872	254.2924009	650.1803799	7517.541573	4125.986294	2095.14362	6907.340303	2491.582642	84.44223628	1906.166576	1961.026223	4756.685282	6080.025348	957.6440993	2634.377348	3611.479861	281.9998548	1844.213773	1768.351924	1626.109595	1141.313127	10670.02153	4800.521788	1287.636824	3892.732678
PC 37:5; [M+H]+@6.02	63241.95994	97207.57204	110008.6748	102503.8573	50390.68357	39272.13221	85926.66273	97597.36568	28311.54157	60982.7341	74721.55617	58991.30958	78676.67293	50322.85998	47279.5916	81042.40558	63012.32953	83269.79476	93576.69526	107748.1722	38001.63146	68076.80083	78479.62102	56358.13183	37230.16291	53499.92562	84425.55835	72223.20785	74754.16271	80059.1735	57242.41942	73509.09112	74168.95353	22048.08403	33248.47816	68691.96088	41924.66383	70876.11773	96667.39249	58734.97362	35687.42615	34251.82518	12386.5703	44529.81578	53496.12637	120717.5791	37047.5245	26809.3016	43633.82275	57802.14471	83941.22072	39540.3841	180309.8079	90073.8104	115478.8584	67790.84146	41729.53716	68385.34674	56475.07365	42778.01166	19427.25679	47315.38577	49043.90385	59119.89398	47689.00651	84015.18424	91199.93843	49976.76117	58036.85644	56415.92873	92653.03821	38304.40175	53217.32506	43670.2507	36298.90295	23090.50823	63641.19892	54130.39359	50491.55114	55977.41587	126710.1375	113161.7953	104483.5822	77347.38883	111274.6627	74295.24325	70393.00327		93645.34633	76807.32372	61842.26263	81887.48873	34884.35242	49889.53778	86478.2111	22543.52654		80676.72264	89383.04515	93895.98569
PC 37:6; [M+H]+@5.73	40853.09323	40754.0517	21109.75912	34473.19356	23306.68944	18583.06786	38849.40784	22002.20349	19975.07231	24001.44057	25074.80107	15250.26374	49391.7507	35101.54813	34575.43167	53726.37655	13629.18532	25991.4429	37925.31718	29852.26436	32519.65537	24051.85326	36780.5448	28519.73173	22127.53939	17031.84712	38030.49958	34397.54433	47854.81175	31337.39725	28578.36775	11158.76516	11815.76618	16859.14402	17749.70528	32451.54497	27084.25348	21570.30176	19246.15477	18677.62424	11516.65044	21298.63918	5699.683084	46601.58992	13156.97335	16832.66086	10505.58271	8480.269146	26984.0141	23409.0024	23496.92841	22781.21882	69988.29225	24152.48797	42142.04277	31015.69032	34165.86004	20880.23767	21944.0248	18356.809	21635.46861	24209.00126	16366.246	25939.16925	36629.47149	43727.70219	28978.21751	20320.18371	16413.28985	18270.33115	62723.18438	15755.09247	24513.76468	19687.51571	18291.67096	16935.96395	24063.18083	24394.42015		36289.42989	76063.60875	38269.65353	17929.71698	43965.09879	28806.05063	9601.017265	13856.83452	22562.35719	25482.36899	17664.5696	7264.099585	19558.40996	11067.29996	33131.02618	15987.08325	11439.97871	10124.7811	25118.95177	25860.31729	
PC 37:7; [M+H]+@5.94	2314.797976	15687.68275	23181.27946	13343.89783		15983.73472	21360.72289	21075.69049	27761.17332	3367.21296	14488.27158	14144.12304	4646.732548	19871.93151	2285.434909	36242.14922	12637.70625	6711.3161	25865.20709	14526.34207	14520.81807	8888.436075	30471.61317	6879.4831	11926.23291	5202.151303	12599.89133	19387.76716	19646.47792	11498.09222	11189.11564	28710.38523	13461.4864	20149.72408	4657.193512	6759.752281	13287.07842	13348.30441	27963.3382	9524.994574		10047.84199	4523.139652	7579.117086	8877.184818	16409.73605	17574.62729	11227.41521	24392.78422	13773.9146	5845.239542		14334.38218		4901.89369	11063.17945	8877.039621	11799.99976	7708.37859	2988.732951		5322.197175	5510.088089	3730.080652	8918.945104		6654.057341	3915.556233		6658.030837	2489.898323	5281.601072	14452.16121	7485.115564		25937.71695	4528.333045				9420.550531	9905.202415	3292.306237	7793.122122	2783.031222	2211.306293		5253.307932	9878.453207	5562.491489	2690.01966		6677.381091		2699.56352	2005.985441	3225.525195	14258.85428	13620.15339	6468.145194
PC 38:1; [M+H]+@7.87	11421.17081	28085.25365	14181.99101	9425.383827	24747.19395	6973.78647	10733.14862	13602.61494	13849.06831	4775.824932	17554.95829	16083.97446	26307.20557	13956.11155	25203.88244	18363.45268	14009.67754	13781.93905	15812.28642	17056.85053	10850.19089	15946.72513	14007.78283	96244.16872	8174.772513	6288.649767	23238.48746	23529.42579	20084.75649	15762.35773	13125.94175	11575.67752	12136.58493	13523.63489	15278.87796	31000.32359	12736.05677	14053.39936	14837.60165	18194.01101	10856.30725	9148.51033	14745.58459	31842.15219	12492.97805	17689.55267	11411.20415	12408.19008	16919.79211	19196.01764	46544.67269	34044.50349	28595.71958	24848.62405	23823.77863	34095.95556	38830.99299	44570.95924	22985.97814	9648.387085	26063.85426	23535.27823	23083.23929	30741.84937	31716.41949	20120.32936	30807.95513	36232.60314	38083.15243	33512.49746	44891.10651	52014.33451	51380.50507	31509.22221	47165.93729	30580.98125	58520.12431	23557.8929	33280.17734	18029.52649	64317.25574	47647.91226	36981.08787	35186.10459	29919.81152	43985.83029	29406.69979	23102.2291	22212.6564	19399.04171	21219.18344	26303.01581	19471.08313	24662.99292	40053.31238	25788.72312	20091.55646	27446.52517	27298.74632	29385.42344
PC 38:3; [M+H]+@5.91	8738.277039	11312.39656	19189.48086	6795.36019	17757.7556	3048.496596	12360.44389	7224.044587	5278.500572	2915.298337	13404.69708		9922.822905	5158.077639	21747.57765	5644.187042	18617.43172	21359.21039	2648.995523	6105.809905	3258.767756	21458.06171	1504.882037	20004.7109	3753.473421	14530.90081		25178.92817	8766.05838	11543.94137	14724.75937	4089.440442	7903.224041	9154.816638	36230.13451	7287.863618	24736.25403	21756.87288		44131.26875	17297.85583	8390.012277	14966.91991	7966.915058		7028.028663	8888.873892	29895.5164	18514.68742	14180.15368	29745.82237	95322.35567	8049.769274	76741.82197	4315.889376	40123.32214	56269.10113	23081.70073	14975.17659	10155.59667	18322.53137	6119.805512	11705.55382	4721.23163	100230.8444	31440.45357	8800.29191	8179.204014	19569.1545	10809.58931	15472.46257		22792.68341	2484.518162	24714.96853	26734.65285	2116.957012	6280.168491	34802.46817	21713.73771		27202.26739	14338.55951	9947.942274	10843.91355	14327.98612	6139.464782	31904.43084	8195.404115	8628.274553	8995.168887	4536.072306	46611.49363	26107.07249	8712.477463	23535.03612	33333.60797	10104.50637	15747.26184	5791.714273
PC 38:3; [M+H]+@7.11	923844.4717	2611775.176	2201606.565	1266050.795	1133993.366	1250910.794	1762650.803	2461554.332	701144.5204	868736.7152	2693298.98	2044598.402	1524763.396	1307411.875	2288917.388	2804969.249	1217999.457	1262749.588	2083564.653	1556501.876	1555557.603	1630677.115	1989022.533	1696398.334	842053.4131	524502.5184	2473112.243	1804613.712	2671472.127	1149058.218	1684421.05	2314374.471	1514813.705	665143.0399	1361722.051	1756247.31	1796191.861	1186992.065	1118575.317	1416332.851	705488.9703	1442562.31	373068.6916	1168364.506	1367162.335	2179021.815	873133.5286	487250.2904	1061749.337	1423979.101	1049612.37	1837598.054	1744587.023	994025.5041	1362418.364	2231205.701	1282972.585	1209482.312	1204461.026	512076.3603	701779.4516	977632.146	1125988.692	1748454.48	1037346.198	697796.6894	966097.6356	417655.6229	1427278.586	1247655.715	1600407.522	1974115.303	895896.8932	1858187.111	2006780.151	1378830.492	1008203.342	1075417.532	1585604.945	1728377.767	1576657.549	1846479.581	1364636.13	2055368.072	1807652.253	2992578.019	1117597.045	558229.6351	1220286.397	1431337.308	1410075.113	1509559.612	1065689.408	872221.6532	1257200.275	749983.2832	759914.1141	1101597.262	1964899.638	2045544.097
PC 38:4; [M+H]+@5.15	17438.88468	9743.626223	31300.2693	10204.30562	35805.83245	2346.889718	20156.33449	11969.61882	7011.544852	8766.926034	10716.66923		19548.44885	15167.56185	65658.76001	16235.51964	25184.57497	33543.99618	11837.93996	10458.19906	4283.652275	40907.82498	4272.765959	54004.38836	6144.726198	26359.88151	13516.63379	47444.78347	31314.59179	31956.34255	33868.46823	4147.53648	10539.1935	9984.341139	100437.0927	16308.48354	33697.61222	58885.65337	9246.65394	91320.78437	112706.499	70959.64446	30143.58216	23293.73641	11989.00184	16217.55842	17014.55691	38644.12683	43940.98871	55889.25231	96481.98073	312789.5538		117936.8386	11243.5723	98775.09638	124682.1741	89674.85135	34168.42967	18998.81174	40988.79029	25326.4995	22344.65144	26979.36549	205173.5496	75662.32788	32970.59429	28596.63181	22294.06408	19738.18927	83798.88795	31760.02813	45778.9423	3223.53048	39791.77577	85450.82932	1671.746184	22055.38285	71233.76704	52580.04856	36669.8584	71213.86441	24442.38297	22278.33467	33394.63683	28255.67491	16730.80005	32875.15599	12269.28132	19839.54135	45325.84172	2474.433348	45614.18214	16750.91162	22543.9833	33356.44144	74530.9423	24110.19203	29025.237	18039.53201
PC 38:5; [M+H]+@5.28	7343.786279	13437.62855	28156.17012		8716.164265	4014.764821	16700.26226	12785.15419		5696.011633	5879.725166	2224.451773	22082.49452	8539.569279	27180.937	7609.060309	8074.574492	43456.74034	10747.59287		4305.499537	25587.96988	3350.064909	39971.31518	2227.456987	20820.27405	5364.430537	34879.42878	7043.507721	41309.61146	8722.45866	1558.227071	6656.886686	10038.46468	31255.54888	18842.99371	15243.32386	35907.12727	5805.675847	63167.11504	55079.27738	40581.74937	16186.51509	16259.99012	7888.584456	12667.82617	5705.908607	31619.85571	43066.2396	28283.6078	57185.69965		18970.88973	61907.57779		52899.78233	70461.0086	38333.04612	28327.35913	12426.24541	17420.6336		10608.16997	13367.09324	70068.62842	43718.81845	22730.47418	16128.57003	18659.00918	10248.79143	59656.55816	16393.4652	54053.51574	5656.064423	22320.23297	42201.04386	1883.29457	11048.57734	48543.34299	35111.52817	28509.47324	71957.38217		8202.032125	15046.51342	8232.901772	14899.46652	30860.51522	7325.947768	7288.337483	20131.30686	1111.369303	48112.16491	13979.65693	9769.616693	17117.95011	53779.82462	35512.62733	9896.928899	7077.541015
PC 38:6; [M+H]+@5.98	3324000.998	5863469.422	2124586.184	2535672.471	3026901.922	1725905.694	4375779.914	4556076.432	2380815.953	2949317.436	2502670.259	2291262.436	4370572.364	3335267.543	3394431.017	4317277.646	2827537.256	1669178.076	5679264.662	4180635.124	3654870.458	3068921.911	4356738.477	5145881.339	2318251.696	1404492.537	4641765.934	2954329.232	3017818.911	2899352.186	1557344.107	2144679.469	1988914.796	900507.6663	2011965.044	4614149.557	3660737.436	2525334	2710080.023	1265049.071	1297469.471	1378653.782	713032.2444	5783335.548	2663662.832	2841316.387	2029679.453	1178834.981	3781741.174	2570502.72	4841901.593	2504728.029	11334928.42	1455200.614	4412397.996	4339922.492	3844439.301	2296978.475	2330694.319	1929963.113	1890646.187	2107457.069	2948878.915	3704156.08	2403151.917	6783310.092	6069944.516	3016271.999	4998648.292	3700297.749	10180768.89	3478188.929	3433423.992	3842720.465	2163271.76	2549048.659	7510168.893	5616246.994	2269569.569	4982727.576	11153044.76	6592986.169	5516324.906	8391733.437	5692534.49	2528088.18	3189005.346	1046321.659	5734882.437	2580833.604	3249095.154	3129232.916	1773246.644	4828434.498	3409017.661	2395172.758	931480.5528	2076144.819	6204418.734	4041521.559
PC 38:6; [M+Na]+@6.17	102970.3443	105597.454	62612.76518	86130.63886	62238.74594	64176.86384	104676.9552	102726.279	91603.44999	106619.1721	85258.11032	79190.61961	80113.34893	66962.3041	52489.63547	99355.99899	88572.38741	69676.90063	80213.71685	88214.32605	78603.76943	61940.30821	89967.09995	62756.01678	55202.04164	82183.38121	100598.0594	73715.63822	52987.90625	76572.26435	62798.06164	50215.11394	74611.36264	45356.03454	42912.06171	58524.02411	88843.06099	84117.75602	79992.12852	55297.65224	65588.7668	73232.07586	57993.31638	88613.45714	97964.53862	104507.3835	76521.76651	76519.31713	71472.16173	79803.30329	78425.68582	50301.79992	82654.8332	42145.21681	72744.79484	71721.71187	58996.92122	30513.48284	39644.65837	54948.56847	39836.18603	54679.19237	44199.48072	55630.71342	45588.43711	82471.03267	75331.48473	59207.01288	60454.75034	51675.46822	50020.33337	45618.87367	75981.38734	65988.50568	39441.56652	36970.1766	76527.93067	70986.06806	49861.83354	61229.55124	86018.76966	61436.14454	68671.89651	69413.5222	50843.19793	22537.35147	55646.92597	27973.30337	57490.59964	51660.48745	62372.59501	56681.658	35872.10741	46989.15529	65656.00853	58626.11385	26344.81926	60275.52428	66020.66094	68012.3902
PC 38:7; [M+H]+@5.52	153127.4252	192428.8785	133665.6144	132238.9779	61309.37321			156029.7906			2089.373675	366.502936	244044.5414	128919.3944	71835.44571	181606.7284			201416.165	171415.1879	158065.1576	137931.2443	91045.7596	95871.71598	107581.198		186112.776	160722.9127	154879.4461	81218.25735		107743.3367	120643.9583	72376.35427	145319.217	78222.09573	164947.3994		123789.7742	62389.90918	124210.3387			4660.836151	2446.612349	165181.7413	129475.7519		107516.7154		140472.5584	139276.5227	232908.7339	63150.0451	99431.29628	141441.2778	104623.3932	169919.8726	55506.24473		29843.51218	52999.09769	51459.32526	172340.655	118188.8023	166514.7754	88132.39287	54841.58874	137387.2081	100382.5592	313834.1372	144613.1097	85215.74431	875.6839467	66260.82248	52499.58791	107464.9581	102435.5284	70316.85959	267961.0703	343235.6587	155288.1139	110638.845	157446.1396	88604.04027	59194.22355	41525.15036	17237.4064	157094.6196	48326.31004		56813.59147		122653.449	65773.245	32549.57298		39006.60044	106286.2065	5024.890105
PC 38:7; [M+H]+@4.43	5647.206779	3137.865309	9775.780791	30.99909094	1806.248563	92.5430046	2939.010847	2417.108198	1943.694959	310.1414291	875.3226109	750.5331792	5286.118931	3258.005194	5172.89689	781.2178592	2251.259959	14441.75471	1133.753365	735.5430256	206.4987887	12844.20376	1399.811788	22642.2903	490.4374826	7733.048544	2243.037617	15220.37403	1847.249335	9320.720594	6306.822728	845.375058	1148.219117	1009.33524	6387.471849	5061.301842	3603.451612	3820.954845	888.9771163	14024.96821	9268.920081	13082.83147	12026.44961	4422.265238	506.3561155	1105.005812	2944.843872	14809.32981	7280.147949		18282.94907	39045.63462	5776.612397	25356.82259	8583.559019	11130.66799	29488.60179	22553.893	1835.640124	2238.998264	2310.098994	1913.989951	3305.736215	2291.521594	45158.46104	13293.57062	6691.606375	5624.969944	1323.885611	3229.203815	15095.69121	4785.427245		160.6764513	8598.33951	15387.16481	274.3429436	1910.181778	8673.511358	1653.998962	3375.733621	16386.83395	1401.666347	4720.383974	3804.45336	4568.984099	2827.873291	18733.53187	1539.600702	1631.740127	2992.047696	161.8253818	16247.36727	1521.810623	756.8817158	5317.228762	38420.94684	8690.059808	1721.336449	575.4964131
PC 38:9; [M+H]+@5.46	5453.896749	5765.114009	1885.043406	2562.164249	1985.180059	1731.08608	1946.236447	2645.42692	1346.052696	1445.427062	4616.495036	2685.658722	5467.623633	3672.931064	3348.092517	3740.784381	1757.408753	1480.504555	5777.998046	2654.095019	3714.35511	3337.950977	2834.632791	8679.476133	3053.375234	107.0646892	2344.898959	3693.757474	6742.128623	5422.320297	3095.032968	4256.449433	2838.328357	2719.257369	3803.782987	3965.330606	4081.134816	2887.563288	5186.238945	3965.829913	2106.407037	2299.442358	3016.223812	4702.809399	4214.687317	2158.928349	1536.483453	2867.756386	2188.342855	5825.170267	7087.763825	288.6023277	7245.373711	5011.181441	5180.959455	9763.366402	3218.429709	9986.490442	2223.431737	2249.18674	1969.765008	2258.721426	5192.922878	6210.873346	7384.171483	3941.81062	4523.846	4271.388364	6145.498002	4435.430875	9365.087178	3001.246094	3520.775287	1358.030572	3179.367619	2251.162671	3419.757991	5968.743691	6455.70918	9646.324079	11981.455		5538.985644	4434.782848	3350.35734	1619.031974	4752.229099	5622.968425	1434.311434	2864.825016	2796.350068	4169.380694	8626.763459	4455.342283	5956.667931	3102.218131	13928.9801	1449.282239	6286.157973	4579.076712
PC 39:1; [M+H]+@7.35	7363.637169	12520.49175	10647.42866	10057.00732	7953.637795	8228.689863	6464.506054	9563.055643	5856.368683	7483.428697	6500.074931	7507.952088	9329.542896	9497.849018	18406.34877	11407.65393	6214.4737	3647.527995	7651.242197	12570.94264	7254.586224	5656.007698	9259.031585	4978.344736	5424.531884	1251.667644	9206.643078	19847.43378	5700.543253	5072.458708	1707.522553	9688.881909	13534.73183	9082.29533	7626.502144	3930.229314	7568.225763	3686.057369	3908.660477	4136.769678	6179.71768	5044.401713	5238.95325	9780.80309	6492.363194	12360.21762	6323.595977	1853.317712	8461.063067	20599.34041	9098.525307	5321.594004	14423.73941		5129.959182	11335.68158	13233.87979	12379.77466	17756.29339	9607.381794	10844.83648	13345.83422	8254.359733	21209.10078	7154.159973	19261.62265	25138.81626	9604.309639	10029.93381	21884.62961	11312.19232	16426.30386	25912.19487	15454.48187	21854.26954	9411.431094	15376.71348	18197.71288	13133.53704	26419.00113	11066.46742	12544.64708	10359.67842	329.7670002	16717.37231		4618.333474	6983.389073	14669.27911	14448.58073	10570.01716	17710.36173	12268.32519	12055.04386	19167.08715	11626.54416	12812.92526	10208.05298	13981.77376	14385.99333
PC 39:3; [M+H]+@6.71	11434.78457	12342.30431	16067.27428	18982.17391	18885.15245	26004.8604	19662.01637	10437.82913	11253.67663	18878.36467	15613.89928	9691.820498	12129.52463	15873.9397	10313.52337	7495.384215	24119.15835	16186.99711	20180.9153	24093.40206	12723.66014	20030.89137	13441.26495	11906.25918	23674.30243	6236.333312	10530.61369	27535.14034	20399.24385	14187.98835	18264.78767	14876.19277	24548.05291	18056.88774	10246.0694	6090.239803	15592.94476	12841.83675	14250.94883	19112.37267	12851.66745	13118.30427	6579.754472	12801.9919	13727.80864	17273.52543	17991.98247	4388.74778	6103.685084	13794.34966	20308.10509	10645.29884	23631.89177	8073.236745	13138.80545	7887.232531	9540.321656	14357.05423	12435.57651	19903.18935	13441.51252	13713.43885	8969.569765	13138.72608	25900.68927	15965.70861	18134.43969	12286.00162	11938.31999	17603.36233	12013.37829	24590.43793	12008.66733	7158.844276	18471.53312	8542.104704	21177.63164	13707.79332	15748.05186	34455.86766	3993.706604	14177.64093	16485.5809	6361.436877	5417.349867	7638.12373	16478.99917	19327.84366	17983.30542	11148.10744	11589.71503	10312.73535	8833.080121	9231.281815	18455.06456	19588.93386	16991.02984	27738.41835	11097.17595	15680.58799
PC 39:4; [M+H]+@6.68	11857.98646	28542.355	36401.2589	26728.33888	10427.50735	19375.49939	35544.01851	29807.24457	23575.19306	20230.86591	29870.22214	26623.24467	31018.05101	31904.4785	10014.42724	37107.18404	26795.17452	30645.61973	38240.47314	24745.41039	28785.92486	26950.72277	21232.28214	37650.63675	17277.04584	10099.27839	39658.54828	27677.92602	35396.71568	21465.04838	10293.20366	21674.61202	27511.64928	14898.64644	29892.25886	27383.82477	24980.49637	20485.75981	32760.07269	26664.35348	16260.67006	16949.83525	12061.57836	33440.51995	29171.37145	37537.84703	17330.53485	9375.390142	20266.18286	35401.64751	57104.87825	5245.649079	24777.96368	38367.83738	27920.96501	3599.010971	30885.80691	10976.9849	13497.33566	14410.11587	26023.29463	33478.03965	16067.20709	8718.857454	12943.77559	22620.37561	17748.83949	20112.2333	30356.18282	25999.45653	14373.36861	10165.6516	25835.95078	10738.23607	27706.71702	14809.83607	26944.4024	17685.12742	17529.5997	14423.38249	10208.22164	17865.80801	17328.8572	7642.991321	15463.98403	7414.046912	33481.78037	11658.79042	15688.55996	20966.11647	13153.91464	34695.95539	2805.239312	11405.43415	27549.64503	8887.245406	7542.00122	14752.97526	39450.49149	13820.75118
PC 39:5; [M+H]+@6.36	30495.09808	39844.9206	63844.53877	39025.11904	27229.91871	38746.93894	52466.30476	64168.20748	29419.74259	18438.61466	35469.62819	43515.00011	54872.98218	37558.9041	41629.50222	65169.16575	57659.92255	31808.5775	67896.22505	41863.83834	47849.08978	25882.5021	43992.43293	55435.35516	33461.75313	24664.35355	83928.29481	62629.27242	57482.63342	45721.83044	13979.40153	28681.40291	35454.18423	25065.47041	26350.86503	47050.42574	55032.56535	32231.53499	49411.30506	46219.49289	26433.89146	25373.32403	14835.45626	56160.89517	51751.94493	46055.48245	15165.29807	21478.00312	30829.58111	55257.36459	55846.75241	28419.68111	95281.41818	33760.46793	49104.8141	41885.89692	20059.62301	31825.01631	25139.22388	52158.94659	13920.30834	37985.05298	32118.9549	56722.40505	28649.19836	39147.045	43150.98774	48313.59464	37340.30969	56786.21155	51021.87579	36075.3117	31479.83523	40576.54043	40495.71815	20375.12683	50472.07864	30735.60237	30952.17384	36241.71523	69875.74734	35824.64124	48629.58413	32736.34726	67179.76879	38729.82818	46415.7094	15222.13046	34669.46432	30562.37105	40807.66337	58960.93965	35738.41427	18319.16691	42741.97826	24696.11243	19869.04236	37355.93989	46301.57029	55277.62659
PC 39:7; [M+H]+@5.97	16244.54697	14608.56315	10229.4006	7891.458207	10081.14976	1.883889917	13806.8928	12935.56191	7841.617245	2048.53995	7157.44917	4302.429427	14146.04731	8359.489062	5152.678961	27740.79852	6324.090516		7748.837236	10452.10926	10556.7224	7867.314366	6919.651624	14906.8477	625.1574149	3052.548087	11133.49874	4813.598483	7652.912604	8296.940837	9190.148559	3302.646282	15312.47665	3999.511756	14511.59556	7979.783384	10615.79225	6549.486532		4234.322301	5574.410931		2927.56859	10735.19355	584.7409519	14524.78443	4768.711358	11360.74956	19706.72681	7094.32044	12287.62782	4020.183787	23465.44269	6862.531748	11414.5079	7955.283853	9670.222194	8059.63076	4415.503512	4210.435818	13895.41539	4316.121707	6253.059191	5816.282808	11237.55341	12204.11632	13259.40307	8492.053011	6909.998213	12308.84984	11984.3214	8806.942748	4760.040496	16233.91264	2656.865035	3186.149407	19292.07535	25745.78652		18828.53209	25334.91748	25318.61449		17183.16312		8044.785859	4401.59246	3925.223504	13735.7741	8667.363222	18166.1485	6314.389552		10894.10086	4622.343583	6902.479263	5744.647374	5387.886751	11439.99659	8922.819959
PC 40:0; [M+H]+@7.31	3585.626657	5161.759929	3850.74082	4425.585331	6261.865412	2236.77237	4668.312726	3646.076719	3112.878212	4604.786034	3893.617822	7116.592165		4428.435272	4521.850047	6943.024667	2626.397187	3961.116607	4416.313397	3090.682194	3237.013766	2741.038314	6050.453437	6356.104534	1242.435544	1615.354919	3719.413235	7272.444555	3611.153987	5442.787004	6910.868421	2424.835201	3766.258001	1978.092902	15452.96022	8155.719605	3374.057487	4050.470526	2768.217289	2517.88719	4327.596635	3851.479453	1284.235674	4736.144972	5742.342592	6111.54133	4671.597347	5465.984054	3323.218608	4137.558512	591.6980765	2660.646298	3434.72001	613.1023936	8223.326022	4725.533544	5412.262283	11051.21623	6107.841074	6614.499696	2561.384928	1787.122292	4567.765151	3953.9589	9989.818979	9645.002859	12434.02195	4550.984516	6537.96929	3229.622428	3486.292796	4052.594481	7241.542169	6536.805325	8212.248799	6548.365218	8440.951202	6815.39558	3422.493121	3902.048612	4195.07363	1912.960423	6476.474796	4011.370446	3052.720498	4239.974723	2970.258245	1587.767777	4682.433107	7951.23494	13950.87515	3630.81454	4334.03958	8439.937226	8723.719304	10277.48557		9510.899336	9140.680714	10284.65114
PC 40:1; [M+H]+@8.39	3794.551826	11349.29262	4686.513873	3090.337526	5243.939078	2093.267863	1501.589432	4759.184125	3450.029747	2553.676348	3378.453011	1013.051562	7947.748326	7108.723537	5245.059636	4661.87721	1987.857661	6500.890076	5624.60411	4459.22519	2241.897843		1270.265096	7162.624867	5012.870625	3076.82353	8079.552445	12254.1896	5924.953582	6662.17269	13639.28214	6117.042976	3472.300528	6098.222438	4267.821556	6887.136004	6660.065516	4060.429329	7688.641904	6646.745249	4872.204616	2644.720362		5755.680118	6847.954312	7098.151054	3197.553359	3594.676051	3746.132561	7716.742349	9840.963709	14117.53936	5691.520109		6789.836359	16648.49745	11244.39417		7306.394488	3726.057885	5104.218235	4218.649983	6438.102684	4311.476449	11787.26049	6789.266633			6696.141484	6141.875677	13014.43156	11563.38299	9739.276261	13492.24541	10069.02272	12420.2953	22566.32944	5858.966348	14212.32457		22163.0512	12584.43109	8510.502765	8896.639686	10896.90007	4633.026563	10814.9588	10997.37197	6054.617235	6277.440182	5515.924827	3578.215924	5714.325096	12902.93217	6712.584522	3602.378423	10085.0149	12658.04232	11310.03785	4396.807681
PC 40:10; [M+H]+@5.55	5744.725612	7496.348029	8427.265263	4367.322762	3774.604486	2124.140297	5420.836902	10911.90563	7275.284941	2127.491844	3892.103889	2529.22091	14750.66449	5703.022867	5230.400396	7426.119832	4587.860796	4713.666113	10635.04473	5487.096984	5678.741982	7504.201703	5107.146431	6018.954077	3358.311917	2151.696456	7763.073218	8000.922224	7908.885749	4854.382939	5182.068399	5665.746287	3607.896052	3999.83585	7396.235638	5960.315529	10646.76317	7222.458046	6278.273836	16437.12261	5254.406985	6496.757254	2083.680019	6887.221433	5408.975432	5235.159841	3060.307181	2170.148416	3585.742741	4824.647956	3651.24926	2175.143109	11073.85462	11262.59795	7451.837377	12762.1056	6443.814781	4905.20408	2716.712542	2627.024258	3784.716036	1977.996359	5307.307972	4424.898378	11012.34676	13184.20407	8718.143772	5217.780303	6628.538421	8162.866153	11625.70097	5217.985617	6248.018952	4494.233595	7568.096628	6232.088914	5880.237158	7243.171175	7503.85652	10157.60718	16674.87276	9530.836678	5823.057445	7894.122258	11193.68647	10091.64945	3316.957971	3208.050395	5908.609186	6093.837087	2713.607117	4165.648362	1889.728856	4377.234124	2196.641452	4571.222191	7845.343286	2823.216399	5936.635303	6597.831073
PC 40:2; [M+H]+@8.01	4153.771161	13972.30898	4850.44025	5007.630553	10186.99429	4646.832285	6007.563163	7429.315673	4534.8313	3965.493709	4183.768556	4091.021746	9353.557597	6654.084494	14692.71775	4647.177463	3767.704972	6165.521688	6758.619975	6828.523025	3551.566351	6453.26112	5762.869916	33816.62042	4830.850783	4186.231331	6375.019817	11529.91621	8999.057321	7339.319233	9911.664047	4213.369749	8266.740359	7593.364805	6434.659947	11986.78284	5208.492106	3234.823914	6110.622555	9522.910277	8256.047014	3238.584424	4274.359471	15376.54571	7187.66262	10166.91588	6702.810188	4074.708836	4176.9409	16780.82779	19343.51271	6084.183334	12740.45567	20291.96166	21956.6245	28860.42514	11737.22394	13324.2127	14231.99383	5425.385853	9183.392842	3253.539939	16925.49784	15839.37458	10223.84435	12008.38883	14327.73086	9177.962804	16456.79604	11383.00532	17006.54272	14925.6534	16084.06748	14420.23143	17052.31262	9320.087733	17481.49439	8735.389138	18274.78955	12962.69949	47554.91816	11279.3724	18361.72423	16493.9189	9625.857637	8238.731093	6601.01996	12538.04131	9794.781317	14420.34316	17935.3106	9363.402868	11373.88251	10190.25595	16692.63838	10026.95385	12121.30827	26252.50392	16451.96063	11693.18483
PC 40:3; [M+H]+@7.58	7408.88385	9553.141946	7979.5928	13646.00797	9818.159857	11026.4867	18876.58396	15879.14784	5839.818264	4368.050512	16030.5845	7096.635022	29452.32658	14984.50328	21662.35156	11461.67963	9293.191375	5907.24505	10162.13798	24814.81964	19856.66341	9373.663672	8511.697407	20687.15816	8514.273955	4630.769672	14576.66332	13120.68059	12625.90431	12236.72518	4180.136415	9590.765392	11690.30593	8093.073891	21114.12717	28823.83706	12975.69142	6671.554887	14291.67437	18154.8395	8117.73005	12970.01769	4452.824866	15870.2303	15281.53032	13846.04707	10013.96743	6955.434544	12236.09606	10001.37432	23936.51607	11292.37773	15331.88005	14401.10172	20446.64914	25902.14291	7788.991326	8819.111908	19121.63002	12057.19281	14865.98665	9344.428208	14292.63032	11182.62616	18603.03282	13314.17129	25018.74335	13423.01672	14657.04774	9695.516967	20542.71973	14646.22274	13238.18755	30847.02983	20347.24718	9348.265136	19994.03774	16098.44122	17013.39978	9393.250619	28626.40573	22438.43805	20863.46277	16009.30215	13377.59548	23197.33329	13775.85462	9648.361094	19159.01465	11434.76003	22226.9142	18770.60769	10228.96586	13059.70165	10392.85898	11331.90469	9501.15719	37242.54465	14749.69535	19091.21921
PC 40:4; [M+H]+@7.31	65035.96347	118149.6843	104836.5635	58301.75414	105297.2974	99907.40407	131846.5223	135171.5022	79622.01297	59621.26992	161810.4143	137242.9598	114227.2485	90948.46307	102831.1377	143979.3564	121914.1201	74438.60577	164024.3542	81456.45019	114908.4452	134492.9342	109172.4043	84875.48556	65520.58762	31163.97688	140781.1003	95511.24882	173358.0427	57068.11176	58914.53275	118566.4558	107641.2118	45993.26424	117414.8193	121747.3069	105151.5066	80690.86246	121089.1695	110633.5402	58334.28762	87521.14909	16912.79366	68425.5295	104176.7849	125108.2663	85240.67333	53664.24244	56543.13021	117149.9933	88624.26745	71615.45587	95449.65161	49329.12593	151092.1344	146787.6798	52274.10262	57816.30111	62809.21007	42717.49947	51070.49639	90425.91842	66647.48638	137329.5145	70232.68894	53945.90687	125758.9248	84285.47512	101323.6705	57104.11515	126416.2012	119274.5258	117854.8867	129217.567	140088.8724	103130.0721	93973.86742	84430.08065	67030.38036	111436.2765	58935.2903	120270.6347	154769.8207	144752.3293	117525.3042	256783.0698	105957.7008	38276.9785	61730.72786	85085.97922	102668.5373	90057.70918	45394.59763	90290.709	86049.61831	73323.54803	41223.84235	121864.1754	136225.5686	131315.7146
PC 40:4; [M+Na]+@7.32	2006.747521		4378.486207	1657.83305	6694.097417	3344.556931	3192.396341	6390.750671	5280.97578	2296.666973	4981.810292	4126.8169			16615.49847	2231.363964	3429.289109	6661.76286	4713.828576	2811.572778	8324.54524	9243.555766		6726.108415	2110.592707		7712.039355	21544.11053	15556.63702	4062.676996	1447.340025	5924.407603	6355.222064			11172.13454	8862.939649	6850.766322	6345.276127	13366.88161	4875.838754	2897.275394	5091.484587	19353.47136	7328.418256	8306.250777	6389.541867	4453.086106	6750.958876	9206.504516	18794.73362	3921.042319	35853.14296	6678.033887	14099.6578	25010.67243	10896.59997	4979.203558	8751.379567	3667.565705	14135.46452	20060.64649	12118.35338		2405.82654	10893.39148	7690.389164	3508.989478	7920.626925	9227.655779	18172.22062	12977.95717	7677.66312	12695.82173	15922.74625	6959.569562	17899.68949	19016.79779	10013.54485	27906.89949	34467.10742	11970.23012	15206.25957	16740.33763	10496.91028	22911.23243	5192.719596	7900.565954	10505.31974	4612.546475	6152.086807	4881.483692	3209.905	5559.610994	3296.06684	2891.165776	2049.544675	12860.2348	9823.053058	4628.418834
PC 40:5; [M+H]+@6.94	236948.6633	504079.0548	359276.6581	266559.8664	335088.8102	309230.7278	483582.5324	624857.6632	249334.5031	207683.4891	411936.3249	416013.7823	290614.2307	181412.0678	324494.6313	450242.5565	347554.3003	179078.7657	476940.4951	395088.0834	295446.5337	303478.2636	454078.4496	341209.8367	198080.1339	134418.7961	631981.0663	383874.7231	489458.5883	269222.1858	270176.7129	362107.468	329238.2771	131169.8452	347571.9022	400378.7735	498102.4664	279750.6661	342009.9306	261239.5783	150065.6486	236621.7202	67946.11419	244954.3902	375096.7864	329752.1117	233509.9765	137463.3812	338297.0405	320034.1762	413300.0125	257157.6904	583217.689	192257.2706	428185.0155	428279.2176	131667.9084	191368.1953	192564.8733	163494.5542	133912.2673	276148.4992	256646.8576	481531.3364	171146.9558	251848.5775	280786.4713	282358.321	284339.8327	274157.4996	486841.224	412026.1744	238812.2445	387520.5	354428.9452	298390.6669	365042.3797	225031.192	261050.4418	299486.3885	498314.3816	438572.9087	391018.7504	461107.053	503756.4201	710561.8568	406222.901	84317.28095	302022.8906	287816.3061	338733.3954	329751.6453	172869.156	189985.1977	291654.6453	210354.4884	130997.7243	267887.8863	385936.2947	408632.8242
PC 40:5; [M+Na]+@7.01	6156.481758	8303.15887	3197.925393	10106.81875	7071.754476	8573.987416	9995.622159	8985.423408	7315.086104	5222.304984	7047.642432	14995.15466	4997.86846	3278.362069	6698.370971	5576.074946	12009.69717	6858.533767	7836.435443	7321.635962	3967.269013	6210.139565	7483.001741	17186.59072	5401.866873	6245.847589	9446.209163	7537.620066	7195.677041	11307.06981	8991.982326	8329.848535	9797.051447	3685.876084	8790.766632	5684.826898	13816.13096	9200.789447	9078.416741	7053.515822		10740.29257	2290.020114		10005.07475	8398.793298	7530.70227	2993.475772	9191.776986	19517.24543	5576.198631	4324.16617	9559.779615	5657.441842	8033.841453	9597.137051	2392.556209	1522.698575	6496.578953	14920.10941	1929.106836	2019.951578	5756.931221	7472.655402	3138.167744	5578.613125	5484.186026	4510.549937	4142.856159	4312.179729	3307.229285	4617.45441	4184.373474		7054.143548	6682.710774	10624.6766	4681.785141	6719.66478	3376.476386	13959.08167	4138.637861	3860.014029		4875.929067	9569.637033	4932.477063	2611.350273	5650.476212	8025.515914	5337.066175	4689.002761	5134.356257	1168.758658	2671.99815	8691.031657	2680.701252	13205.05189	6775.90518	5164.308372
PC 40:6; [M+H]+@6.74	776691.8676	2125491.1	828683.0858	529844.8721	456714.8768	328104.4553	1064180.817	1351784.448	663543.2318	715794.6701	855015.3022	918465.0982	1067046.735	420841.6777	422990.7423	736435.7699	583848.8981	385719.7789	1281372.662	976973.2572	757340.9984	739635.8049	1060002.896	928856.6376	644837.1644	265558.8014	1144778.504	798798.9484	1134225.791	670973.3752	599471.5587	509457.9312	343855.5861	179955.849	386991.1593	606004.7935	1002368.497	485560.3878	435670.5462	324627.7036	251388.3009	451450.0458	163978.4966	906243.7935	415728.7024	425927.6378	411510.0473	139412.8882	839470.898	505815.0838	686221.6864	419678.6508	1751606.252	294697.4633	791573.7133	610570.0768	493332.5351	297599.3721	257562.9369	247620.4937	219878.6774	337802.3405	330988.999	571420.7335	299961.505	902825.3843	529467.5259	363223.8491	455377.9444	552980.2442	1574464.328	502348.231	426041.2994	592447.9147	327047.0423	430965.955	967155.3093	556917.0097	394542.2206	495792.3917	1629370.263	1013693.742	680869.5525	1818584.045	685793.4847	470507.8284	456571.6902	150847.9791	1016675.739	433429.7506	522035.2571	356012.554	209087.4973	377192.6452	581150.6142	376398.5765	156562.7596	288218.1705	762216.389	672938.4927
PC 40:6; [M+Na]+@6.83	14459.38287	15575.90886	8900.763416	7743.879058	4525.365362	9098.148167	21436.33431	22712.00757	11141.06159	15901.87737	6298.976978	12456.52634	11542.1672	7976.405072	3492.272389	9730.982423	20075.96694	4494.383159	14063.2834	9009.180556	8633.487177	9698.899991	21705.21901	9067.969566	16578.37143	14933.23543	13883.03806	8229.31689	10847.15679	11990.34192	8913.382118	8037.012302	6732.518555	7519.403628	5255.513475		12760.21386	3529.540985	8239.074209	6229.437982	6515.712836	18514.26057	5928.302109	12934.45977	12648.09377	6486.520592	10901.6874	6190.714475	14610.45355	7469.562024	4597.362442	3690.691142	10913.91638	5866.774325	14380.17256	8042.657844	3057.922389	5430.206122	2492.055983	4001.697999	6506.753418	2384.369445	3574.590798	2960.095346	751.2265177	7444.061168	2741.98838	4543.094464	4919.682132	4427.399165	7982.625498	4241.877659	2925.541997	1179.039647	4706.571159	3262.381543	9717.535792	3962.466339	5915.109074	4644.954464		6562.383228	9807.616281	13291.24481	9106.271261	4180.99739	4164.06105	5533.21359	12462.4051	1673.706897	5308.554746	7038.588597	11002.42326	3262.635545	2920.423767	6077.645936	3333.754597	4819.84657	12505.73206	1912.705501
PC 40:7; [M+H]+@5.28	6667.28794	5028.664914	4943.727118		4941.904039	260.9880788	3442.479319		1705.16304		3633.781695	538.4450919	7291.544467	1077.221251	17143.32415	1420.921539	2778.6507	8817.66136			236.2247474	9852.641762	2098.690286	20149.26586	2912.407317		3893.714509	9151.159886	3496.023837	12236.67565		1517.21559	3447.410289		10796.62233	2918.828947		9262.607353	2547.456775	16231.14856	10592.39744	11724.45313	3803.529178	3864.07101		5950.989991	1642.20592	10684.82745	15649.4619	13795.12747	13742.5196	37949.19157	3390.685872		3457.442303		25665.02553	24203.16055	12489.7662	1667.697896	10294.41852	2988.45514	1848.935562	3540.027049	23187.66567		4229.028347	1874.590488	6275.509457		18332.05603	3778.954918	23258.5556	1311.47768	15399.2826	4733.625311	168.7691056	3354.576119	9070.266603	10448.80046		16738.51843	3357.875146	14172.66471	2030.096206	4862.848425	3183.090004	11517.61175	1766.876644	502.4874076	5228.018065	1542.061651	17522.32984	2652.831183	3068.517867	5656.419038	24048.61464	6542.462416	4978.953975	1630.244174
PC 40:8; [M+H]+@5.83	51122.1942	66596.01498	56229.11888	79981.1301	54660.42259	32091.74658	36967.54292	40763.24634	34546.96833	34059.70542	36957.72219	37452.87441	95896.47078	33277.80236	40533.7259	45438.45583	46324.00858	28978.06334	96816.78417	55995.99034	92556.14636	38449.84611	75214.51492	62415.65258	35949.97257	14338.24182	86335.95544	47943.72024	65634.10713	35141.49382	23468.59974	33888.03891	25249.31783	13867.16578	53435.94527	58279.80008	56043.08289	24009.77261	75719.34783	39262.45533	18172.48505	26314.48455	9468.392387	82286.77779	41141.32569	81704.15488	66360.02198	12677.72652	40274.73462	37133.88647	41739.7356	18025.09003	102274.0766	35305.17874	56413.33874	90526.2145	38171.52851	40365.75451	42698.96517	30287.00503	31815.17642	33996.70868	48781.12848	51913.28559	51368.87783	68447.89292	99575.30634	48941.70737	88557.27669	81829.64465	112122.3815	46940.76383	57503.695	65071.74116	32018.4481	22084.80292	76788.48552	70154.27788	22242.8074	73520.04374	138736.7933	40029.09791	65296.82705	72112.37889	69890.90476	40631.07787	50018.83792	9969.329554	45412.43237	46610.74175	39806.94705	51567.40863	23020.38252	71121.48896	52599.54469	21920.65703	14061.63185	39082.18846	61927.8425	54749.53878
PC 40:8; [M+Na]+@5.81	5182.35398	7710.663497	4246.809274	3241.259298	3155.569941	4596.809567	4914.156909	4715.16231	2987.084395	1792.372757	3809.828267	2181.029999	7837.711375	2808.022147	1483.223472	3091.272392	4489.455264	3869.81865	4563.532997	5520.153598	5118.925138	4121.968529	3337.636615	1827.38436	3115.522717	4709.887722	4145.178085	3244.520794	3512.918917	2656.3611	1596.945827	11629.73449	3143.879134	5204.376249	5959.189628	950.3416722	7014.603732	3990.817133	5390.107368	5982.513919	6889.088766	6873.530482	2199.455594	3600.812836	2232.089784	2994.717464	5879.445633	4169.935031	4095.250159	3178.177054	633.9340194	840.3504235	3996.231547	1483.59111	2610.871957	5222.935269	1676.917962	2513.087445	738.7896974		3923.445806	1469.333805	1876.15479	1923.858793	7998.558906	1855.533945	4409.46934	2228.018738	6182.15526	3280.722253	2445.678004	1669.795021	2444.778035	2604.227491	2035.746507	1391.678137	3015.924827	1098.610617	1115.965799	672.6031047	8870.570829	1409.812412	359.2677792	1777.578901	4826.136549		4542.888202	1251.232049	3227.321477	1341.508909	1399.277526	1813.457312	859.7831882	3119.763353	1822.606799	909.2622291	701.2768221	1465.586031	2208.609675	3435.244265
PC 40:9; [M+H]+@5.71	92381.49462	76769.22397	55693.1598	67669.73264	54322.5572	52374.80638	83299.0035	85223.61701	76417.50131	85037.31763	70255.68562	61692.44805	58620.21509	51186.83933	6318.733184	92153.85892	86695.04513	56700.94004	70528.47612	74371.9665	72441.13008	52669.68091	70439.31749	46353.084	50523.41389	76360.91186	83851.78819	69835.51053	48358.56491	70582.38696	47747.40592	52044.15181	49468.70399	41034.1681	52476.61761	46935.77975	80403.13157	72232.59091	70134.48125	68773.79693	62507.34708	52234.04367	52003.89503	85078.1499	98902.51801	93914.23175	66494.69952	63699.48437	67612.9292	67456.00427	68398.40692	45833.58944	78514.21252	36113.70164	60170.41048	49839.19224	64360.02144	27192.0436	36812.43348	41847.62942	30655.45877	40316.39448	31007.6319	45234.84158	39931.01909	71533.40092	62833.07119	44449.52778	45745.27422	40498.692	53377.49316	31400.48192	64942.64967	52771.48188	41053.11961	32428.14961	66617.44181	58456.52974	32823.60505	42768.07856	80044.97362	56467.92614	66824.46975	67223.09401	45432.2769	18102.60877	49943.77476	23408.77306	59177.14146	59987.85385	51138.63119	41103.87521	32933.11653	37703.38694	44050.21762	46052.18941		53437.87565	4532.263605	52855.27038
PC 40:9; [M+H]+@6.17	92381.49462	76769.22397	55693.1598	67669.73264	54322.5572	52374.80638	83299.0035	85223.61701	76417.50131	85037.31763	70255.68562	61692.44805	58620.21509	51186.83933	36746.358	92153.85892	86695.04513	56700.94004	70528.47612	74371.9665	72441.13008	52669.68091	70439.31749	46353.084	50523.41389	76360.91186	83851.78819	69835.51053	48358.56491	70582.38696	47747.40592	52044.15181	49468.70399	41034.1681	52476.61761	46935.77975	80403.13157	72232.59091	70134.48125	68773.79693	62507.34708	52234.04367	52003.89503	85078.1499	98902.51801	93914.23175	66494.69952	63699.48437	67612.9292	67456.00427	68398.40692	45833.58944	78514.21252	36113.70164	60170.41048	49839.19224	64360.02144	27192.0436	36812.43348	41847.62942	30655.45877	40316.39448	31007.6319	45234.84158	39931.01909	71533.40092	62833.07119	44449.52778	45745.27422	40498.692	53377.49316	31400.48192	64942.64967	52771.48188	41053.11961	32428.14961	66617.44181	58456.52974	32823.60505	42768.07856	80044.97362	56467.92614	66824.46975	67223.09401	45432.2769	18102.60877	49943.77476	23408.77306	59177.14146	59987.85385	51138.63119	41103.87521	32933.11653	37703.38694	44050.21762	46052.18941	27577.21221	53437.87565	68477.14333	52855.27038
PC 41:2; [M+H]+@7.43	5252.665996	6963.020867	9343.930226	6172.561163	7506.351732	4057.626444	4807.675981	6481.218179	4796.209427	4485.934773	7759.412847	5578.356121	7706.407006	11182.15738	11508.85406	9887.950794	4313.029451	10537.77406	14014.56185	13446.09058	10279.30622	3706.313887	7836.466128	3082.881939	7588.773674	1398.686552	7845.187358	4158.621434	14221.09325	2286.151457	6513.359238	10392.76874	9164.175266	4304.771935	6038.828064	3682.577927	7972.066102	8375.820663	10708.74612	4173.973568	4194.25675	1648.715002	1483.408059	2564.919241	10508.47049	6058.401545	5001.558322	4733.283367	9919.785191	6715.910452	13845.2944	2488.409348	7088.858911		3226.663477	2861.022144	2233.492292	7764.582177	21603.39604	10493.60815	6764.408238	8375.71057	6143.013879	20055.47536	6412.093906	6440.963861	7968.56397	4418.989111	9541.392324	13821.32606	12379.15395	6050.912237	7329.118434	10796.29312	12224.709	3878.387618	10204.03566	9982.953408		13972.60802	4168.014954	6614.382283	9358.134998	5507.589805	7713.42871	6705.325584	8335.317363	4278.42124	6745.653026	7991.744813	13333.04526	8720.017624	6010.096972	12158.07954	12009.39858	8285.875141	3499.069858	6825.836244	8213.447165	4791.56156
PC 41:3; [M+H]+@7.20	12889.16546	16397.30328	21769.52651	20019.26909	18941.50987	17454.59686	11025.23944	24995.47985	13413.71866	14785.94967	13603.62114	15608.2122	20244.42574	23228.7902	27652.34221	20334.43843	24493.445	11974.75786	19988.71233	26691.12972	15716.76968	18362.90001	13914.32092	15224.30466	21175.86207	5326.317557	12384.24296	20267.14952	16623.04831	19500.22387	16861.95685	14499.13486	15854.68933	18006.47201	15053.93533	19617.59629	28792.10538	23378.55165	16596.46988	11002.32707	11389.61336	7847.660806	7498.324849	20390.83744	20546.39976	17451.80494	15076.75542	10760.76008	13625.89855	24096.20179	12095.97565	10746.98567	29771.14049	13963.0066	16935.68142	13487.03613	15849.82502	13348.22611	20266.27086	20807.04423	15410.99805	32127.83994	22315.87374	28715.90028	10089.68573	17756.64557	22090.61564	29511.04843	13328.15799	30941.30737	29079.70376	25786.03251	14437.40304	22277.50369	25969.19159	13935.81551	27338.92562	15222.00186	14062.82104	28478.72163	15478.33889	16430.5486	23310.11461	20985.07041	29600.37762	16829.26356	27954.8643	15940.13449	28412.32267	24989.68227	30757.51743	24606.3186	22137.01582	27742.50637	40734.92807	24464.69727	20041.44104	19024.16723	31047.13047	20184.79565
PC 41:4; [M+H]+@6.77	8241.966849	6023.96042	8508.995596	11787.55563	6267.532856	16047.73457	7578.21772	7221.482908	15406.34766	10236.43175	14562.68986	8391.20578	13209.03819	9255.47013	7552.898045	6238.389847	9590.515099	21472.76541	6808.233786	15907.89883	8659.679122	8038.454847	7278.267143		10470.35633	9602.663174	5727.549256	9286.547558	4834.167517	14827.02213	7173.189911	10739.05177	14871.40609	17400.74139	3814.669382	21367.68128	20059.93182	6892.873766	13852.04826	10725.73521	8157.707213	8712.494476	5199.533961	4407.494799	15554.88025	6501.676669	10151.67868	5274.340807	6349.962668	12985.3015	13176.48944	15200.05558	13721.83949	4811.969266	6347.56996	22263.97552	8539.455838	5733.666531	13284.16605	5362.014622	13656.74804	10483.85015	10944.59218	8477.22006	1839.800168		13023.98406	11291.56811		6767.814838	7512.456476	7554.592453	6650.733692	7788.644848	7931.087655	5582.813665	13066.61918	24422.84488	5529.840908	16862.43532	6017.135253	15856.55869	23409.82657	2152.658524	1160.872453	7071.875583		6398.934834	15958.6361	6416.161098	17301.81352	15802.60959	10001.05908	15773.92385	6191.196866	11172.32465	7293.965595	16300.86322	12395.3731	8624.411643
PC 41:6; [M+H]+@6.85	6209.318998	8983.886734	4546.661737	5693.55828	6502.064724	7407.734772	11416.88622	9353.718903	5935.218593	2317.18514	8820.755672	1855.482844	11752.59184	3658.99528	11720.26636	2547.841031	4051.251033	4031.498069	11614.24833	9592.079097	5539.951746	5479.537413	11000.59659	6721.137402	8526.250039	2406.204678	6717.894299	4560.586183	9326.074862	3609.981212	2351.651567		3304.37861	5931.953202	4620.235448	3732.738535	6036.40656	1448.201974	5857.835419	3674.585198	2337.679911	3112.014817	10.77921041		3909.362236	7397.275895	2314.12658	1449.738982	3880.635185	6814.439162	5415.829953	2892.049514	9938.207834	6118.638216	3983.074775	2099.293991	3051.539971	4583.248135	2968.784038	6041.575781	1916.802788	1865.584451	2434.72033	2496.534344	4971.229581	9501.816976	4355.316768	5315.707215	13994.9988	4414.956227	6178.48303	5753.212873	4947.435312	3722.868057	2112.659744	733.4946326	24699.29281	8400.769798	2465.379109	8931.115407	17105.0078	6367.662921	4048.11998	5326.493873	5433.485635	4321.938294	6226.376059	2375.157124	9666.006091	1913.763539	1093.669114	6202.900734	916.4621689	724.468778	8149.867656	5246.225999	46.63767092	3845.748951	9670.060896	1102.061326
PC 42:10; [M+H]+@5.77	10169.87112	30692.37558	11954.05535	9647.025499	8960.422775	14378.28912	13136.31861	13753.05556	8051.975204	5031.756618	7588.516517	6291.800904	28238.49488	10730.78111	6860.739881	10969.54476	7580.760885	9496.096157	24091.91021	17157.52052	24982.93748	12470.83531	10941.97632	14479.96865	8200.340421	4388.245477	13071.11536	9766.123064	21263.38901	9839.616778	7486.48296	16390.71325	6634.478644	6632.334836	15714.84366	21944.91936	15638.04225	9904.446753	15286.13343	11039.10557	10574.09377	7862.535894	1899.249371	18135.16492	5986.493443	13196.59903	6236.14895	5577.044746	11493.37601	6888.675413	12219.43649	4232.422098	27237.54567	8977.32156	26438.75503	19191.74087	22270.42417	27408.5554	30717.25756	8611.87052	13624.00577	11674.84694	17465.58292	21292.27033	11086.24706	16098.32744	28605.19647	10835.53643	26677.69489	18875.44327	29256.07339	18892.44931	18000.09149	11212.6261	12127.40007	13591.40256	17469.06336	19402.35224	14171.00644	20201.88658	27951.91886	24070.76326	20729.61394	11847.90282	22175.95733	20496.54415	9096.100998	7976.98777	8690.946481	15504.32842	8101.862756	12118.44876	11794.05168	32651.58469	14980.56551	11592.27159	12337.48989	7511.47923	21177.53903	12471.84368
PC 42:10; [M+Na]+@5.77	3191.080955	6664.002754	3109.447408	2079.39318	2491.856572	3047.083488	3361.460727	4147.385314	865.2789514	2727.966892	2857.608296	4717.424119	4214.562711	3664.868249		1410.36273	3637.257278	4749.637692	2470.733696	5262.559314	4595.041608	4308.802469	3516.923073	5915.065661	4194.731093	3453.84902	3287.261096	3109.577395	10387.32987	5879.512211	3335.754078	11282.52649	1249.347749	4444.801808	4585.962915	5790.248177	5316.003459	5476.49048	6944.281319	3077.471188	1707.39635	2887.331209	1213.545986		1905.289014	4770.799494	4875.525068	3586.261497	1145.651112	3938.731612	4610.764204	628.0561014	1382.530076	5690.359462	713.010525	8664.048046	1554.237296	934.4909399	7241.90183	3560.76479	5905.953953	8719.291231	2044.367527	1128.298857	3906.223186	9232.321527	1241.686393	9139.287262	363.5175349	6307.658483	1123.753241	10422.30629	1312.876681		9259.679704	14336.0545	1838.511451	1808.875444	9814.0928	5910.843143	160.1992754	1616.25801	10823.34801		6496.642405	14758.33734	7279.466998	7792.105383	3276.778213		2844.798451		410.2332331	1338.68182	8378.615503	7126.462507	1385.782229	730.7762215	713.1579808	391.7017906
PC 42:11; [M+H]+@5.54	6214.771331	6586.374652	3113.759128	2017.695526	4010.413505	3566.787003	5041.471504	3855.1445	3561.376073	1514.436897	3915.77304	2196.943027	7940.216411	2810.829592	3071.093778	3429.767977	4164.077906	5028.946587	5352.342218	5243.575344	4509.983952	3314.269689	2679.192952	9278.216531	2918.777391	4293.648596	4098.62479	2412.493639	7149.962596	6842.832307	6445.554347	12118.86359	3315.603928	4654.564894	6035.608204	8120.90709	4821.431811	3885.342925	5871.228515	2371.610345	5560.705795	5497.442612	1419.38564	2940.178908	2105.630591	3677.611662	5707.642095	4943.288361	2658.105654	7144.180124	2910.245716	5698.413811	5573.162928	7945.924642	23040.53931	6836.56864	12607.14374	16673.70249	14267.04492	5965.520293	10270.04019	3940.219051	8013.67866	11273.1798	7853.95786	8806.857115	5527.709489	8731.970468	8473.738555	4513.106701	8317.213418	8996.205252	3884.09502	3813.12543	11493.69464	10089.49125	5991.6556	4835.300465	11110.06008	7261.956894	6626.186868	2607.313079	10493.18997	7322.665677	5015.452038	17915.36976	3727.041894	6169.802066	3396.465699	8461.515042	3395.76656	4057.077798	8016.80181	8084.95057	7742.96089	5075.520077	4875.165203	9134.678604	10082.56208	5550.393876
PC 42:5; [M+H]+@7.41	9498.903642	10766.26127	5150.075098	6319.644845	7188.910807	3168.878812	7711.68203	8812.645556	4907.553183	4850.099396	7816.885656	7565.903891	11623.65508	3167.93369	9754.987923	6678.781996	7423.956831	5457.956865	6200.243954	9618.967739	6423.964149	10076.38742	6585.563098	16285.78048	2728.168287	1918.591083	6477.210969	3335.606156	10398.63169	5805.910894	4340.477986	6104.135265	6671.610246	3898.90255	7068.326219	13053.76869	10747.48855	5155.117838	8093.130725	6788.255454	5266.295169	6176.900956	1469.172608	4201.550784	5931.876374	7634.296269	5063.297638	1760.012715	4558.405975	3095.020748	10488.71128	5303.060006	8510.593191	5677.400154	9777.113081	11551.18442	6317.618072	8617.804992	8571.371578	6732.63408	7833.299203	5452.330512	5834.866523	8982.44035	8529.511405	7285.477781	6162.639907	4669.23589	13624.24252	8722.566941	16147.50802	10569.80861	9576.622781	15248.05702	9568.26847	15533.03451	6164.253522	5132.45619	8616.920063	6547.148493	15712.92387	7590.918375	11778.92865	21557.57599	7920.521605	22781.473	11794.84387	3639.414472	7485.45785	8631.641788	9738.66336	8720.409329	5584.808093	5927.837323	7373.678035	5976.734097	4934.720548	6649.827475	17634.07015	5805.349706
PC 42:6; [M+H]+@7.07	9656.104027	23589.38454	12938.10778	5683.845702	6219.906496	3034.173173	7885.925816	18701.17906	7394.635545	3107.963362	9196.679256	5429.025415	12434.81632	15459.4212	8476.199206	20409.49315	7683.567909	2422.790317	12644.96694	17192.02152	6863.639828	8937.199461	11229.43198	9864.859461	12808.46427	3193.523091	14030.35571	8001.8887	16846.63413	8058.007749	6614.19576	9269.313388	15404.80109	5958.410386	7634.414304	16812.13281	13705.30219	5815.501027	6185.467756	7119.962906	7986.821927	4913.080995	727.9695164	7399.707495	11221.38139	11772.43234	6165.883262	1354.807555	10719.24159	6931.966788	10372.26527	5822.145746	12942.33027	3461.454131	15952.9196	10204.46907	7389.073755	3334.109406	5293.37351	3882.365197	3781.381144	9039.720667	6104.374579	11731.47147	8910.908018	10641.65508	8076.757137	5428.463236	12143.25169	13835.03607	15796.64768	15487.11061	19117.22448	11776.44246	15672.68847	12706.2029	7658.558051	9119.456445	9239.515796	10979.78293	20187.31442	22103.49346	6772.483361	18478.46178	14284.42711	15268.83914	10210.79303	5443.785251	4583.701121	7692.793035	12741.0811	14211.34148	8509.044295	5423.303059	5806.002948	3732.394893	6137.598803	5239.031239	13425.25306	9686.662279
PC 42:7; [M+H]+@6.58	7178.220457	20071.15581	5162.628327	12349.43615	3706.507684	5918.4841	13630.35004	24490.5865	6712.894303	4659.705833	6941.462452	5802.762144	14781.14003	12135.43386	8311.462794	13893.53088	12647.38118	7025.462739	16257.8196	14854.72018	10791.99491	6659.373682	21592.96022	10092.42759	10243.40049	7534.055012	11566.83157	20315.9484	8217.899787	5035.091814	3894.208438	6525.656216	9719.979613	9449.137174	13181.47987	6990.740372	12847.49687	2219.081659	13455.8203	12462.15839	4714.868564	7046.907018	1148.240075	17062.51408		12623.79203	6244.039479	2531.07385	9361.235562	5547.939144	15863.16488	3857.125207	27829.62316	3907.148444	5226.012618	20181.00621	9866.086714	3024.908655	5617.87822	3320.593653	11469.6129	12506.421	6430.216055	21579.2361	3632.782953	13759.35206	4706.775203	6910.896933	6502.628479	8207.42953	12394.87338	10137.76226	12719.12505	13074.7809	14800.03505	5752.079902	13050.67092	18917.457	7107.928943	13189.55521	32523.49894	10256.56054	8999.957585	13929.12622	10900.74572	12942.82552	4517.604394	5657.778128	8754.862729	3882.178579	16675.71488	6139.088755	5785.01729	3942.261347	7226.89168	8644.780041	4498.76031	5089.120371	6607.723755	10431.65007
PC 42:8; [M+H]+@6.43	11261.71857	17779.30203	11540.42483	5544.055698	12240.60776	4776.814983	6205.440387	17592.17421		2857.518268	7353.122413	4019.689086	6544.727118	7310.883834	7006.555945	9401.39586	5629.893723	5308.119087	17367.86341	6675.935461	13091.86103	7213.029745	7326.455937	9585.297082	7504.376794	1248.909782	9133.780472	7014.665849	4397.102167	13368.16549	2600.693821	3998.701948	13730.48502	5226.869991	9917.610342	7664.278852	9656.331641	6576.670164	3635.373312	4945.683943	12517.13663	5142.633642	2173.326533	12682.11613	6318.01705	10797.66267	7982.11856	1875.920323	8770.638928	9179.575443	9284.763515	5849.535917	20934.78407	2668.798281	8606.733097	13059.65648	2298.519935	2914.425392	4154.439585	12285.84281	6395.992501	8950.15623	5502.356767	12264.67487	4856.360374	6293.129955	10807.5187	3581.725905	10281.17716	4694.335408	6853.126049	11426.77816	8185.985635	13010.27554	8472.15232	8558.66223	14039.48411	10811.85353	4426.608514	8076.93048	11496.551	9366.558149	13328.13048	11652.99268	15914.91865	12305.2256	5282.432718	2465.097608	12088.45819	8046.370146	9566.514093	6628.452844	4235.784133	4512.33027	10015.32219	5923.060476	1515.512561	3720.635464	9559.210989	5965.886699
PC 42:9; [M+H]+@5.99	4925.717216	15294.01427	6554.230012	12276.52853	14461.03317	7644.954949	7527.365611	12727.15039	9066.672911	1535.957739	1573.428519		12296.38963	4143.223702	11026.47171	7949.083642	10031.12792	5640.702448	11457.43893	6790.638307	14271.33229	5443.711068	8954.098766	10737.06281	5626.083427		10711.79723	7220.115428	14943.09889	4957.851188	7267.915367	9594.640352	8795.046609	5161.829867	8458.093732	12010.22976	12884.39782	3175.947033	8362.218	4277.772404	2471.436243	8873.578748	1376.124603	9985.253168	5471.927412	11049.56795	8769.126222	1882.558735	4476.444332		9388.476968	4149.432144	16221.82588	3205.885359	11834.2229	15697.83587		9299.427795	9223.004025	4977.406238	4649.243398	7973.226103	9368.265843	10514.20984	6572.961999	9852.03713	11894.11157	16061.25866	14599.94624	12154.25407	9621.448406	13735.66336	5784.602118	12299.91552	7775.316838	5360.529715	9110.826402	10471.51792	5174.508641	13719.46802	13009.81738	5640.994779	11042.7305	14795.51733	11962.92227	19863.5518	11335.19772	2709.743146	11083.51711	5860.708405	13066.20262	4253.702103	6167.725432	12966.62041	6702.465819	8493.908537	10932.48224	8383.1375	12421.4414	14131.91532
PC 43:2; [M+H]+@7.87	2072.885128	11901.0292	3992.90049	3942.999692	241.551324	2059.651877	3453.457913	1460.983938	2006.661991	347.3217501	4832.358778	2023.59992	5190.018739	7883.628383	7185.838908	5913.782125	1501.996112	2311.578307	10484.04587	6536.379184	2467.113142	3671.569415	3862.700337		3664.749173	363.339994	2083.903136	1743.223083	4562.16479		3267.188517	6407.90573	3714.777296	3232.865007	3002.453498	4884.136157	2407.581558	2958.000109	1579.275165		1339.897185	1974.24571	1241.387676	89.04120937	1652.150966	3122.420283	1900.192903	1442.660352	1973.370566	3149.239211		4512.402352	1701.38778		4676.509904	3532.251802	870.5590267	2638.126796	6228.657792	3066.326773	3017.375465	3617.125772	1408.657103	5202.738925	5509.017794		6801.076273	1843.725697	7069.557096	5916.858458	7817.615919	5194.9492	2292.40047	4146.102392	4993.002248	433.2443379	6975.307384	3016.749714			4044.242777		3625.158072	3016.417917	4360.415183	192.8428106	3097.696637	649.6782323	1330.812217		12216.47823	2850.629502	3277.860131	6111.305464	6808.069527	3868.385227	589.1825876	6621.455958	6737.371561	1320.684484
PC 43:3; [M+H]+@7.75	5370.637509	8519.366744	7972.805895	13300.17985	11935.61233	10181.37584	3989.88128	9612.787508	5210.902211	3928.955091	10888.63653	3905.343724	12920.69935	11475.06312	11444.01677	4777.066693	8063.136122	3050.24073	20107.84686	11848.70481	11456.67103	8542.323653	9188.469672		7283.734571	3837.797018	6311.20777	6290.906045	9680.010451	1806.239264	3502.136617	12544.74013	8801.568102	5716.925355	3638.780103	8992.248786	10945.88432	4054.213766	12877.54338	6166.656588	3106.632754		592.4840072	4537.60688	7367.758946	6772.011802	7022.73638	1476.491036	6537.834297	11424.75101	2226.462304	1671.398428	11122.56342	6779.140331	5247.605036	14460.36943	5944.57385	5110.295883	16398.00142	5395.172787	9671.026744	10952.04051	10747.61194	13476.69834	7617.15004	6595.502872	17606.02657	11363.16164	12515.77027	21406.00698	13832.63478	21231.35673	11300.6144	13333.80856	18224.76458	2254.829998	8962.96105	10355.97842	7512.844619	21438.05789	9426.128407	8048.516972	16929.73685	8789.655595	11120.40491	11051.28786	20080.53393	3880.012082	9296.455057	5291.105669	7256.695707	6965.573053	4953.2406	21919.13671	13336.82236	11333.96165	11859.44715	3458.010447	12657.08046	10140.74973
PC 43:4; [M+H]+@7.35	4304.706287	5201.828832	7837.720076	11199.45756	8389.954447	7225.662452	7891.187448	9700.062207	8069.015218	4919.377836	8465.022871	8747.852395	11651.81276	5735.026998	13964.09574	5545.818261	8254.066753	5758.883322	18542.2259	8420.634747	4721.110799	7125.721023	8864.207551	13253.34002	10849.43088	1517.681243	7390.651126	5430.588424	8907.964573	2603.025704	6866.094117	10037.34658	6615.28641	9781.823831	4792.487702	6276.215906	11704.26893	7090.173068	4890.243327	4350.732153	4678.777752	3445.645077	1710.555227	6555.520945	5102.613908	6316.576338	6583.838784	3869.934258	9233.839848	10556.82711	11231.04556	4902.676878	8509.762967	3673.221009	3430.441761	10945.5206	3332.574817	9227.016471	17419.60967	10247.76108	10951.28261		12428.00036	16510.63121	4879.653892	10373.58542	18775.59286	18636.81051	10775.39603	17733.0178	8314.713527	8912.573887	7084.215377	22357.57322	10179.05477	2403.761505	16298.68571	13209.79574	5429.805073	16619.93464	9977.062259	8234.680222	11024.78402	11774.7251	10340.03343	8043.945254	8788.401039	3560.159267	4982.274688	8951.570877	10070.68046	10911.76841	5777.639609	10877.56069	15005.53503	12468.14502	2520.702106	3331.700116	14576.30054	3940.990343
PC 45:4; [M+H]+@7.86	3894.622148	11495.19584	12910.14723	8852.252593	5490.255964	4791.094964	5937.505172	8488.462626	4548.686898	7209.903297	7095.406052	4037.472744	10142.15317	12061.45426	9319.016724	7212.65275	5653.579341	4226.793267	14750.73098	10685.28803	8631.890839	10870.49486	7529.44677	1863.106829	12244.27252	3048.858818	4350.579485	8282.429245	8586.131485	2378.858667	9702.635553	14141.99877	13264.19422	7115.696943	3787.632505	10868.54568	13952.00654	2658.702544	7797.783176	7764.166362	6862.260884	6051.853717		5388.614619	7669.082003	9838.18373	5829.221975	3394.803428	11355.60129	312.6262506	10835.4972		14390.81982	8416.315083	4860.884785	14125.82142	3977.79609	6919.402596	22123.16024	7123.151732	11220.17229	13622.01483	7095.912449	11526.56866	6438.111751	12868.26977	10604.48174	13934.55578	21912.54305	25288.83054	15812.05875	12629.21935	2831.414496	17888.53543	11288.27109	4849.045557	16989.02351	10990.59266	14711.29422	13618.32028	11721.70722	8958.306766	7879.035852	5188.234968	15825.06786	9353.107242	9867.999601	4112.078522	8345.10428	10289.39017	8090.704999	14171.24347	3439.196396	8891.890087	9989.813639	9708.46808	7402.239679	17998.1106	9654.961802	10841.04416
PC 45:5; [M+H]+@7.46	3226.764295	4464.701917	9977.891967	6243.57513	4401.417879	4427.423156	3269.171667	2456.385856	3317.74696	1818.878848	4105.714895	3971.279141	9224.86738	7335.588335	3600.519882	4690.26386	3787.060496	1464.414848	6638.230464	6662.147939	3862.979033	1530.824557	3981.56478	1660.513546	9233.510633	802.0934826	6081.105099	3276.963568	5548.916936	1580.784327		3634.374792	7531.769046	6471.123949	1077.280607	8562.966659	3730.254897	1304.207286	3381.691116	826.8089683	1082.929043	3690.112936	2590.996147	4175.250689	1583.997301	3166.17878	6437.870999	1130.685665	4014.770928	4066.785356	1512.918436		2585.059579		12668.16483	2766.855287	3351.158079	3520.770573	6184.096036	2880.54874	2123.992318	6096.95671	2763.47593	3725.924829	1673.742609	4832.588852	6250.801901	4952.696209	6075.74569	6891.763445	10173.04226	3798.495593	2262.233245	3248.124077	1591.01736	1848.933359	4689.97785	9097.747171	9260.880061	6287.722087	8141.907667	6035.178864		8758.105012	7197.952058	11019.07717	2691.610169	2330.482524	5191.997656	10043.09514	5732.075978	3256.990386	2450.892186	4896.132699	8458.210028	13373.02529	3701.151139	2560.575739	5224.450664	2812.881718
PC 47:5; [M+H]+@7.97	5245.050623	6631.312849	7457.548603	4837.310628	3466.14085	5505.548184	2138.415374	6732.633847	7057.028698	3733.966341	4525.659857	4252.080996	13966.64025	7599.443275	8099.336224	6882.887117	4588.847564	2229.124443	9601.669441	16706.77615	6104.089717	6591.006519	5790.620972	19140.99407	8304.347468		4904.759028	6341.654046	10726.16274	8190.992967	14984.28313	13150.31951	16709.50013	4898.22711	1935.662262	6219.772892	3458.180837	5416.714666	6959.756505	18825.63216	2983.028468	6277.630921	15460.41532	4665.123462	4299.734526	6480.176254	9620.416835	2330.793065	3885.232292	4168.258444		18737.27561	1580.383902	18595.93133		15952.34422	9964.72127	7011.651676	15882.51264	3117.188859	4334.529941	4916.42271	4791.447837	8904.789512	15929.22143	4844.014806	5560.212411	6122.82103	10970.70581	5842.713957	13329.21329	4287.343122		7142.563934	5878.589369	10343.54662	12291.27256	11440.27476	21525.86308	8890.943097	22257.38462	7574.188461	4888.401964	6761.300609	4383.464473	3419.143151	6389.396032		8177.703879	9250.526587	5399.578903	2938.444395	6261.241608	5441.229008	7521.267529	10365.08305	7297.217964	17982.97509	7968.663461	3061.667141
PE 34:0; [M+Na]+@7.35	6315.952226	4208.217822	2256.489323	2803.921857	10360.80534	8194.859376	9162.944927	5559.14567	8314.331839	6322.544187	7866.416492	6063.969371	1673.8413	5254.545102	3894.044622	4696.934609	7341.548898	6822.159883	5002.369587	7167.184742	5498.253863	2699.555577	5847.820464	8758.013632	4084.120069	15181.88073	7427.738126	6623.550613	3765.331174	7471.167636	6138.201061	5331.8363	4403.558605	8707.134796	8568.249038	6223.333681	6924.392632	6681.072863	11422.64617	8581.93493	9172.698979	9821.617478	10163.10415	9613.749091	7357.363774	4997.388657	9138.498968	7542.734079	8685.226537	6234.775525	9282.310399	5028.32455	12190.6449	7777.685758	12845.70498	8557.092357	6988.719558	11374.3079	2753.532817	10149.09461	6167.392392	4750.90251	6463.671344	8142.687614	15694.76329	7922.149155	5006.497769	8354.148697	4988.73062	6230.994003	4897.762719	4929.779491	7385.674129	6134.306861	4237.301973	5957.012375	5726.551004	6171.333964	11220.24857	10227.87668	5856.876589		7644.283993	6218.362013	7235.115461	2977.901125	7316.904723	6076.452376	5224.255817	8127.503145	7564.352794	8621.820288	12201.27037	8541.589215	9117.407639	8726.987184	5883.347899	13468.01802	5352.041752	3616.515923
PE 34:1; [M+H]+@6.89	8288.623777	13173.64523	14930.68157	12500.77186	13622.88843	17039.50101	14527.38731	14950.06091	76593.75083	15113.4432	52031.83089	24984.29788	9268.518184	25102.63836	18155.42136	15636.21966	9129.979585	12542.56646	15682.02899	7753.479578	26059.13252	21363.86079	12383.87303	42343.35478	5603.0812	8522.719904	19075.22074	20319.80692	28964.91447	6995.885458	12645.89675	21976.57063	14750.3467	9595.819616	49097.84895	46999.97487	20933.09349	22141.64879	38604.31999	23399.71941	11089.30805	9539.498844	6271.767486	16999.65998	12299.25112	34704.25573	5495.168567	10765.74583	45104.38592	11948.42061	33339.89085	15924.6235	15698.38583	10857.39434	34772.66368	22780.56912	42220.8934	74345.10329	17367.8076	13578.647	17615.61437	21429.07579	14988.69489	42712.53754	21699.56091	9045.257407	28868.63662	12455.14661	72205.44037	25237.44733	22895.19772	15522.04862	40411.57692	29497.18378	36209.71984	25824.69946	10619.54988	14965.04689	48278.91928	24416.51328	7887.65765	17521.45492	20764.95849	24273.94743	46037.4806	65566.1452	29158.20141	25114.96873	24818.92594	34980.02848	13183.17765	10205.65787	18324.12095	32087.7591	11437.36213	15465.5171	26764.35457	26736.57961	19390.48774	14312.37845
PE 34:2; [M+H]+@6.44	25363.90819	78892.76435	44672.02913	33935.08253	43875.73401	45113.37201	34470.73519	32595.95886	132560.8155	39074.34021	153767.5901	68676.00517	29101.19532	114031.506	54517.55994	43582.88578	25020.40696	15904.77668	43402.45354	44414.06619	112567.5063	36256.65699	55756.25842	60760.14598	31533.38226	8471.384571	53252.34178	30164.1422	68852.9634	20016.19594	39872.60309	82904.2973	72726.18734	38726.1476	108771.2437	120125.1227	35636.10782	35377.87913	91292.13788	25566.77394	27048.64465	23499.39165	11695.2018	98959.40019	31593.30413	117899.0515	26302.03982	46356.6493	49178.74344	38150.85817	37104.94133	35013.06022	35584.85039	30000.39243	112435.4969	37291.50173	69327.30888	162790.662	42341.97476	35389.93241	42596.46645	37985.56779	31746.34438	87294.32497	39871.75697	55695.31349	76971.66207	77933.31191	153738.2385	61815.40512	74850.29024	47468.14143	131851.8072	112281.0154	89585.6339	55372.72108	37537.04387	87189.55104	48658.00538	37722.43675	48052.89392	34788.26364	54142.0757	65770.49955	77067.63085	210901.2553	64113.93967	57356.4099	57976.16296	129599.9996	41219.19597	47807.36901	38592.68965	122316.2698	48393.18629	64661.66212	16973.07612	36636.88068	59359.21447	32736.56792
PE 36:0; [M+H]+@7.87	1435.374737	2489.76593	724.0156463	2175.096339	7592.559522	2056.13513	2747.891833	865.695646	3739.256883	1126.347982	2405.259361	1183.64066		2207.487086	3321.940857	2601.443201		5702.132674	1001.156887	2820.923553	2256.993224	1237.454242	1750.651681	8843.465202	1312.562095	6321.373657	3381.35163	2767.805126	2102.974381	3018.18909	3672.966918	2240.725548	434.4304364	1266.327787	2375.470329	5300.806885	1320.719557	2490.776773	3085.5185	5685.16893	2680.571409	4597.549648	2452.385497	5942.75427	4031.036631	2603.04557	2244.793472	4113.30692	2182.270149	4241.555709	7320.103924	8279.579807		9212.814573	4553.459373		11544.68204	5116.45485	2594.421875	6293.548757	2605.781327	3327.518991		3822.198356	5346.070943	8912.454856	4190.089962	6209.400246	4301.464927	4560.122171	3959.752232	2843.540363	3126.910213		4673.385022	7561.422247	4349.340558	2537.814466	6704.896962		3797.416982	5348.934292	2133.473158	3714.141202	3986.726315		5068.884891	4676.90236	6380.517387	5093.422364	4725.984663	4103.390751	6690.369989	5036.363364	5421.888728	2773.256047	11881.29749	10694.21931	2676.970879	5439.902931
PE 36:1; [M+H]+@7.48	11374.94828	16810.2941	14827.95361	18626.90235	11656.204	14530.96388	12759.50514	13569.69652	43010.41241	16050.05574	30972.02455	13529.05772		24182.67899	13729.70633	16380.95708	6868.30454	13488.99373	14319.1171	24175.64281	33494.58611	19047.51809	35009.34588	17003.76766	9826.851297	19384.87818	15468.57805	16510.15435	17374.74721	23867.84488	27282.1768	21654.47567	14593.88559	12727.31237	21580.53222	50060.4064	15850.70319	9108.860569		12355.13484	13041.5392	19872.7805	14464.04028	24381.51277	7872.735181	19778.12035	352.2575805	19621.58336	21007.8855	27576.4929	18553.29514	12824.70394	14332.77405	25834.74882	25616.14579	17378.68168	28262.96011	26671.86138	17789.50948	10679.41285	13021.75007	18208.67846	19541.54912	16679.75356	20806.22492	12080.43072	18366.36036	16395.01507	36599.69986	25204.03868	21165.08999	25961.42982	40557.18002	26594.7667	17087.70837	20856.11623		20966.01985	30185.12024	16176.4409	15765.62596	14432.505	15903.26998	19469.79601	33425.89843	24067.63441	15042.88657	19658.30231	15058.31998	19389.36301	10829.9421	20521.72507	10435.03968	16506.28601		21594.83777	26732.94588	16927.90258	33312.86654	15602.39291
PE 36:2; [M+H]+@7.03	37954.11074	133842.8575	136864.9436	67155.16738	77742.56717	109860.3888	63692.92088	62855.41564	264706.966	85799.36433	326901.8159	103487.6554	117250.4891	138378.9898	139394.0033	96584.79081	56194.82595	37878.94513	94635.81883	85400.38579	277695.9278	88503.00337	114182.3364	101198.4294	66317.50457	30755.35814	113298.3252	107536.5442	155089.0399	43702.01147	110139.3584	223251.8219	106635.5747	84664.40746	137140.9158	212253.044	61097.39456	68803.17727	188777.0748	77959.92159	74109.51736	52377.39964	21439.43411	195802.4387	59273.00276	173239.3913	42812.94041	99201.78803	93541.98827	89923.41433	69921.50012	68489.67881	81615.70799	83164.87062	235458.9062	101232.8089	138618.2246	233153.3856	72679.79053	43265.03346	82309.80282	69563.91618	65795.45032	164003.064	127944.3609	99420.2062	123943.9822	144227.936	230814.4011	177654.3403	197861.7692	119078.3901	361668.736	265172.057	174231.0216	78530.05617	96164.30634	153609.6518	116457.9982	106535.8795	143542.6717	92429.31091	133404.9668	122751.4374	131489.6702	225648.9177	110708.3625	83581.26037	89688.52853	152531.0946	71607.41141	66016.34621	56377.1197	199159.8384	122191.3354	121616.9624	63371.23235	78876.47525	126149.3636	89397.29638
PE 36:3; [M+H]+@6.58	23912.10511	72173.36436	80649.01087	44638.15544	67071.0853	77080.90338	45080.09162	46662.91347	191013.0804	59636.72954	178040.7585	80830.58672	52869.14537	94329.91304	82254.10111	71025.25614	24465.12698	16613.58312	49366.80219	47400.9359	138400.0904	65821.12028	61141.77367	103161.1756	44095.64972	24860.9407	62451.28579	50404.84373	92324.87285	24452.9528	79597.98483	168005.5059	104690.3935	86474.33418	92008.50886	147726.9499	29493.20078	60341.44234	135595.0041	41969.31677	70661.2393	38927.70333	20441.23738	215211.2739	52436.10554	135300.4877	45259.81506	76534.16151	57804.75444	69193.21184	44892.60421	46139.05595	52810.32978	69690.03031	188523.8561	106623.2636	102511.9981	210564.4493	95424.12601	70261.91744	84544.65904	67327.05764	61072.47305	127906.0663	95717.98478	69934.90583	117273.4094	108290.3567	203310.5407	121101.4906	133114.6885	102585.7524	242506.9914	242724.2855	135494.2556	51461.20041	72152.42011	139113.0305	82375.58542	95576.71249	94210.83755	44360.46124	98194.4179	112474.8651	94278.02758	134446.3839	74277.59267	67154.07279	78402.53365	136636.4844	67676.35587	44179.37108	56293.78907	151815.0542	85621.80952	127476.8786	53182.0224	58079.66152	75364.78863	65525.7025
PE 36:4; [M+H]+@6.34	22263.26852	41846.0874	45468.20174	31286.33486	42009.80355	25443.53427	55489.33108	70602.23934	83372.33689	27281.58311	133472.9403	74276.67483	33144.31013	87991.6267	65665.87541	45271.47191	45450.25912	35934.31296	58349.56952	43070.46554	81746.5937	37620.84328	56668.02747	38660.93953	40854.79541	9137.580647	69696.87194	40222.17364	130552.3412	20117.86288	23951.25507	67077.57988	55843.83995	24770.44483	87582.38898	120671.9044	53835.03453	32639.57891	98694.7755	27856.19667	19906.14547	18782.00717	12948.67515	63873.03157	37941.25539	95686.34171	35857.16237	35363.13541	62597.93949	19676.20446	66142.34058	45993.86438	58808.21897	21544.23898	91164.84144	38571.88713	80064.29927	59739.89885	46679.94309	54598.54823	41521.11501	38565.9751	37633.08378	83186.33584	24145.58682	36852.63019	53247.31175	76268.91778	126340.5867	46417.15539	92430.46528	77630.794	68704.27244	48290.81054	53139.34006	42977.0802	37995.54223	78692.12445	37618.49928	63486.15136	43474.19161	57307.60192	74808.16358	42249.24406	158453.7233	143758.5804	65514.91098	28672.39493	57182.00969	98750.08982	64101.67081	69303.41699	16656.28669	65221.10741	50388.56756	62712.67888	17993.12995	40638.0571	51767.2198	52534.18983
PE 36:5; [M+H]+@6.04	4802.264838	4624.070721	5522.938869	2563.93974	3238.342048	5586.47582	2198.639258	4512.068218	7457.377403	996.9608112	15030.55262	8962.572698	9525.223379	11756.95136	5616.916905	4445.664441	1565.6162	1372.879384	4234.414001	5655.460445	3806.456471	1472.890596	6045.494968	3393.11754	2703.935125	1166.998077	5350.306682	3512.120992	8535.282939	4270.564871	1767.988112	10717.56521	11059.83587	3833.044713	9254.963998	4633.244408	2234.613875	3857.475467	4998.442229	1233.486559	2496.269255	1788.829905	994.631372	3594.007925	4456.983429	7919.236079	3327.127063	1465.190903	2000.809849	2221.865842	5777.86755	2161.276721	8887.575328	1375.405119	10772.21126	7482.244312	3287.706283	10375.68142	4582.853442	4556.431869	5754.848473	4256.5441	3100.116258	12370.26049	2797.404555	6208.915016	9821.404614	5360.959168	25848.29586	10281.02182	6250.028241	3810.599711	5037.212305	3231.942918	3171.61865	4150.371139	5521.49296	8794.926641	5329.079357	8661.22384	19290.1821	6264.254901	9447.233041	7548.82	12008.82899	8611.703451	5412.545144	1882.518089	6376.724905	3553.285561	5977.095788	4244.628755	2448.068649	2603.071432	2029.912029	9048.894123	1518.251853	2708.377096	8924.577638	4416.450878
PE 38:4; [M+H]+@7.04	42062.09476	105246.8587	110048.6327	57445.18808	92132.00938	80547.46642	128163.7975	127322.3823	240154.567	83557.9201	314994.8008	167142.1105	105727.8541	133485.6994	141409.988	150744.1107	102807.9101	49524.6957	78881.40688	187748.096	176632.6612	97493.60612	156163.9387	90691.30445	73482.35595	31795.8826	147089.7846	110159.0187	246731.1197	65970.4878	73332.74099	243996.53	157917.1187	51676.71445	171076.0144	248422.2379	170848.3954	88599.98426	277493.8395	110529.095	45262.85254	62171.4359	15753.04362	118870.0371	79980.60884	227093.4077	54757.16969	53122.11423	96209.04792	77361.75813	96373.27415	123516.2517	189591.3012	128700.3583	189131.486	149864.0024	100235.9409	91328.82965	112840.0477	88395.03516	39497.43817	130988.3934	78270.71876	231547.7035	60207.95317	59619.59042	106524.7814	152297.6097	214660.3379	115678.8031	224842.3948	155140.884	396547.6393	181754.9929	111204.536	119453.3618	131739.9683	148504.9165	102339.6877	138936.522	102639.1192	155709.9437	121802.057	132486.5657	313267.3808	212137.814	256131.509	75077.5754	103792.4349	227401.0299	126517.6164	99066.41566	32344.24903	142068.4254	106034.3286	141843.0046	61318.58422	88016.88798	170737.7213	134072.9915
PE 38:5; [M+H]+@6.52	40990.53928	47580.5444	76981.62692	61275.29371	56120.99726	70405.81756	81739.32532	108320.5875	124039.8408	47674.12118	134949.3154	65174.10265	71385.75162	87364.70905	97622.97467	108655.7677	52938.62528	40312.66253	64499.78482	48659.73722	88324.71786	49367.07778	103288.3448	69081.65844	68062.1032	43504.70373	76423.34467	71715.90082	111008.1178	60696.50302	58284.66247	110846.5782	77033.72561	78189.58015	86706.30042	122590.3762	69168.94523	59551.66212	176905.5866	54959.18025	38676.58299	27142.81537	13628.52411	98139.96426	58422.23502	143628.0057	58739.20332	51499.27256	87369.80855	66115.88162	93101.26862	53706.91925	111531.9125	46481.83627	95170.55859	116052.0089	70239.04841	120231.1451	98278.22842	104280.512	51791.912	106351.9654	99957.98609	174217.2582	40901.95593	62989.23332	78441.24258	133304.3464	138917.8031	108311.3014	128149.1624	157391.2407	125503.5144	115950.1208	93256.54046	57712.30906	100972.8612	129636.0871	70315.80103	95363.54884	126220.7157	94047.48511	101441.2331	75904.10495	180414.7124	99485.54313	131054.5096	39897.96059	86601.31064	136173.53	94683.10097	101679.4829	58475.96042	99479.27733	76472.01544	98073.43857	38397.2325	75946.09595	78767.63581	87178.41537
PE 38:6; [M+H]+@6.25	33902.63184	49977.70637	40792.81514	37988.69345	40438.01287	41581.9728	71202.47981	60841.11263	53885.01574	41484.30523	65020.26638	64986.60751	46313.906	59050.46899	33233.36613	39581.83682	38346.57535	25326.07303	39687.73362	37023.18522	72950.54232	32919.38185	75159.08941	40351.92902	41864.47273	34401.79483	46027.16025	33045.81424	75617.33839	57781.39468	30814.73341	48452.94444	43742.46921	26312.41334	40726.66472	65029.69783	45730.85387	30446.28463	98176.86507	15841.40233	37707.35487	32164.45369	12620.20507	91927.11659	15857.47386	57572.14332	35149.10569	29446.06239	68875.07087	36148.09132	52721.42781	27097.66258	77779.04391	22158.85583	42135.07196	49064.14309	71697.29857	54128.9982	41790.57794	50655.15332	27039.94104	49543.6578	32554.22915	65443.00664	27478.36165	50470.06502	43906.31273	65630.8667	41186.63455	69236.82575	70035.4641	41561.73086	35591.53746	46506.73966	34911.8812	40086.36577	51783.94551	70415.87933	29692.02128	34924.22846	87018.83156	41623.39707	48615.56679	88484.41814	71122.05613	39671.40228	55519.21906	28137.76866	63613.27676	66251.25904	31650.1646	33966.34105	33011.56506	48829.48133	33641.51246	50409.99931	17117.80473	34024.47078	27077.6425	38315.01781
PE 40:6; [M+H]+@6.93	15461.3527	36603.20443	36793.52012	13196.96343	24124.78511	9430.554884	30440.72243	21842.30106	34067.30019	27616.07336	46534.51269	41879.13785	22806.73342	25746.94709	26754.25708	30708.88664	27764.7948	7721.528274	28715.17239	15253.98454	38198.26973	12650.46896	38011.85347	25791.12702	17596.34278	9049.77392	52792.88604	20055.04419	32696.35202	24565.57707	5465.898074	30053.66286	16617.3053	13044.25137	21877.59357	41120.16758	38191.18827	16602.82496	31879.73833	15330.34791	19127.59581	28387.21214	2789.454129	42809.45307	17837.43624	18787.32351	25355.59902	22535.2587	30064.81424	23322.71587	42511.32054	9482.737392	62824.7994	22464.82153	26869.22073	34697.05377	30349.88087	21432.57494	13980.27389	23208.46987	16146.64167	22995.41551	18060.35693	36017.66327	24706.55982	34201.04767	21872.90908	32892.7791	40822.491	32250.14394	50965.666	30482.36306	52396.80645	47814.06652	21360.25423	27481.68644	27199.96738	41985.84617	49468.97245	21329.21963	55885.232	40035.35071	43074.84676	80512.94249	26800.79405	24566.84265	36291.50855	15875.09745	39516.88196	53521.82752	28565.52987	29295.42227	22092.84857	23674.47615	14220.8299	35021.19115	18004.65794	14389.96993	14871.73697	43550.5981
PE 40:7; [M+H]+@6.44	9791.324315	15687.68275	23181.27946	13343.89783	24062.7256	15983.73472	21360.72289	21075.69049	27761.17332	7344.153467	14488.27158	14144.12304	23158.07426	19871.93151	17932.63743	36242.14922	12637.70625	6711.3161	25865.20709	14526.34207	14520.81807	8888.436075	30471.61317	12844.50817	11926.23291	5202.151303	12599.89133	19387.76716	19646.47792	8960.296867	11189.11564	28710.38523	13461.4864	20149.72408	8556.633934	17291.66264	13287.07842	13348.30441	27963.3382	9524.994574	7970.443883	6111.165191	4523.139652	51266.43325	8877.184818	16409.73605	17574.62729	11227.41521	24392.78422	13773.9146	25519.40046	20784.51175	32027.74656	4391.762041	21579.43818	16785.79441	14978.53112	16972.20228	11040.0315	17425.77087	20361.38268	18522.20993	17745.98466	36337.77248	21777.90457	24322.10388	18075.3671	26852.59544	44375.42735	20711.81868	49475.44291	14167.89259	33465.05794	13245.5882	17694.37237	25937.71695	20255.1742	37464.25377	15878.3519	33577.08099	45038.21443	11715.15686	25313.15599	43460.57586	36251.88377	20788.95686	16217.22009	8436.439504	20406.00785	20128.20729	15845.2784	18777.94712	8552.06736	31006.48859	17765.2972	15981.19062	17126.44502	14258.85428	16322.21374	19572.18122
SM 21:0; [M]+@1.89	2699.314223	10447.23427	6496.03167	5647.464664	4827.595023	5665.330556	4084.242252	8034.105122	2290.150301	3013.993949	4959.690762	3836.188595	5779.995271	4861.536222	8706.587396	5785.044817	2110.089051	2711.659773	11625.84284	5434.90513	5865.463873	4635.483568	2693.984194	8310.015078	3369.120609	2104.281068	5693.316264	2038.53441	5748.335309	4772.309781	2526.97742	10593.56474	5271.815082	3354.961194	6941.540197	5968.172887	8680.017527	4173.791358	4207.908262	2578.206663	5825.513616	8847.958536	3034.148587	6375.252062	8075.763613	9829.602015	3521.889588	4317.379554	5671.220378	6513.290977	13195.20719	15845.09617	8137.79919	10448.673	8181.422445	11495.31041	3982.16743	10871.88938	12385.10475	2826.480847	2289.902815	5432.733293	4489.242469	7526.062511	13809.99126	10354.57655	7113.919755	9773.415301	9259.956781	7669.260591	15927.48046	9084.22655	6561.922648	15213.96609	9755.830111	6390.269054	7015.946395	8524.800734	5377.976177	6441.174583	7440.236982	5498.034522	6359.043632	8189.285561	9979.449307	2916.852142	7963.465815	3520.006261	8256.875375	4255.79554	3206.20687	8219.891182	8327.039968	10697.54956	5551.836115	2517.157413	3743.428148	6932.261561	8402.102548	2076.839899
SM 28:1; [M]+@3.62	3641.429745	13416.68191	3513.659706	5050.917113	4582.402211	7351.87488	3322.826358	5211.447209	231.0017123	21.32156042	21549.89113	3235.169742	14144.22711	9107.293324	4808.713479	4484.932482	2531.5078	11217.83416	41513.0006	15889.69837	1994.866202	67.03957759	9221.778216	3922.869229		2134.663082	1570.649283		3602.442277	77.67049576	18185.73503		23671.57543	14609.81149	7777.039352	3296.167324	2188.905855	3327.066567	20594.87408		5604.579249	16566.84981	1672.620195	8979.165247	5511.908841	2987.727197	6763.198751		13597.52234	12534.30925	154.6917523	6280.075747	2870.535368	3957.74242	23323.50461	14212.70944	7545.507739	17673.66254		898.6053316		19080.17498	25402.89717		12913.63205		384.8444726	16197.99637	7679.507045	38383.45523	40759.13907		2199.579937		12397.52759	2918.197445	8927.348013	2914.849534		8327.87578		10406.39423				2744.022949	17505.54329	423.2762855	7973.049821	4883.254126	2793.284984	2432.339897		10374.78355	12078.30246	96249.29403	1186.873632		26104.34972	5759.654748
SM 29:1; [M]+@3.99	1193.030579	3115.284774	671.2790945	507.6588246	506.2522588	413.742249	398.3837737	877.8606472	751.7027893	114.4555695	255.4226297	393.1017527	1463.453332	1848.604948	1483.057979	653.9870933	252.2739931	690.5467584	1145.692978	512.4978379	343.3239372	1022.492361	1071.223495	1530.049742	702.3184287	436.9654775	372.6256061	435.7409439	1325.211861	402.7122407	526.3016431	579.8627734	436.1689672	237.9119924	430.3926942	712.3315848	292.0216304	362.5763119	854.7251394	985.4381542	218.1473497	485.2878714	723.2535419	254.9180727	531.6635554	723.3262359	348.9471776	458.1856742	209.7251788	947.7566965	1905.60475	1739.699493	801.3284118	2005.860961	819.746298	2177.934298	2237.407334	2554.360336	711.4154285	567.0617631	229.6623844	621.02556	1057.350207	475.0207115	2552.384273	960.5058231	901.0605784	402.7440142	957.1743481	849.9805564	1742.236584	1434.372511	231.3626326	806.6219881	744.1904435	923.7465282	879.5297832	794.8947385	2560.940877	605.3988072	653.6664721	124.9201334	852.0254975	629.5193883	1427.756858	497.6506155	346.3497006	1012.970412	736.6646106	1513.484361	994.9872943	661.2550358	879.2255372	2574.06655	564.5696998		2319.960157	143.9584808	655.563205	1339.901806
SM 30:1; [M+Na]+@4.39	4050.998836	8586.364358	1351.326701	2335.304137	1832.981044	1434.739541	948.6699834	2005.575383	1220.742194	1023.460612	1958.50507	990.0076271	4210.737738	3458.698287	4354.531311	2165.615835	2222.127314	2153.354608	1971.618007	2107.737403	1117.020478	2540.487793	2901.89683	1877.888569	1564.135375	1416.708642	2284.369753	1856.7736	1936.874308	2242.74661	1145.114532	1705.98568	1410.04389	684.8384118	950.3892068	2926.774349	1205.536465	811.0221628	1653.670589	1485.209657	1666.589747	1145.112221	744.818959	811.3457306	2244.601571	3483.211128	1173.833622	435.5462162	1735.103073	1514.343359	2418.671816	2648.926953	1378.527163	1863.14588	3874.644409	2187.220768	2261.60134	4468.907674	2570.601704	2162.945521	2270.643574	741.5042043	2690.022104	1168.831172	1014.717208	2005.279777	1955.376224	1252.892709	4319.403563	1632.152162	5230.913454	2690.803109	2347.003045	1325.306326	2954.681564	4034.431907	1888.481387	1557.921093	3139.602369	2882.383924	2486.079311	3561.595648	1165.851361	791.213202	4861.229408	2779.726556	1676.157074	2192.421087	1618.00122	3351.79998	2055.009642	2176.099874	2775.445007	4321.245078	1096.787759	1914.96942	2461.358225	3137.862125	3022.026651	3918.412965
SM 30:1; [M]+@4.36	29545.93054	85150.54902	23313.86034	15804.9057	17691.1284	14409.59687	12473.22399	21253.82748	8318.741544	6077.903961	16866.39659	13859.12982	42973.6093	55569.1678	42670.91676	30699.72237	18753.58584	22701.05983	28236.15275	18333.62032	16042.9366	20164.05404	34357.00486	40847.91722	18849.63065	10061.587	18305.94976	21265.51314	32407.95101	17674.86927	13837.23752	23478.42239	13248.70358	6330.432272	18160.91443	25351.57675	13539.51683	11402.16673	19270.56454	8872.009206	19560.34909	11546.80884	10541.64131	8919.508421	15433.96764	21166.85546	8365.759046	10734.18974	21705.93877	13753.06328	23447.68293	20420.79122	25547.70352	39186.96625	32112.18551	33769.57584	27429.23886	66855.30045	20461.30181	17974.46475	13858.61919	9478.732873	25664.07916	23810.1865	45831.04534	20216.6329	21077.01736	10351.16842	38231.67739	25504.16091	44367.54591	33866.69175	28050.09999	16795.9341	31984.43375	30837.68294	23959.93712	27739.90447	38061.34435	25498.39518	22398.30092	22814.66057	14363.76117	9315.579962	38043.24881	22967.67255	26971.94542	17670.86108	17564.51507	29489.29882	37713.84226	25957.44265	17656.31978	38246.01675	17001.15316	7528.381036	24622.1746	18673.02915	21431.90992	38856.6518
SM 31:1; [M]+@4.78	10419.97424	22573.70774	16083.71253	11915.60113	11022.18001	8093.51051	9018.782235	11315.32984	4421.974065	4617.133907	10948.30584	9085.380607	17777.76501	16914.30479	23294.18196	19488.3598	8719.917517	14044.9357	18159.83752	12155.46725	7875.104531	11283.07029	16486.7467	20508.44767	13617.47576	8767.256635	13678.87923	10666.45457	12135.45042	9515.875772	8032.450318	8724.992269	8033.988429	3871.213749	7332.850694	11731.81436	7387.272364	5255.18717	10915.15083	4999.815708	13325.42249	5746.818827	6476.979266	5949.952558	11353.29003	14850.76746	5748.253447	4143.476996	10414.19359	8084.136631	15868.70875	19291.31625	17182.41296	24510.17343	16666.34238	13708.17592	14233.14674	22288.14059	11857.5639	8762.343972	8168.091011	9879.108486	11639.25043	15647.17473	30484.70514	14158.03111	10399.36974	10586.14623	23876.96102	16280.35369	31133.99237	13056.89734	22494.68102	10878.90781	15711.86297	15235.33319	15011.72875	12701.95881	16551.75269	20384.48611	15482.66192	12151.54875	9422.341547	6446.119472	26887.45969	18098.77	18906.78056	12203.52654	12666.10651	15802.93663	13903.14733	18044.04825	12920.67045	18403.37419	14518.44223	6133.240494	20163.69542	11040.24684	15354.66343	17443.97587
SM 32:0; [M]+@5.47	27646.09743	31754.30691	21039.93437	16273.35111	18847.54926	13583.50805	12870.58326	16566.42742	10709.03427	8430.519494	19673.5386	11380.39031	21577.30905	22479.43833	28829.80626	21760.80714	17211.37674	33745.37323	27920.24982	23202.59647	16244.85338	27456.1107	28662.20688	29625.84633	9762.983477	10340.34638	16818.91999	20317.82813	20086.68427	11733.15776	11085.14634	16587.66743	11287.17426	5762.791267	14726.84798	19004.97965	22329.17075	12825.27312	13750.57935	8452.682751	20642.71487	8091.635559	6257.302285	14558.60318	16365.69965	21290.34727	11118.25708	15662.69982	20531.48908	16482.29596	24377.83161	33835.81874	29144.2213	30838.82608	27322.92326	22770.14253	32638.78722	43343.11759	22885.16101	19603.88169	12457.24073	14366.51098	11035.42642	14336.02364	42081.33843	23326.92904	27001.62006	17304.35623	27992.04381	20274.14142	45171.66441	26111.49288	32275.25577	24015.94491	23114.22124	21711.82908	22925.18221	24900.2689	16480.17878	22181.57655	28752.22156	21034.81071	23670.76141	17190.64851	37517.04064	20124.27431	22922.10351	15917.7081	25566.64134	19979.70643	39377.20439	19247.7273	19828.57475	72670.41037	15293.92333	9431.942372	24537.45503	20821.49308	24993.11891	35518.38449
SM 32:1; [M+Na]+@5.15	47821.86421	89074.40605	57670.12806	39973.69701	59317.62344	47211.05377	42699.90083	54536.04195	35493.69497	26028.54154	55189.68938	36137.53655	76227.63253	67146.05765	81310.36947	78898.96101	51089.172	49990.35295	71802.36879	85945.41112	52682.93422	51774.11409	50694.56703	76643.31171	44355.31575	29238.11042	41626.18481	43928.97678	58532.17108	33442.54221	39037.45467	55640.48153	45332.74341	18964.79669	43351.83025	62873.21938	50098.66177	36846.51822	37030.09466	23673.24484	48209.80288	24900.33431	12773.35578	48315.2929	52856.93939	50295.56923	37601.10828	30348.89972	53087.8514	53451.2547	49574.57747	23166.53277	61938.38997	50472.87243	92194.28954	52665.12158	25857.73498	55790.72341	67277.3702	46865.83042	41914.39304	38684.01302	42657.7211	60672.20419	32020.25489	57980.44938	82397.86173	54413.9195	83172.98185	68279.90879	80463.71566	62977.5518	69902.00865	78192.84116	53308.55406	50103.50057	80256.81724	79284.22529	43501.53133	61818.95893	80508.3386	51874.89911	73080.33548	49484.53237	88807.06236	75506.3324	83139.85059	33958.28896	64209.0491	60524.09459	100325.4424	79077.60389	55455.20628	107352.6544	63900.88242	39237.60427	37387.30595	53771.85777	87326.88072	97815.69663
SM 32:1; [M]+@5.14	509043.1419	1174933.812	817140.7499	538743.253	833070.2716	539110.4816	443184.0872	736382.6357	507879.6045	343855.1076	673685.4405	460107.3525	944568.6515	861265.5436	1122290.141	1029335.286	586386.2659	815761.3301	1057560.045	1025753.258	593151.4446	666544.5354	612693.278	1274709.302	516012.7845	348412.9511	615467.6646	761268.8477	723577.7991	425093.256	474061.9175	729244.0878	495702.2108	226868.5464	457581.2607	749906.6925	636247.0355	472285.5768	398313.5988	314581.5312	778285.5747	285768.3871	191887.9123	576536.6365	558760.4786	671935.0211	376459.8856	440342.2377	621240.0172	619207.7044	1036898.481	907574.4928	762710.0897	1303374.373	1122369.712	865490.4229	727884.8595	1543239.822	773187.2225	506375.8331	520264.2773	537703.4498	520186.4127	802559.0927	1259520.985	801399.7974	974910.0944	605488.3039	1154285.092	755544.9526	1614768.195	954395.8265	1258965.628	863485.2519	872794.6728	898949.2738	976251.5511	841847.2983	745962.2138	877823.1008	954029.5245	873541.1553	871413.8872	584305.5086	1450527.226	897128.8782	981288.9497	633619.6143	777875.0405	692896.5306	1120346.208	859917.3586	844782.8801	1622292.308	765099.5552	404131.2172	935463.7533	865945.3932	1046053.514	1190972.84
SM 32:2; [M+Na]+@4.57	4766.638837	7365.966327	4827.953466	1377.517669	1791.011657	1668.302184	1973.555852	3428.642028	1880.38868	1194.866756	4232.860211	2934.548466	3990.858582	3302.762085	4558.824012	4092.380433	3159.621663	3282.601691	2431.635511	1986.056029	2492.267746	1457.402955	2343.822532	5244.155603	2382.941359	1302.733195	1685.62245	1509.351368	2567.347442	2387.747371	3465.317137	1640.72469	2587.036085	513.9437652	1240.165729	2892.110336	1921.948074	1472.376554	1365.442329	2536.645979	3032.810668	2832.33578	2092.541631	3905.639326	1455.358682	1914.184331	1906.250803	1092.954607	3228.735611	4013.472308	3102.383075	2264.53393	3713.71758	4409.976006	3780.185002	5472.208374	2308.095528	7151.155226	2901.146987	2180.531444	3020.249457	1852.637585	2640.48058	4796.84655	1998.88092	2345.542444	2783.65194	1351.463791	6702.67639	3490.795046	9779.285055	3330.210414	3720.054693	3223.001445	4294.291631	2613.741129	4439.55388	4804.609917	3232.36059	5503.577438	3590.859425	4316.773528	1095.889697	1707.014868	6817.079011	6033.200141	3930.569065	5010.874959	3256.977196	4709.303415	3273.792781	3416.286494	3198.964036	1528.47037	2933.83929	1605.146585	2616.384932	2670.77082	3863.440123	4330.97305
SM 32:2; [M]+@4.53	39060.63714	73719.25414	36696.84262	17868.65812	28343.85801	24628.40625	28105.73833	45305.80799	19582.80111	19582.0189	34590.18915	22225.67784	38425.23321	37373.59224	73423.14197	70063.94679	40279.57277	45085.26457	36894.14915	34874.26348	25207.01892	30047.46594	35349.4495	77863.60535	29300.29994	18529.90792	26003.02944	41583.52154	53421.01254	34835.73828	27165.75291	33007.20029	22196.49206	11357.7846	26983.77374	47468.21584	25121.09858	23256.87797	24739.93617	22272.74431	38518.37812	22817.59866	17669.486	56048.20227	32020.70016	37244.24094	18697.54666	19088.29138	50759.08027	43167.67798	37923.8683	72432.49562	46431.31452	67170.05623	57083.56958	78983.30343	58413.33606	99292.98021	36204.13518	25592.43146	28100.94449	21563.96743	35691.10075	47420.59993	101716.5571	35080.12972	43186.78944	22134.01616	68951.31981	43543.84895	87336.08529	48971.7475	57883.23935	37699.80667	51916.84153	47699.12799	60180.326	56704.1364	62666.81527	76471.93441	49202.9624	63433.60543	34779.20006	24251.6982	89207.33509	81061.63451	52218.33961	37926.01495	28048.46961	65000.24285	50165.53227	42081.66638	35660.45817	34672.5522	47807.32982	18870.6787	54388.22642	35714.92019	71263.16025	62561.13877
SM 33:0; [M]+@5.79	6196.284476	18967.53489	16624.07139	14117.95526	9720.010261	9933.206917	13318.40221	9684.782874	9969.845274	7490.483309	9757.771641	8069.949249	9723.986494	13291.62427	14722.26559	16699.65315	16635.56016	13537.44168	19509.53913	10232.49933	8382.287772	9468.533105	9980.024725	18606.55734	5093.719353	7711.302261	10722.27861	7228.95091	8470.708643	8776.54502	9226.44063	6876.335919	9041.375762	3018.987168	6837.385247	16890.46749	8487.497357	4939.434811	8155.228768	8937.204193	15106.05741	8212.281292	5817.068291	10197.90696	8895.746108	14997.98414	4852.112299	11396.9646	11490.21016	12822.98006	19891.0658	32381.88807	15155.80243	34267.56364	19154.24385	13780.04177	13050.31673	23446.61227	17327.93334	7316.542544	6356.982328	10560.61715	7051.257746	15484.35094	29859.63879	22156.96265	20232.20726	7462.485137	26433.29229	19032.44629	42677.72417	15401.63182	14585.57906	24580.26693	20909.87665	19153.6425	20664.11816	12162.79969	15845.34969	16132.53595	25613.89177	15596.75165	16578.11029	16536.16112	23027.88516	15344.09861	17097.33727	14133.85663	12252.24853	12061.81853	14526.2171	14485.74309	13027.16713	11634.48885	19060.80184	7703.115042	14521.32564	7514.88944	25201.44761	16527.94548
SM 33:1; [M+Na]+@5.55	24077.073	29538.90167	28475.9735	32573.65365	24176.55932	19526.65223	18869.23024	22108.56628	18990.05918	14547.6665	22527.89379	15697.46683	29100.92715	25032.95319	38654.90109	39121.93809	25699.16954	18075.28755	33838.96017	32451.55774	21290.69591	21311.11308	20554.21481	35312.21452	26212.53098	12391.90402	22500.29315	24257.66057	27969.1839	17664.89201	15092.3554	23020.06826	23058.42741	11309.16505	15719.42282	28682.76005	22410.38706	17501.88133	12871.44097	12799.4684	24280.54111	11404.47559	10432.08139	23353.05185	31929.1837	27289.25039	12706.81639	17104.72826	25297.59245	29263.44475	23181.45712	22969.64397	25986.79346	36305.55152	34042.86702	19884.57805	21587.27342	31301.92751	37637.09464	24350.13709	17974.07006	22848.90461	18722.08898	25100.22589	22194.71282	30809.43311	33850.1407	31047.49777	35166.80751	30850.33649	43327.3549	36580.5464	36909.80048	38568.86854	28308.73484	19853.46277	40749.17912	28682.5413	22088.05042	28334.67461	36879.44183	22489.04732	30556.1213	24415.78355	50036.66374	30727.90136	37422.74402	22592.06204	28116.50036	21838.05443	41347.37388	41837.74053	21875.85741	37506.09735	31179.13698	20481.87579	32415.95788	23637.41871	39003.15523	33222.06101
SM 33:1; [M]+@5.51	214353.472	355537.9505	395411.6332	323281.9309	335898.9561	224869.8015	240886.1346	300248.3077	213770.29	186478.3367	318142.7533	213832.8589	374223.9937	359068.0881	538155.9974	490986.1183	303016.6155	291020.8037	464821.9113	461326.4585	260298.9432	319598.6443	313605.7895	566272.1659	281787.0821	149871.3169	316912.8059	285190.9506	320006.0881	208608.5338	192675.7985	286096.6301	269858.8269	117273.362	196186.9938	366446.4596	241127.0858	158433.3752	191320.4711	173836.6798	387040.1764	113139.3566	125843.1062	239082.8955	338696.4473	343846.054	144922.6308	205835.7387	353146.1393	358310.9774	399010.4475	522767.146	401262.2431	666113.6594	466760.8066	351246.43	412849.8979	547614.7134	481823.9368	241135.4431	243520.7631	282293.5649	277251.9418	363957.597	550743.7339	438262.7418	480391.0726	350085.0037	631818.5902	412482.3333	1048993.317	456551.1633	592422.6095	503958.5723	420178.9996	364786.9056	495423.4528	421464.9912	390744.414	458533.1896	528127.9848	397069.0953	406538.7494	274757.5687	732054.3487	398011.5222	492566.7316	380102.7361	375092.9597	367395.0031	422295.1885	460258.4878	381004.2019	691738.9005	445260.1848	233619.14	401525.6682	349825.4874	479785.258	502034.6816
SM 33:2; [M]+@4.98	8419.420177	14293.44992	12806.04703	7951.436931	10962.32229	9293.364376	8841.548803	12807.49557	8849.492375	7460.353329	12618.55065	8445.283652	9008.003268	9211.284317	16415.82276	23585.83268	9952.995299	12436.67447	13308.00201	10378.20487	7108.934461	6175.344599	9242.507317	14589.83832	9821.862646	5560.860165	9570.832122	12156.72065	13074.42136	7294.376003	5872.951833	7859.766919	8091.894674	4078.079844	5580.828092	8482.042162	8251.765202	5093.257425	5312.838265	6508.707101	13844.33291	7183.563256	4820.335895	12686.44096	9621.56513	11811.911	5041.84968	6711.277461	14733.97103	13310.20288	13927.78292	20816.13042	13600.34533	26731.68922	16727.99437	20486.53923	17552.07882	26425.57379	9910.367243	10434.63964	6896.897837	7925.87188	9355.374665	14341.83909	20095.59627	12587.86221	13584.60063	10084.97927	18991.67349	15251.02869	33181.37744	10214.21503	18942.64035	12486.04922	14523.07697	11157.29814	11845.81746	9215.05657	11188.54821	19619.6719	19754.73182	13274.89183	13118.63232	11521.98275	21837.87453	11206.64431	14472.24613	14594.7338	15112.75537	13283.36657	9202.421717	16906.53679	9900.730084	13950.37977	14117.77982	5787.429026	18610.75649	15852.8521	16901.69782	16364.93134
SM 34:0; [M]+@6.13	153021.9133	146608.1494	217588.5271	84743.46337	331756.6919	158561.2776	182015.8923	211246.4442	117081.8896	166610.7506	229807.9534	146751.8243	113254.1397	128200.5536	365342.8761	298140.1591	257553.994	191327.5578	262207.9903	287823.8063	204136.4038	200607.8371	209593.9711	291348.7533	153082.2711	109526.2188	205677.725	193678.0399	198319.3259	96353.33456	200806.1458	199681.5633	204161.0886	97287.47695	192587.7577	407747.973	214053.1296	161687.4341	148688.3967	65287.99986	254783.6318	48287.05288	58119.82713	206400.5265	299581.5099	305657.831	159399.8141	131920.136	113140.9525	110170.2286	448644.7881	170912.7272	197981.0277	155220.7815	192241.5299	183275.6779	377428.6463	188239.021	200913.9484	83338.07091	118234.3917	195209.9239	113380.0591	124763.3351	381085.5424	159161.4212	207750.9444	156386.6026	237893.5097	276735.7818	618149.1629	357220.4187	258949.7638	480684.5603	170997.3745	179895.9848	401646.1402	170733.8905	249444.3345	257526.2506	280172.138	235350.5151	207185.6165	209876.257	374670.0895	225360.7702	367958.6707	210981.8675	117664.337	168120.9994	364374.1572	148603.8651	259874.9725	197220.7661	352532.6471	248394.667	113670.3368	164441.4646	539394.5956	468216.8674
SM 34:1; [M+Na]+@5.87	86477.33708	97804.23028	112696.0334	109489.5618	113377.1722	101644.4769	134121.059	112204.3582	103837.9423	109050.8026	110863.1991	113551.455	66955.82742	88150.3606	118715.8857	99343.26832	107352.7841	91269.6495	90315.59761	86945.06645	122757.3156	106505.8745	102769.4684	86824.75088	78299.14103	104370.9553	84861.22699	98789.85491	87455.23731	92160.09609	99178.19757	100991.7481	87910.95137	65275.32861	111150.3006	110401.0351	102799.7753	107282.3436	88572.66086	87463.09889	138416.3298	69134.39817	99973.74338	114434.7724	123812.5297	110245.0193	88227.05629	131032.9939	121666.0581	106308.9314	130781.758	118347.0785	81507.32556	94942.70899	89318.59694	70106.8801	104294.1449	89683.80127	95452.55763	85670.05993	80807.52767	76453.60317	73148.43352	88124.15296	96212.71006	78053.65202	90932.97273	103543.9198	85966.35403	89377.16234	85676.26687	95004.19985	111584.263	127145.0902	92780.38322	116646.4122	100806.8469	81871.9521	91571.7389	60738.63718	85361.70544	120856.0372	92978.29774	99986.6697	103295.3707	101480.4808	114941.0545	109168.2486	95008.89563	103249.3162	129282.5788	102911.3266	106102.1443	81984.00337	103744.9772	121485.9793	91252.27788	128397.5754	104166.7316	120641.6445
SM 34:1; [M]+@5.80	3238291.905	5597321.898	4312613.157	3481512.637	6998897.223	2982992.426	4272832.985	4993157.211	3361161.589	2981447.142	4689730.224	3323160.47	5124969.564	4998661.998	7411720.011	5446490.592	4493265.435	3791022.808	5689980.487	5113191.797	4859428.245	4485042.109	4328802.01	5903449.916	2581585.868	2042477.331	4953626.005	4464070.46	4820183.134	3317935.339	3516555.414	4275082.564	4119574.717	2072405.051	4423562.687	11030110.06	4320661.466	3524527.443	3285140.849	2653197.429	4129303.058	1857143.916	1613480.899	6681075.455	4267839.699	5057231.597	3178641.203	3036291.754	4294359.833	4216796.733	7987676.151	6362182.315	7146187.455	6102801.388	7472571.203	5659061.606	5438203.256	7116818.971	6893580.319	3870944.513	4234727.45	4304930.521	4317473.827	5899919.664	6722375.743	6592435.895	7308587.554	6511421.393	9071140.967	5608230.599	12969938.3	8582345.467	6730610.418	8474299.531	7056680.801	5696038.729	7873641.802	6239036.552	4936967.551	5886559.413	9268216.102	7370333.868	8873841.605	9143634.252	9892974.681	10434627	8600442.076	4230781.215	6102611.623	8276626.011	9835738.002	7409026.131	6051973.143	9824359.407	9576730.939	7043100.498	3932115.02	4913241.012	9529717.003	10940221.8
SM 34:2; [M+Na]+@5.31	57991.58198	83660.02817	71934.60242	51234.36218	92647.08133	50460.65521	68560.84968	90769.63302	57753.98488	48303.55066	67581.58801	50928.174	50742.9588	53230.5303	95843.15412	104343.5409	71899.05708	53933.84942	92218.57352	80497.55328	69696.5865	63394.66217	65037.89943	77584.19555	46497.37274	31576.64634	67039.33586	66303.79838	78388.53653	58852.59696	52017.28022	74298.75581	65245.05512	25889.16215	57237.23375	97278.99406	67739.18538	50644.1853	47431.24587	37822.82196	76209.51602	34722.05152	33413.48652	98610.02509	74068.83184	75510.15597	58986.54813	60957.66799	79237.21924	86206.0588	70414.32602	62767.9834	96210.90022	61959.66978	98768.47542	87050.25666	53114.41779	78712.03113	90034.10921	45537.61573	61673.26549	63240.29627	71668.08916	72875.54172	47122.31365	82952.57939	105993.5532	66147.50197	99180.89918	102164.286	133677.357	96223.3756	70802.72684	116579.1996	84935.61283	75348.5128	137728.7498	80445.53298	71440.16046	98292.70749	102579.374	91521.9388	106801.6835	96246.16721	112549.321	105896.0041	95279.8686	61667.10511	84246.41685	89869.84507	85446.14315	77046.76045	72007.11079	104570.2835	105547.6188	57603.85806	46120.34279	68223.56043	141957.5227	96316.28137
SM 34:2; [M]+@5.32	526553.8821	1077496.256	741985.341	556347.4918	901717.8681	514783.1434	839080.9522	1018294.336	575550.6136	507984.007	777959.5775	503908.1584	656998.5763	677842.4579	1389740.124	1141915.873	895023.4267	746971.272	1060223.503	985293.6744	688223.9574	752451.8434	713836.9911	1099192.679	488496.4107	335351.4092	785697.8372	946559.764	990105.0524	731045.4288	584385.1026	802700.5846	557324.3105	295533.3233	632773.9381	1101663.411	685223.2027	487700.2396	526495.198	468295.2317	912929.3854	329151.5296	311668.6651	1445443.865	789617.8061	814476.677	617327.7121	732109.8904	988745.8678	954467.2966	1071096.381	1490010.784	982701.3225	1262233.453	1149710.254	1314753.872	993925.6422	1753888.065	971231.2077	467364.5661	526937.7474	649055.6867	860370.0086	985329.4505	1254066.919	902388.9286	1220801.453	861122.2404	1474724.09	1129680.388	2582358.352	1323868.643	1179753.66	1396490.109	1095834.439	1141240.428	1402801.665	1029014.711	1318817.923	1329681.104	1538718.992	1877734.99	1104458.43	971306.6402	1461798.482	1390400.649	1301123.328	1062393.465	888352.9441	1058890.47	1020369.483	785541.1443	809464.557	1142771.758	1157363.057	651782.8472	1049122.57	880257.0554	1887816.165	1359400.066
SM 35:2; [M+Na]+@5.75	1564.049881	2419.758821	2745.375794	4433.10406	3852.995516	1850.058475	3595.261364	3719.152429	2628.232696	2866.466635	3846.764681	1191.231961	4432.620034	2322.728292	8473.936512	5864.06298	2703.161385	5092.643758	3077.921113	558.8955571	2974.843755	2131.448181	2433.42829	5427.571239	3194.735907	2051.00367	1532.153461	2735.371009	1472.308837	1980.364201	1169.923791	5413.377177	2322.926325	1078.320882	2298.81716	3234.285222	2372.833969	852.8275501	1201.213658	2652.657728	3729.029577	2553.946152	1442.480495	3699.516802	2617.918381	917.4384054	1072.245701	3086.972046	5155.190574	1911.362083	4684.21256	9050.482306	3472.590161	3990.076729	3683.457735	3705.469728	5866.728093	4924.898624	2816.850618	5454.51091	1226.897933	2492.114615	3836.016102	2236.281949	6300.506899	4718.935849	2739.333013	3692.56159	4241.387161	3206.278548	6335.665835	4210.060191	4985.406073	3729.889789	3241.102181	2606.416464	4719.856417	2848.568209	2431.411832	4212.945897	2922.882516	3376.488591	2117.984964	1378.460072	4785.007855	6368.024767	5708.552978	1351.063687	5210.773669	2021.890878	3640.766051	7284.47638	6077.536977	4723.900408	3200.658206	4607.579753	4482.192668	5886.42047	5217.072782	5415.11546
SM 35:2; [M]+@5.72	24226.91283	36185.9193	41904.12514	26158.22911	32956.72808	21623.40324	34912.76086	52274.59387	25567.37948	22350.55771	30543.34663	29813.69393	33239.93722	25334.97541	51932.33009	70233.10339	35929.45351	31291.01891	43467.97801	35811.95482	21844.27871	29658.00562	28452.25784	44320.34919	22874.14307	17381.53059	30579.43659	41729.08926	35928.70455	24310.76761	21648.34865	23566.95654	25119.60613	11067.07272	21907.03444	29927.18383	21370.77203	12252.89843	28319.94624	24907.54786	34670.16779	17459.71844	12954.12335	30046.65754	33464.6705	36692.58104	11734.18295	25175.06172	43505.75492	35397.67164	32870.65325	76566.62248	49877.086	68475.47114	43275.62569	45347.87868	52753.18829	54818.18067	30024.2078	28752.31028	19971.52192	24210.05083	28493.57738	33081.91729	53132.41319	41841.16093	48981.0753	34317.98483	56843.05916	41552.14924	112294.6129	43492.27709	53519.28819	47112.41449	38457.10642	38726.63688	49163.94615	33263.41903	49833.44284	50511.48276	43767.93451	50340.38282	40245.34332	39381.73855	77134.59309	33412.68432	49542.79121	33484.32919	46274.02965	36159.00482	30133.58551	55212.57105	37104.38304	58868.56461	51354.79505	20581.35079	43082.81548	27236.79395	59876.98365	30378.40174
SM 36:0; [M]+@6.80	55873.29964	86924.18153	98302.05847	64861.73804	74993.67439	64097.59167	115716.0536	124985.5123	71507.07759	75902.12109	87843.55283	103439.2634	78436.93102	60361.70361	79887.55522	75147.3262	155675.8558	92830.71285	61282.54484	93566.70247	44893.86112	119362.1887	90492.65874	40063.16683	40879.95062	38368.2441	124983.3368	117655.5107	54201.78755	59030.81577	61588.19392	95188.06539	71970.5794	24189.10713	101043.9862	103463.8049	88092.6517	56156.96818	96532.68614	56907.95666	69769.70928	44374.41388	39781.70146	40885.43063	62062.11811	73391.82275	33094.93774	89819.51333	102226.2662	53120.42818	58225.71609	89615.85617	136048.7564	90701.5047	81044.67812	62956.40693	85794.58974	122104.8534	65027.88837	44823.88804	44457.78326	26599.55175	31445.79515	37160.78194	112542.9186	82269.65446	57663.1586	48966.0793	94157.93378	42145.93861	146591.1198	78038.24954	106445.5143	112555.2119	73871.54683	90258.57924	72040.31584	55123.34938	42440.62406	67278.89684	58802.74325	73395.02148	53651.82196	77147.54669	131216.2864	49301.01853	101632.2243	28983.04853	89912.96744	48667.31504	81338.02974	37180.03935	54458.26441	110178.9902	57448.33625	50081.12056	47334.50026	90509.51072	143201.8365	112652.2638
SM 36:1; [M+Na]+@6.59	20515.85105	23461.35061	15500.95666	20400.61836	11547.02995	14447.07418	25247.51279	19798.39865	18534.2927	18882.07182	16356.57558	22247.37097	10609.89565	14988.99828	5490.278563	22504.69917	26287.14027	31594.37696	13825.63386	15367.77587	13977.08691	22844.42915	18811.16601	8531.794089	11756.26539	18937.97708	22087.94675	26746.4488	13183.32946	26903.16695	12851.01717	12379.85215	14233.31914	7648.714061	18147.89299	12202.07231	14772.86742	24442.09133	23305.12966	29698.83003	23127.90934	12809.38991	24363.32027	10950.82468	16182.63265	18049.34991	12341.59537	19678.52519	18667.68602	11420.11006	15055.78047	16117.87514	26511.77465	28103.06266	12090.69771	6184.709192	19795.45584	7977.884735	7710.555063	13093.79058	10099.62978	15231.90935	5770.475641	4316.802654	20753.41792	19847.30111	10493.69916	10946.5881	8372.456186	5661.606081	23189.04315	16602.80399	17482.12887	10727.17698	9562.506477	27082.02189	13096.69355	13539.62311	10584.16823	12475.73495	6215.912669	16031.28764	13118.0082	5526.703272	10581.3855	6294.15037	13825.72383	17951.35735	9711.623474	17721.57826	16441.26242	8745.405627	18343.77592	14535.16913	7553.814819	15165.26454	10659.73321	37447.99783	13184.93041	11819.22658
SM 36:1; [M]+@6.51	907735.4168	1536943.908	1559937.452	1102905.902	1155167.255	993402.9697	1552695.907	1639502.257	1016557.753	1056843.514	1491049.249	1504974.419	1118291.939	1048678.184	1266350.463	1794967.665	1830675.311	1160131.771	1550649.929	1466759.054	1274750.853	1869271.688	1428524.528	1333478.757	891251.5991	672133.4426	1710981.968	1929253.684	1343320.114	889198.4618	1091946.867	1299155.621	1148766.482	559189.3641	1373846.175	1717980.158	1358611.648	920913.0304	988551.4821	745674.1459	1299700.22	598094.322	604690.9087	1044391.583	1469508.662	1200484.001	799676.3191	1468239.285	1622754.024	1073202.896	1473109.069	1907285.299	1572690.863	1804543.746	1267587.255	1057824.809	1622387.389	2151340.574	1343609.297	1045664.482	743479.4191	894139.8682	794282.4886	994088.1423	1693419.818	1350112.094	1400933.611	1492863.148	1718372.317	1250202.621	2936970.673	1399888.485	1601036.421	1817869.547	1350699.294	2437273.834	1156478.256	1220791.676	1215316.475	1255689.432	1217932.512	2055391.461	1432083.408	1167281.377	2449064.179	1691301.349	1703599.166	1255277.738	1438412.677	1388203.574	1588199.328	1015614.541	1292190.416	1876025.373	1627718.253	1251712.572	943644.6131	1081973.334	2085762.193	2171099.883
SM 36:2; [M+Na]+@6.11	29167.32853	18944.51046	28563.65086	18395.95747	53610.00203	27089.05594	39895.78952	51681.07446	20703.38864	24164.14857	42592.47918	39932.21916	15589.41916	18990.065	59866.13486	23559.3972	56806.32893	22299.67315	21659.32345	28437.37829	18410.21962	27819.89019	26863.5352	42372.55622	21918.5767	18877.22961	30239.98343	34717.75582	17740.68158	26678.11741	22928.26957	21671.73452	19245.10241	14625.0029	19416.89643	57662.08708	40180.3279	14051.70463	23079.27854	25585.6431	36447.19442	13975.30443	20528.96991	54046.95145	44704.37325	41308.01697	21388.09663	52651.90621	31318.69426	35791.5126	60573.70197	82052.98869	38973.74867	39418.24537	35223.97078	34157.48451	63016.28975	38239.2723	49038.71348	39648.87117	26405.40096	29721.05127	24310.64557	35313.55585	36151.94021	35288.00549	43801.57267	41822.43001	52547.38406	38328.35959	42409.67431	35978.24639	37067.60609	77302.81282	32329.37993	65977.85769	54430.84269	34229.15815	50093.10483	25591.99506	21347.27859	80621.46334	54410.40288	49754.07683	62443.74284	38359.45238	57997.65523	45988.35418	55578.69219	71362.78895	75904.25817	44615.1995	39144.77105	37355.44606	43616.48713	64252.30424	42023.62864	56673.10632	64667.6235	77501.3058
SM 36:2; [M]+@6.00	352091.8024	434634.0898	419375.4916	306525.9688	728985.8289	304813.0587	614665.9661	702443.409	319046.6369	323302.0615	484082.9547	490583.624	290180.98	337717.9917	918498.0579	496643.3923	729001.3245	334129.2425	370658.2004	474121.9065	299396.5253	375199.7466	422502.4341	551291.1808	265064.4498	178499.1763	435596.5173	405433.1879	345449.8491	300724.7793	315278.7038	364985.6868	340210.4527	201049.2359	343178.3925	893314.8594	367252.7549	186200.3406	295887.0701	170003.92	366690.6834	145359.4372	127556.8063	918745.7121	436748.9531	526433.4915	261682.5244	428585.538	533856.4632	360481.1582	746800.7832	1238348.722	646273.6395	641162.2654	661460.9388	562592.8028	836207.9609	946809.7756	916165.9634	475338.7264	430332.908	448301.87	460643.6207	588030.4306	635303.1871	444156.7568	636190.2627	731241.8476	1101106.925	655853.1441	1968624.556	729687.3782	638283.4425	1371698.134	541773.5043	1094670.143	789292.8879	596117.1415	693923.4756	500666.5483	473529.9407	1591756.642	867611.699	741793.7194	1178246.009	744070.7571	798140.6722	649296.0069	800175.4545	918147.9015	965934.0755	722767.7464	473877.2195	837946.622	744026.9018	689706.4965	639330.6248	708596.4088	999487.6289	1052430.837
SM 37:1; [M]+@6.73	53389.04462	62365.98267	86290.75338	72445.89693	46785.62077	38644.07485	76981.49911	86325.9388	40916.2686	63374.68743	84410.03741	73688.31474	57780.34441	57464.59649	76771.13923	108769.5687	77355.20012	68760.45448	92824.65343	82974.99314	53162.48745	75934.11332	68956.81787	67960.12467	63139.32771	45207.38373	77661.30538	115803.3281	49354.63997	57846.63451	46888.16982	46613.62784	57019.37443	34217.72737	55106.64283	53123.46617	60075.33917	33711.07572	59065.65625	44038.77288	70988.01069	25182.30091	36249.1998	47182.73503	82665.125	56592.98676	48605.34048	64775.45803	91952.38882	50852.33472	80348.84077	75932.19673	87866.18041	111231.3647	54060.92376	49546.77105	129703.9515	78755.24264	48632.27449	55401.64669	28147.38944	32954.23346	26141.82144	36010.04973	93948.29382	88350.53794	63429.2422	55357.95678	84256.30287	58519.58517	112216.0107	68168.26175	87659.52571	72482.81157	59887.25951	91605.65826	69027.27544	52460.50364	60534.1073	64371.32872	47424.16879	81682.63555	60182.97509	40811.8398	99087.71892	49530.41896	80397.56084	68211.08465	75781.07152	57079.28466	62682.51359	49285.14331	66147.99515	74764.66651	66400.19423	30909.8118	54615.88625	61273.38935	94882.453	69548.55792
SM 37:2; [M]+@6.46	15547.22557	27504.12459	30215.48886	28537.73066	23166.16789	19495.0453	25611.05798	34024.4294	14771.18034	18929.51156	18236.86234	15545.89472	25470.59672	20301.23537	35906.97419	40225.0722	33070.52389	20431.8959	22249.34948	11892.0983	14106.22121	24751.97432	22477.02201	17838.14798	18521.01299	11815.08482	20016.72688	27886.74461	22778.79728	30451.47904	18096.92857	14216.68327	16691.52468	7899.357075	25606.88169	11952.70023	23509.97093	12782.68945	17855.82515	13588.6434	34049.25317	11767.87897	8335.04408	31589.4838	32692.32672	30210.52039	21700.97341	23983.39222	27781.94369	18248.32662	18048.30825	36144.43191	26465.86698	20781.58895	22810.13992	14914.79728	32380.92498	17982.53265	24798.36211	23606.76498	16038.37857	22315.41273	19155.44621	9148.891051	34994.17029	37078.14319	29382.94831	21581.15105	38034.20514	20067.66209	60124.33916	25649.02858	37498.8063	34706.64516	18769.63673	26279.98291	40856.29432	25290.7656	26887.61618	27489.28879	26618.35408	41385.05407	26556.77321	22338.75333	40166.95907	18392.48844	30179.87908	23635.61551	30155.1499	28081.72035	17655.34533	36602.39188	22146.8506	23165.58521	32547.2385	19295.95694	16632.69469	16176.06458	38401.92601	25245.54782
SM 38:0; [M]+@7.43	27815.65047	46828.16303	35997.08683	15958.73974	36891.89832	27143.50853	39523.28449	24866.91264	20696.59943	21884.10072	45152.34124	29255.0448	29888.85561	28907.0532	37364.23748	44196.93918	40717.08495	23266.95249	48899.25874	45732.56275	39789.49737	37076.36569	36409.37457	44882.52919	19948.59158	12758.32953	35178.88576	41556.3036	18267.33812	25336.36356	22453.65375	27859.75486	21056.7594	10043.4494	23957.61723	19761.51813	33212.66325	22167.40036	48181.34205	38728.04121	29433.69295	9941.320611	11728.49051	20887.67347	36585.75843	28654.59687	22685.73569	25404.74609	24234.89827	20993.35196	47917.95106	53731.42318	57935.3688	42791.24337	33038.15267	24300.48922	62418.51582	48534.7246	21185.47308	13079.01762	20860.16108	20372.24884	13651.90352	25696.20008	37056.95094	29770.13118	31065.59637	23709.41394	35848.93926	19458.33068	55741.89717	48477.87586	36819.1629	42630.79846	31844.22456	34859.21319	33632.11106	24721.1065	29858.69345	28118.48124	46527.85859	39308.27192	36587.70427	32611.25939	47557.11415	24534.83745	42364.89415	11510.5666	29179.19788	33482.08879	36296.92171	17555.90051	22278.59687	35028.56505	28429.16208	14797.36368	21735.20763	41595.27644	60468.8312	50982.89145
SM 38:1; [M+Na]+@7.20	28223.27594	23839.7706	20549.83793	18303.49322	14266.50982	12786.40156	13425.8565	19037.71561	11072.96286	17028.00673	17588.6263	16828.39642	21236.53196	18899.92271	19509.13012	21247.22636	17199.13443	18385.55909	19341.38465	20315.62364	17459.70614	10383.24029	21639.77674	16088.52451	21385.09011	9326.028526	23098.03259	16933.18953	15308.11378	11904.48094	11826.12747	11191.99605	11196.04277	10636.17792	15257.38483	14037.56013	18959.91671	14515.70756	16803.6953	19453.58545	27692.79782	9075.283522	14348.34895	23884.17135	16124.68458	14278.57573	19319.96242	16352.67613	16212.30689	25426.62637	20135.9441	21949.52164	19869.99877	21296.58217	20734.35637	20918.76552	20820.26827	29382.14157	13157.13968	22091.80352	13273.8056	11116.20267	10995.68457	12211.0034	22290.07387	24392.55855	10880.20033	15791.11928	14435.82809	19229.55143	19383.73844	14795.33928	16426.00213	19755.50925	19713.21953	18101.36216	19173.04257	15914.38323	20316.62094	13620.08677	28296.69351	13073.80217	20448.0724	10595.55072	22890.7604	4448.249566	16840.4224	22817.53402	14173.27495	16642.7681	18494.62418	10073.7346	11792.59331	35783.67608		16593.33274	14431.08843	27395.43988	16237.65931	25263.57451
SM 38:1; [M]+@7.17	460730.0513	707479.4604	540597.5649	399724.4455	395549.0834	297944.0861	391714.8045	486118.022	340859.7437	286551.6687	510680.5975	379212.8519	439339.1975	467451.4463	460687.0395	652993.5301	377609.7284	389661.4805	650691.3182	663574.1886	430218.752	515655.617	552446.3151	610787.9417	368376.9891	185202.1572	567980.9763	815841.9114	465664.8003	334670.9361	332661.3289	462632.5611	361223.6576	181087.3904	362534.0575	385726.5301	387704.1763	259691.1676	419503.4675	487626.7211	495899.7899	174902.875	158448.6748	331612.8165	360754.0314	343505.1584	226947.1171	289664.1194	332491.6258	354462.2919	573759.5487	621891.1252	518831.7453	715971.9108	426544.5194	504333.977	579698.998	642192.0714	332273.0367	270037.143	223289.2994	283228.2236	406253.499	359033.5321	599377.0159	363029.3645	451762.6475	356577.5039	502635.0741	384363.7759	837604.628	453008.6503	522707.9108	610223.2021	502170.3827	589659.9761	436201.2934	351923.4718	453995.334	460515.3897	610447.8746	585066.7501	391807.4017	331124.1167	731902.7825	386423.3839	534400.3183	433059.0772	431099.3987	423789.076	491468.3133	274455.4588	355426.0633	756206.064	417281.4507	244051.4407	392768.6389	409983.4932	570080.3485	664460.0015
SM 38:1; [M]+@6.28	10506.83521	28545.64043	15326.71048	14904.21973	2868.992033	10491.08499	34925.97251	4404.858957	11771.52742	10746.46219	22389.39057	25870.74273	17227.65031	5193.76633	20793.66269	22539.65738	20296.35799	17709.6451	22074.51249	7260.999123	12661.40149	18324.22575	3995.666613	15032.12785	5114.615567	10563.12355	14213.33941	27865.22999	14408.1582	3136.339459		10920.17929	6126.241708	8615.255341	21293.86481	229.2060562	13698.60516	14473.70113	16152.12697	17112.54541	18089.78794	4461.124413	2039.836395	6607.968311	16242.24346	14702.25706	14564.95594	12922.0509	16900.88112	10110.23294		7716.238269	17546.73511	24149.5025	11957.29852	20525.83479	13790.34115	18483.49575	5889.934307	20143.48252	280.9127194	1159.993082	10696.02793	4744.473911	2842.433684	3392.023415	71.83654624	2968.903844	22800.55806	17225.12397	41151.60634	8978.423698	25651.19073	22203.56983	5141.844602		24781.75154	21069.01122	21816.8102		18978.08804	5211.341003	13031.37989		22931.51862	5280.253688	3495.687855	9152.522906	11444.40304	3369.907714	28401.16963	2923.322122	1711.115708		3902.540457	4659.202515	3656.829083		27195.92139	19545.95493
SM 38:2; [M]+@6.70	243238.9679	310801.1883	279512.1319	212858.8918	211189.6533	187406.4943	323088.4713	351102.6624	207250.3725	171365.2838	202100.1433	206439.6374	163501.2558	197975.9413	247971.6028	373627.6879	326395.6146	205835.6448	233136.3568	313464.6471	177173.5297	219522.8249	277088.9718	258126.9885	201794.2554	105621.9779	292482.4879	435293.6652	264556.6153	211848.4224	188333.4557	172346.4819	191876.3842	124854.6295	197716.3833	227741.9411	220016.0955	155635.577	180493.4024	152519.3098	305488.6672	99039.15274	116977.4586	323594.4254	237953.748	212881.8407	184649.7405	212268.1574	254340.252	208100.4849	241029.2808	429867.2203	265476.4625	339680.1156	245867.4584	326070.3568	313695.4154	331040.2667	224306.8005	164209.6755	170670.6247	175060.9157	185929.4424	206249.6895	343040.0678	253264.7024	292793.0721	197741.0012	274469.136	274764.3497	516893.959	275244.7465	290247.0981	336226.9241	273969.2117	354457.7671	282196.0982	271753.911	341999.0825	276633.6545	277358.098	453282.8449	194086.4696	219982.4236	316281.9055	306482.0575	309707.61	273256.4445	228577.3919	255751.5103	271383.672	192874.9799	212521.986	199616.4695	273775.1762	159314.8415	244458.6177	205383.9997	373054.9448	404244.9058
SM 38:4; [M]+@6.63	15235.92909	20377.95265	13000.3867	16490.9042	14307.34642	13550.87572	26279.83176	18988.16064	16291.95037	16543.23757	14640.72878	16310.54879	8287.407325	8195.452635	4323.841866	19478.27192	22950.75391	18293.24528	15976.06322	9887.966227	12242.7199	18523.66432	15446.42344	8690.082947	9791.466889	20210.16643	22117.29632	24044.00746	11726.95523	12747.21473	14606.51276	10335.00413	13783.55003	3862.113103	12303.9915	10790.73292	12717.36124	21422.28792	18611.11576	18898.64952	13605.0056	9529.088368	22198.63999	13320.43029	14535.95623	16147.656	9367.166653	23292.80385	15712.12972	12593.77149	14702.24835	21986.45668	11508.43702	15880.67896	9123.229016	8637.965287	15886.14328	8539.040262	6249.236015	11605.63359	9731.477633	8667.565712	6678.890237	1514.825825	21854.57051	11480.45098	10070.80321	9137.866701	14726.87918	6374.557865	11182.09931	18361.17133	14459.38058	8236.59093	7382.879358	19426.60055	10965.27445	10996.72989	11950.18237	10314.56813	4031.314105	15122.09291	9813.302776	5362.665437	9889.452527	6394.816562	10255.90625	10933.08083	6956.083499	11887.57115	12512.99866	6961.169877	14248.31661	9966.087439	9415.204478	10375.94009	12304.64428	17961.00054	9057.969498	17029.9648
SM 39:0; [M]+@7.70	10278.71252	8524.509717	8139.059907	10918.69277	14370.71121	8781.668856	11151.49441	6824.976767	7873.807977	8116.234141	11031.34339	5862.085046	10770.86237	7288.282715	11050.64118	14351.46374	11045.29616	10081.21186	15933.04109	14540.24401	6484.089103	8959.231192	10376.57074	17839.64949	6431.619539	6710.608618	10787.32685	13150.11846	6308.319475	8994.670926	7182.173561	8490.377186	5844.868163	2748.331561	12000.88082	12798.68928	7837.449407	6370.748462	15623.68982	12506.86392	9739.866605	4870.227966	3984.117184	8234.29081	13841.88306	13047.36251	7726.480083	8303.977814	7563.222856	6951.679313	22114.59452	14127.55538	22403.18811	27682.89316	19654.83676	9239.307796	18823.21101	18423.00662	8827.741448	10139.86988	5676.448936	5689.55872	6640.443616	10256.77732	24208.3399	12640.99393	14506.34842	13152.33532	9954.258777	6705.29898	27289.93643	9526.291925	22520.11928	18197.34977	11739.46552	10023.90686	9898.491938	10328.168	14874.4686	14790.34796	11391.69161	10772.93367	12841.30279	9650.846752	20794.6522	6554.213351	13364.1236	10301.00759	14268.342	18099.19798	12657.52595	6487.66564	9972.169604	30905.8493	17609.73471	6657.834898	10980.65993	13499.68941	24200.57365	18809.74503
SM 39:1; [M+Na]+@7.54	24325.11526	24246.78949	14790.30648	24734.99044	25092.31604	15728.3323	20854.91512	15972.64296	18465.00173	17541.11222	20475.66745	11735.05721	16785.9439	16129.94937	11317.51692	23554.23786	19246.53233	15103.52556	30985.39855	25546.57412	18346.93205	18840.47254	26428.71266	18416.93201	20728.32222	15405.41376	24335.54265	16736.79986	21481.90741	13547.30364	14925.54141	33044.04287	11345.91554	9860.035914	12789.16502	19710.29762	25774.24463	22453.26849	21358.43918	17643.42287	28259.75246	11064.90349	13871.93029	16495.88189	23220.56264	19906.57359	14395.628	20197.31638	18676.01826	26573.42198	14345.72944	16739.41195	31243.17601	48138.08026	19161.42466	16350.20732	25434.16946	20513.71119	30345.13915	22314.94839	12161.46308	14049.60984	15770.49894	16580.53592	42118.73106	24451.13171	22720.09857	19438.01631	14121.71183	15989.45857	27087.20784	20024.66564	30982.45398	20114.47837	17974.7669	17045.16438	21992.77475	20282.20749	31015.44178	25171.44735	15363.2089	14834.45435	14307.18774	16368.15204	28538.01438	11441.9602	28612.28483	18442.14092	17837.57114	23259.81159	27303.07219	20904.10086	25149.12672	32896.91218	21209.95083	15341.6248	26362.57197	46436.30526	21701.04395	21503.66953
SM 39:1; [M]+@7.48	166283.6802	165665.522	180118.9561	184375.4192	179046.9865	121026.2946	131777.3501	121762.896	140236.1655	120482.6655	180234.1094	114219.9836	150759.154	122244.8566	199255.0728	203696.7584	135028.1129	159367.235	256861.9857	214473.1631	140780.4041	141648.825	170461.6295	309639.2495	140800.4049	92960.44497	162001.8483	238863.8974	150437.658	108441.6247	118428.0611	143823.9666	106484.7375	61920.64098	118842.6709	160806.3534	161991.2871	98919.35261	130173.0094	163696.0934	193799.796	75623.43385	57379.21598	143808.4763	180109.9931	162446.5776	103478.5331	118397.4014	111834.7827	152818.4895	203572.2312	224028.9657	262971.4349	510756.2371	246650.9129	209720.3424	261257.6916	296069.345	158688.4642	189365.3095	94607.18743	130947.0055	168379.8481	179316.9223	370295.3517	202001.6803	233867.0046	174020.4542	228964.9388	173324.0838	460051.3716	185917.3648	343973.1276	214720.0872	210304.747	182393.2537	250081.7162	165365.438	206671.5702	229409.0234	204206.012	217347.1704	195692.3698	133951.0848	377646.3551	131833.4162	263776.8016	180028.6531	245902.8974	205711.7621	216716.4292	177883.683	218851.2448	502076.4632	246837.6457	113364.2965	224951.7104	230782.0648	301228.7823	297965.0797
SM 39:2; [M]+@6.95	32850.95253	44609.00209	55398.13944	47180.92698	31609.30929	35544.5271	55238.62687	61518.67678	35924.18108	32544.48779	53451.21044	40071.8596	43559.95098	35583.05692	49263.9499	65054.41436	52194.33792	37006.99222	65020.5247	50844.83428	25354.32475	40778.03538	36991.82256	42244.54381	39303.79596	21154.19635	45272.78493	71112.94538	79260.71241	36608.3671	36830.01204	36256.66444	37449.44778	16425.0067	28692.57698	41480.94688	30001.35062	30167.95712	27635.18707	27362.38852	48577.75606	18939.43914	29550.28947	46782.38181	40270.5345	44840.84702	22395.75391	25145.90048	37188.59564	35464.65765	46161.07744	88218.09942	40987.79921	83383.69776	39468.85604	51341.79597	46167.68668	57945.52106	35419.97377	30750.8173	25724.82252	21158.7316	29765.23199	31576.9649	55566.61118	44101.38012	46421.412	31166.30034	52527.12955	42499.16152	88925.94421	40850.84263	48268.97943	37614.37857	43216.74526	48878.56286	49312.11204	43086.31914	63917.7578	52192.44103	42505.99041	58477.82172	21188.94947	38908.04168	71887.32019	35652.36097	52292.43886	44514.21721	52424.40399	56190.82691	41583.68424	31500.55285	43781.50663	37156.19422	47401.05547	20253.85497	42616.44284	41454.89526	53274.4273	41888.24265
SM 40:0; [M]+@7.97	31996.24021	37068.44769	32299.36031	28246.78256	70030.92109	20163.51662	33377.85859	20355.95326	38383.70143	29250.20485	38263.55905	21632.20434	35413.98074	31582.61098	70184.59761	50770.27316	36893.14668	40203.88892	40920.13698	47083.26441	37157.8208	30770.18686	33233.85711	99778.74917	19269.31196	16655.47254	50362.3761	46797.73376	36619.89585	28130.29531	33942.08205	22082.36322	22992.49311	20136.93141	47294.54048	111286.8641	38085.72401	32025.12018	53782.94996	64200.5496	44661.28994	21902.85278	14320.77321	74138.53408	65635.10492	51972.34317	30357.4537	49832.07732	14662.36086	52701.04406	96559.15963	77356.18865	141050.7455	85652.17771	70993.54757	91506.20355	102595.4817	116935.4406	46952.03759	25448.38567	40350.52624	37806.25977	57375.89754	59989.54549	100550.2988	55202.11898	90334.51104	82957.95466	65259.62452	47136.62476	123299.4977	83496.31179	106055.73	95738.32933	76821.72822	67896.2136	79519.19653	55924.5261	60252.85008	56638.70398	111888.0646	95621.44251	76901.6035	126337.5752	93920.3169	50569.52626	70542.45104	54598.43653	59299.20204	59755.03837	61858.025	38597.32497	37334.95409	121672.2523	77349.70343	32145.89004	56611.97716	94369.28828	163000.4423	152083.6271
SM 40:1; [M+Na]+@7.68	66748.23538	51321.34518	48898.24186	51054.84948	72315.46415	33148.60682	46672.40968	35539.20145	50823.56625	47261.11724	53178.79229	34007.78964	40164.45066	46121.4696	75026.68715	61866.0617	44852.98781	51960.93212	51939.72751	61870.44438	47555.07059	45989.55896	54165.78954	76726.67202	35417.47904	31796.27383	68581.41527	57793.20243	47397.92296	49242.13964	47164.34923	46059.94927	46375.05337	38894.51147	65002.87923	82062.46335	54115.98955	46862.4698	65185.64337	61733.64745	60220.29275	36312.4267	29900.82319	61103.79522	81326.57656	66165.12659	50621.53618	67541.02218	43483.59408	71037.81028	63315.54264	47719.47782	65650.07422	65408.76189	77227.21399	77223.06896	55705.0666	77928.73668	52397.50256	53795.21324	52253.97535	51564.83885	62107.90519	47934.07692	71243.78911	61799.90929	72732.91746	69078.69155	73488.4401	55321.17535	65016.2863	63803.82162	66428.47731	87422.23468	78658.83602	51789.76404	82187.32117	71760.5058	61757.52614	60695.27153	94739.08139	57434.522	63001.73889	53796.90859	78908.53143	44195.70897	71645.54343	62740.83512	65072.33918	72138.0207	66072.27449	48290.66749	59034.33384	86665.07793	68327.56854	45096.50254	60667.0407	77460.33115	78390.15799	97138.49372
SM 40:1; [M]+@7.70	562244.5904	628808.771	516691.5415	501856.5885	1023487.953	359138.9134	463271.702	369595.6136	530990.1396	442768.8352	634516.9718	364302.7901	471038.228	474773.6674	1177476.43	664434.6945	415425.6107	613543.8176	651384.983	731743.6657	526569.8197	477964.533	519767.5492	1421015.473	362420.0726	252511.9958	695539.1034	757340.5299	549307.8469	458795.833	527413.0775	701758.7123	400148.2852	345121.0103	616619.3749	1448560.47	574024.0313	510121.2976	774075.3016	956746.411	735768.7108	293366.8174	250741.5406	1030175.68	776373.1737	709092.0467	464059.1801	826887.4159	467948.2417	1000126.735	1327835.003	1444076.16	1403921.74	1421382.524	1108261.76	1662795.127	1238470.054	1949731.938	856676.5925	626233.4807	650205.0578	716287.9677	989954.0898	984185.7476	1463906.717	758256.2992	1454518.437	1283237.057	1188912.721	923296.5163	1780664.313	1138292.848	1390681.422	1627006.698	1429459.563	1045003.609	1231783.404	951896.6383	1066226.439	983320.2922	1748002.316	1424298.602	1185723.657	1002649.998	1717511.602	823026.0184	1303152.276	1015302.594	1045846.865	940691.0863	1146927.738	711291.4282	921932.3088	1808007.544	1261504.223	600993.4015	1107359.936	1207404.968	1918309.46	2256683.526
SM 40:2; [M+Na]+@7.49	27735.45395	28278.83295	15478.83355	32326.57271	29241.65658	21379.98858	20504.43179	22724.213	20712.76406	25416.7898	13183.63023	23942.0676	16028.07029	16639.23761	21160.48087	35206.70676	24385.53209	35523.60468	31154.92589	32419.75112	19775.87649	19254.88146	26436.17327	33099.42189	18924.20149	19259.85492	29075.12529	32592.19441	20819.89213	25164.99155	17248.05643	17305.87338	16648.37075	15505.7454	25440.63191	36281.76409	27473.37627	23771.88555	18200.66395	28450.44604	37613.30957	10565.39153	18989.05035	27713.5633	23791.022	20836.96584	21382.59084	27749.09701	32701.72043	29947.75832	27523.31379	26106.79396	31487.96995	37771.16904	26027.18398	36974.69155	16914.69816	29017.53227	19184.57743	31398.48959	14234.13721	20432.32994	17917.97838	14615.84205	32337.93266	24902.79445	30102.84697	24312.70653	26569.03094	17473.78102	29701.74162	25948.81284	28960.93127	33260.00698	23494.73065	39178.85136	34166.62004	26396.42401	28600.802	23033.93919	33369.65306	37754.5163	26565.33545	23730.39227	21893.08731	19887.49964	31189.07998	29485.57975	19436.85181	26683.4449	23976.35764	19730.62953	21568.41652	15638.09363	25691.63806	20817.22094	22869.27371	36320.95335	29196.36155	37971.14617
SM 40:2; [M]+@7.19	573987.6209	770314.1643	576542.0864	400141.6934	537567.3757	446858.481	550168.6774	715622.5221	548488.6724	462469.9629	597906.2806	451131.3821	523242.4702	528352.9257	593497.8147	907006.6564	555844.7752	575967.7041	709899.3551	749575.9566	545312.9061	540909.9697	564514.2501	704582.6823	388139.4546	269083.2079	508972.9327	693579.6601	632620.8436	463078.9265	344877.0571	421532.1437	358504.0055	209908.1873	514908.4825	603156.4436	519347.7229	361666.0862	409731.6167	480392.7474	663438.4141	194799.0157	171901.5595	608623.8598	456881.9481	460384.3788	319901.1103	399512.0024	441724.2044	472107.4	634033.832	838824.549	593570.628	774376.8091	558613.4246	765102.352	438223.8205	768087.6913	467745.7048	369364.6784	302377.9877	353315.5877	522560.1849	560443.9262	758772.735	469781.2679	698477.2379	480506.7314	689878.7219	469161.7929	1184320.68	551331.5467	609358.3317	769430.3361	649871.2219	707457.9738	705472.0388	540417.3226	604407.3363	507665.0816	939872.1836	858468.8292	586719.7304	524606.9333	800556.2634	605402.6504	713186.1603	537888.657	504164.9907	488177.3291	579361.9309	431706.4197	487976.5027	576828.1488	617655.5875	345954.5463	562908.2729	560330.944	840352.144	929899.396
SM 40:4; [M]+@6.35	15241.95777	10237.70764	14727.95623	13357.17211	13647.02988	13083.87425	15066.83697	20488.83448	6889.855379	11115.36096	20373.07739	13686.33401	11544.28364	9563.589452	13055.25821	22574.37672	21770.07655	10634.51131	9277.884764	12920.14778	13017.97919	10563.91927	9266.162735	16439.22901	12789.00455	3346.367052	13210.4063	16711.11591	13910.23997	8638.540792	8346.266513	11908.42955	13978.00863	7119.836102	10809.29085	17568.79611	18087.73859	4787.100699	6455.928485	4211.683936	9488.844218	9924.995541	3664.56551	19227.97629	10295.79544	11930.46121	15225.13389	7544.385645	9686.586409	8623.226705	10334.09189	18638.56211	18361.87718	16595.98754	15445.46061	18819.90855	14527.0535	10182.85502	7816.067959	11898.56246	11040.14691	10676.78897	10047.0787	11263.92842	11606.71645	14619.23649	11864.83434	12096.35333	15404.63256	13811.13517	16660.89717	14296.18402	16655.64621	8679.865047	16304.45166	16946.55222	20660.80338	27974.27651	14176.03585	12690.23856	5493.266714	18373.39042	14559.39184	15438.35394	17446.72855	17208.90151	19216.55355	15816.14971	12049.46779	23703.22187	12383.17992	18168.717	13493.76372	8500.552174	17133.30773	11813.02875	15934.65155	11368.79039	14267.01201	16087.31073
SM 41:0; [M]+@7.91	13026.55999	20785.77637	20370.33167	18514.20502	37495.07532	12255.30159	17581.193	11761.91173	17725.51798	16240.26607	18226.14847	10963.92736	16281.46504	13102.99516	38408.45639	27561.3397	22983.78999	18045.28679	18888.94939	23719.28292	18948.55292	18804.59148	19179.02074	44120.57581	12668.10693	8015.569399	22743.93584	22348.64351	14845.15803	15794.9253	16666.82491	22209.88757	12146.26179	4675.499892	20777.49395	46354.67262	17547.38431	16416.20517	21905.3243	18522.7091	16356.38904	12793.64954	9017.460811	46150.24738	32217.33091	21888.50975	15337.03403	23363.46877	21270.08695	20419.67664	48076.92698	46015.1575	64704.94261	56823.72943	41056.23717	40305.06392	58546.19733	54491.48268	26668.10749	11976.80268	15152.45494	14747.17966	24658.10516	23555.59315	61020.07856	33091.44814	49070.66315	48979.80485	41865.13846	25130.57672	81919.49781	32665.80111	59845.53158	53232.21534	39957.20288	30557.42305	46423.6719	24532.73107	38267.28983	35981.9373	29701.78557	43990.15017	50107.93931	58445.10976	57198.82944	31308.15426	42804.90388	28276.7383	33865.61616	35150.86734	45184.08666	29609.83845	32995.39384	79039.73132	38683.54166	16076.16044	35801.05704	54873.96624	95539.25678	65184.58138
SM 41:1; [M+Na]+@7.95	30168.18148	48782.59002	48551.38892	39410.04033	93362.42198	34912.96812	37395.75823	28455.29881	31889.35914	36218.84396	35338.95299	29568.5991	43365.70421	32990.06044	65135.96847	57537.15881	40898.25125	32596.69649	58971.19026	55434.26804	51739.64861	36864.38308	42107.02573	63937.95275	32697.52397	30205.78257	46351.30301	50683.58375	41286.99054	35253.75439	39097.70662	48520.1806	28348.77959	19480.47282	44983.8018	99425.68085	47546.85464	47197.22818	45098.6422	37358.28248	40229.58059	26926.6368	21788.02315	90908.94114	77994.24066	58412.97607	37083.00178	50449.25427	38944.55605	68404.99114	67774.40455	51935.15002	74155.58453	73609.34432	68523.70352	60717.44204	70992.37037	70572.5197	63059.03637	46616.25178	42477.12113	39987.8779	43376.36685	48453.49427	72870.19622	68716.89658	74256.01155	90454.42863	85396.45608	56446.71849	113038.2712	74597.15791	80756.29599	83092.68552	68160.79476	58605.52321	86639.66064	65244.68566	63576.95386	75021.49877	57450.90824	64590.04444	76873.34204	81103.28449	75784.22533	47196.48406	77821.40752	50930.12187	64027.18328	68824.72529	77895.62501	67362.83403	54891.79447	110534.1759	76901.33328	40747.11694	56359.6095	74349.99229	120401.7021	107482.7985
SM 41:1; [M]+@7.91	225210.22	320777.8722	373440.5064	269438.1502	583367.6547	193507.4078	261642.7191	207220.9294	257109.8818	240368.4489	286152.2664	222009.6569	290066.7484	252603.7011	685457.4026	430338.5352	258007.0448	285318.0743	352086.1015	415003.3918	315036.9151	335202.7097	302393.3485	848775.7924	220838.8861	136333.0976	343016.4405	377335.613	295917.2966	244307.1155	271630.598	392207.0902	233024.4202	119658.9504	319704.4657	737219.2822	279343.7059	286763.3726	351798.7867	281227.3554	298985.6977	195091.7841	135507.198	662554.7804	476372.1932	397621.1406	267558.3769	363434.5735	350782.1106	439505.2241	684969.3094	819071.517	851972.7382	1024053.976	731449.9429	670833.3659	867984.3996	932561.8941	498578.9796	312222.6047	291427.5699	334955.1716	481080.9309	485854.8403	1033856.851	443685.0165	863833.5969	788690.5939	734034.2583	583607.7859	1471608.085	669274.0785	892230.2757	878800.83	636363.2161	648417.1795	692361.8258	525475.626	560300.1379	721326.0751	513863.5256	845865.1755	637454.737	672553.0749	972934.6864	563446.1483	777813.4753	575678.6508	581655.2884	610848.7658	665020.6442	570370.8082	587984.7019	1338242.848	816367.1617	337068.4547	611956.7265	732223.7236	1468460.128	1044041.13
SM 41:2; [M+Na]+@7.53	38328.81859	41582.57143	33953.59108	37558.87019	43571.19043	23375.35492	37365.18135	38483.46231	27945.25664	31193.54345	30103.08118	22453.49525	27836.26902	25494.81935	33364.74854	49603.9934	33267.85349	24293.11562	41037.76433	26692.44008	43371.62417	27001.18127	32719.48447	42124.72968	27708.88792	26026.92866	35046.20082	29724.31653	37415.26975	24981.73872	22998.51312	31776.41813	25172.80035	34800.48324	35216.59349	50878.33029	35496.81242	31099.82097	21036.88562	24054.58957	39331.8853	18463.07903	13495.21171	45765.64167	53896.91425	42046.36995	33375.38032	29158.0135	39415.41372	23633.08301	51170.38557	28395.77404	48873.36883	55035.6823	38501.24351	41929.20984	32451.79948	37573.51867	42564.3655	46531.77094	32572.83275	29820.38335	45259.44063	39428.65761	37055.62357	46461.14033	55004.25103	30268.03622	48020.54843	37306.73215	53371.08239	31634.98453	38960.06187	47137.94783	36786.44381	32398.68286	44538.35581	35632.26584	59061.4795	41097.9048	30993.16331	71615.42145	37290.66408	35433.46321	40788.19035	40458.54087	45115.17364	53405.51228	42055.83594	52191.12573	62930.45733	37876.0429	47081.52644	67351.05576	41765.67722	68347.34852	26886.4067	32705.88662	55041.82128	56328.75251
SM 41:2; [M]+@7.58	226479.5385	290214.7998	275029.8485	219925.9554	313603.2707	192672.0226	265043.7936	282407.9509	203670.7044	190022.0953	226896.684	169911.5093	232613.0266	211165.3823	361674.6349	340004.2841	256873.4026	281957.6268	308056.1475	310359.5034	216535.2436	224966.2021	229829.3666	437815.8971	181730.0922	136378.0409	250268.9599	342559.0316	260051.4531	204765.0692	139459.7239	212249.7525	152328.3835	95180.49905	222199.4208	433915.0128	235488.9886	162685.1457	155179.2619	166602.9718	274258.791	96035.97443	111536.2823	408912.0426	265414.0943	270863.8221	177904.0377	189059.0213	249871.6506	227174.1389	293167.9964	474117.8182	470259.2602	549914.5552	355613.5755	359197.0347	398287.4692	480178.6318	294543.5398	239555.5019	170239.3665	203487.7242	219477.9597	296203.3492	419404.6325	323340.0187	516097.6176	324511.9425	467250.7015	321161.0944	848946.6413	325291.8777	542328.7489	418257.9004	297367.9854	404238.2929	505848.7425	375124.5996	449904.5979	440931.6193	238862.4694	546848.2277	350526.0225	305323.3733	551332.2174	393005.1545	466955.0597	327706.5266	300954.0408	370836.5989	308635.1747	366460.4823	366240.8941	406470.0384	451226.0028	213432.7363	391326.7401	320215.8296	607135.4844	536000.4414
SM 41:4; [M]+@6.77	7396.257123	15436.11486	10289.68787	10194.05834	13242.68393	9782.415737	16738.2634	11380.48359	14122.333	10771.48413	14457.16549	7666.80788	11134.49149	9371.501859	18718.79875	31626.19149	12882.45654	13581.12456	21333.40555	20242.71816	24354.44419	10148.40038	8001.356455	10745.78967	1348.067495		9598.123362	15947.66349	13451.3489	9277.093647	7523.577515	14447.41958	14893.72543	3347.846296	17524.40468	15663.69907	20417.88614	13794.24084	5910.313954	11101.29807		11040.84373	5969.030169	10175.06499	11227.88038	19581.23044	7312.717861		12870.55112	15245.10161		15582.00254	13534.65528	16159.84506	17998.94113	16417.61433	6745.513528	11419.40717	7392.766324	4571.236308	5733.729068	6799.762305	7150.182791	12783.37758		20304.64449	17197.3992	9920.108266	20559.36823	12101.90948	18459.07065	25538.73962	9210.811194	18999.823	10264.26343	14344.00695	21060.56663	16577.8762	13056.21444	10425.18871	17158.90456	20840.10757	26804.65699	15925.23492	15178.95638	11815.52852	12844.13	2764.175651	8885.867019	10551.74695	20369.16886	9363.376261	14594.29441	11432.81507	15014.04469	13424.444		8752.394951	30019.03567	20737.57952
SM 42:1; [M+Na]+@8.17	67141.82324	72012.25514	67642.96943	61211.08908	111802.6441	33080.3402	39584.37032	61539.2125	74410.76698	57859.4958	47488.07712	46702.36322	47833.50196	57709.78832	114340.9699	80952.25257	57388.17536	56335.40884	78566.61404	86399.74811	86448.94402	67878.92439	52162.67887	105831.5371	53608.61916	26036.73185	83145.13281	58530.48981	61649.98496	45907.40906	58582.50515	83048.2662	62918.60108	39889.24765	83178.51216	160678.3505	62038.67592	80934.94121	75490.61604	59137.43617	73701.13426	37277.79844	41460.6771	149995.9678	99450.6216	111335.5094	69957.48181	89208.66806	63990.81792	92807.81771	128887.6635	109001.7756	121953.8119	79195.65362	103769.2425	115440.28	89552.45751	101771.2857	99741.85783	66787.91645	80682.92278	74056.07165	114126.8953	109159.6722	104844.4722	95836.74863	175925.9575	160931.3047	154979.2028	136508.0714	168028.2746	122097.2843	140250.5519	188844.623	132623.4032	96249.34651	171139.6116	138218.3291	72359.51321	145207.0288	172983.1793	133069.7669	170313.5592	153744.1521	142924.9695	107630.9964	144213.3258	86158.94215	101603.5299	121466.4823	130794.9897	100958.3568	111744.9619	155352.5899	160307.3527	100071.0448	64557.89595	106365.7574	200328.87	199657.0663
SM 42:1; [M]+@8.28	561838.6588	640144.8847	535153.541	420963.8558	872021.4187	288946.4807	361587.4033	366815.7029	618698.0017	418458.0436	406185.6615	352595.3866	422490.6086	507620.8181	953578.6086	628176.7517	418805.3724	605733.6498	692973.2061	790288.0315	619200.2365	560005.772	407573.106	1317726.9	283658.0897	167804.2627	585588.6505	595826.7131	526200.1644	355992.1142	475457.2246	619760.7212	456996.7699	301449.1823	685454.4963	1619814.54	551331.9358	632314.318	586989.2089	617218.9286	567919.5071	257976.1589	239983.6585	1122972.189	751870.2085	806766.3916	527257.1312	658349.1315	548908.8728	873912.7297	1614625.577	1565942.593	1459932.435	1037928.624	1156371.851	1451322.122	1026059.326	1600128.658	782488.0315	457289.8838	644744.1073	660471.0037	1049523.514	1127419.47	1235004.661	656886.5277	1674527.214	1238447.765	1385545.435	1006359.942	2631845.378	1246369.112	1474853.524	2243317.63	1270543.918	964898.4336	1240773.321	885107.4181	819102.5876	1326045.564	1859055.582	1538108.892	1621928.577	1430936.792	1627804.114	1064442.404	1352915.165	863135.5005	845551.6902	911642.1277	1169306.949	768944.3966	912893.1516	1848475.034	1459256.777	705767.7994	936379.5039	1290894.467	2427175.75	2608117.075
SM 42:2; [M+Na]+@7.74	56774.62959	112118.9772	95748.60354	80089.72859	111528.8416	65187.08138	101268.6073	97941.48814	73463.23346	79712.61314	69831.21153	61888.43686	66688.81328	98407.84497	113756.1256	112405.4695	103821.9793	81069.50299	90977.65432	106610.7564	94803.39442	96347.76771	85841.59263	89129.62282	67511.77697	52590.06114	90951.63218	92037.31424	82874.75952	69650.45029	30857.45001	66826.20686	67163.67697	56129.21442	118286.7072	147695.2076	110003.9426	87243.51518	66725.18312	57668.50741	85710.98678	46796.78143	63099.20943	112788.8721	116429.591	71676.81311	93409.85753	78819.33588	110134.8484	98456.37382	109801.3406	91414.27139	145843.84	86213.73408	104757.5927	111524.8971	87827.2751	86816.01025	102744.7999	80697.91467	85820.17122	65045.79933	78941.11423	80165.73278	84422.81508	98860.46479	145122.5047	115175.6365	155715.0572	98086.04597	133743.4187	103907.9692	123311.1456	149028.7758	101721.3836	103713.5882	131346.8413	142351.7314	95757.5317	97790.61106	116673.5265	155028.2888	119116.1672	147561.6502	114165.5403	118385.6447	132875.2045	110544.4657	96548.59427	110187.6168	66914.63242	110584.0134	117079.6647	68081.86984	106219.4813	101599.5908	81814.04733	98130.48352	175615.9864	165544.9056
SM 42:2; [M]+@7.70	358850.7175	1132991.637	910535.5885	664581.3856	1634066.28	616792.1181	937491.4631	933565.2766	601084.4445	641040.6957	708529.6116	513296.4237	775960.972	1026940.475	2014395.868	1109883.562	1001367.6	839050.7519	964500.9556	1070192.152	873590.0533	986904.3225	798903.6041	2149489.585	577095.7634	424535.5841	937129.7993	1099029.924	886380.6488	633387.9915	525083.8421	773113.938	686622.9649	476103.3019	1090563.611	3001861.892	664010.3719	858639.3165	606520.1156	318337.0966	789435.5232	385177.4045	570046.0573	1219515.579	997794.614	1138768.47	816958.8488	745571.6544	1083630.47	1081751.693	2186995.964	2388841.695	2762642.945	1323126.04	1413193.917	1890337.758	1495573.449	1009821.811	1548237.382	877408.6098	956266.6099	948560.9728	1090281.052	1357235.082	1670995.271	1310317.495	2179351.009	1483353.446	2601099.538	1437494.557	3103342.973	1938237.997	1996930.653	2541167.409	1723231.904	2338974.422	1033206.791	1158176.725	1275058.941	1563752.692	1976028.88	1593213.196	1968842.639	2595113.765	2186554.708	1170987.539	1934629.88	1741368.702	1324654.151	1574787.892	989441.3606	1426332.24	1734575.87	1282889.599	1107743.508	1254957.345	1488445.443	1411885.967	3332529.854	2849440.103
SM 42:4; [M]+@6.91	73421.70794	90473.04751	123648.6642	76267.07342	71680.73116	75288.4929	121945.4583	163262.7257	68390.5375	65270.06337	101685.3284	85066.90358	102651.5723	102070.6483	145912.7009	159736.8524	138094.4909	95841.38328	121629.2358	133801.0082	94853.99797	104800.7364	107766.4823	77442.1796	69669.31141	57157.12529	91264.88967	99796.41875	103946.9517	78991.67878	51004.298	91985.59743	94666.38012	63281.99715	107400.117	155582.7279	96856.33414	65120.05635	44772.44817	26604.47243	110336.779	41783.55112	41079.54384	117125.829	88587.55673	88619.72809	113133.1612	63019.87192	106078.0933	52298.19811	88867.52425	156717.0664	91736.67031	114257.0335	100107.1397	119909.7162	53607.56489	101143.4416	86559.61777	59817.29963	73412.34357	48063.58412	43375.94101	84355.38263	126902.4513	93296.52463	88426.78851	74376.08186	134436.7557	104786.0542	174565.7384	137626.0368	93714.6692	136118.6953	115342.0161	159913.6907	115611.9215	131464.3733	104492.1202	114646.2965	68999.00741	186071.1109	86454.81908	130981.7668	123309.0182	219176.756	130477.156	105455.4786	58805.05973	97239.65774	96485.93503	108579.8344	101292.1786	54695.22506	128386.3622	51412.79842	102180.9204	61125.14528	157209.3668	125474.2127
SM 42:5; [M]+@6.58	9831.644178	15518.09542	17015.92421	10845.50344	9068.231311	10989.83942	16540.31733	33130.56904	11028.03917	8924.405255	11270.29546	15297.85242	14906.07657	18500.00694	24597.478	19842.37247	25722.08506	13611.4948	11494.09912	17226.81502	12673.77946	20225.04725	18977.00108	13660.2157	10576.10191	5598.487555	12710.11589	10719.54475	14922.2369	7289.234939	14499.30415	11763.23938	17616.48947	7170.121141	23615.35419	29962.95962	21831.34575	13903.22118	9129.779196	3564.290672	11121.7338	10687.69407	5673.994701	16185.68965	16493.35454	10400.26787	14668.145	7757.13001	16528.69447	7122.49623	11710.66801	17637.37644	24173.41475	11471.19706	17654.606	20478.01105	7548.017097	11974.29154	17564.67938	14473.65989	13207.33011	11253.91821	9466.959773	12942.97139	8942.391083	13939.98578	12349.21328	18838.57848	9934.998075	20560.67612	25230.76482	25422.96669	12824.96685	12238.59771	14637.90071	48716.67255	11629.36896	16154.27994	13348.80343	16723.2037	4289.593695	17344.89409	18980.42686	58466.85221	22797.05933	28858.5787	20623.59244	32374.53863	7765.26108	23144.58235	25354.97328	24826.60852	11656.08015	10832.88353	13957.67323	16846.96318	9677.571711	12968.25245	22160.02173	26020.48584
SM 43:1; [M+Na]+@8.45	4483.07058	3906.361995	8528.593026	6854.436183	16957.71857	3760.470137	4320.447948	4819.420464	4713.116243	5277.752147	8490.85326	6428.622018	7413.137073	4653.004616	15407.01353	8173.963939	8250.759277	5749.873478	8940.706587	4058.141203	7446.726628	7034.232682	7960.676876	20031.13477	2229.041981	3181.795054	5779.117915	17233.87645	5693.867922	7072.297753	21081.12907	4397.91818	9799.233645	6394.819204	7929.732688	13323.81749	9071.070559	5878.435079	9608.217152	16072.58948	4853.147889	6131.156763	16503.45449	12453.46839	12173.60771	5335.201441	5517.664278	7564.143569	8595.466779	7129.702296	17360.5642	43914.48296	18680.66065	28757.82355	16173.91757	34951.11851	12357.17609	16469.12192	13061.2083	7036.823924	6443.233038	6896.285875	8455.664217	17841.23927	29339.62527	6965.666378	13835.85886	7743.613235	15732.00426	13693.19289	18831.79065	18347.98509	23300.54092	23182.41082	24281.89209	21676.95257	10003.42748	8703.869744	29640.99444	15999.98639	15586.7815	20553.55586	16161.3102	8867.096279	18314.33547		17299.73779	20498.66454	15230.96387	10871.97016	14145.42855	11379.02541	23906.11675	15340.41699	19361.84847	12474.23588	16702.29006	25357.47792	23785.47488	18457.38244
SM 43:1; [M]+@8.41	17351.06353	23727.74682	29047.39249	31793.25199	72908.89272	19835.82003	30324.56926	21139.79706	28534.79067	31305.03677	34255.79572	19294.25269	33988.14653	27534.46193	70523.60215	37869.52705	31113.48799	33385.92817	39061.0404	34353.38613	39093.65107	44033.14166	30628.94087	79943.61529	23496.95716	12068.05731	30604.23144	40477.03381	24910.7943	23855.30936	28874.59592	39626.32402	31003.25038	16594.97721	25352.4604	65325.91228	31075.94394	31151.57114	41791.07333	45415.60215	30808.98419	22922.41726	16585.06729	56493.28266	66563.17095	31279.19112	28492.89575	23075.13288	40008.44389	47108.08576	112147.8344	70707.46375	130987.9356	64106.48896	58152.05944	51764.35762	67301.55201	77496.67842	42354.61429	23310.68952	37598.90169	44350.00452	30232.60311	35847.00677	70477.31001	41108.96802	79466.26184	56191.17455	78219.62341	75126.64147	147340.4431	73629.01043	79644.57748	84290.88316	71240.95415	55444.19476	53073.50196	52147.01664	52525.98279	64985.54372	46311.76896	75859.69109	92571.81943	68440.79307	104318.3311	65020.07687	75692.59532	44515.04242	67182.66284	46154.20121	67787.54378	53075.95793	45814.05775	99272.41363	112146.9807	41798.3941	48582.36583	91907.75278	147726.3909	77977.69501
SM 43:2; [M+Na]+@7.93	3593.515458	8401.836911	11594.84773	5600.72257	16346.80054	9723.263974	7209.59529	10574.28989	7406.425799	9779.200564	10231.38767	7180.334164	6728.242332	7475.74131	9266.854415	15621.09104	8820.255341	10400.63855	3226.387454	6293.169042	8336.245571	9785.010121	9536.775637	16937.30727	11420.82357	5195.189317	6902.156026	7925.319208	8545.196805	10065.59565	15632.32488	8355.658148	7914.702433	3936.395364	5178.147701	16668.38864	10164.63833	7001.494534	14410.19402	14156.31644	2132.464784	6788.846746	7395.809772	6424.453058	7598.678281	9951.992656	5600.923022	5016.861895	12775.85138	11014.55575	16167.67691	16273.30176	22412.80944	13107.64223	12957.29946	2339.908203	8178.530211	16936.65822	11653.43144	8470.765506	8560.187445	8893.709981	2795.008842	11445.90574	10185.59161	4462.574346	7014.533473	12519.36707	15807.71064	7712.345412	15518.0399	11671.81996	19844.13562	14967.03841	21766.74172	10934.78383	9912.639323	10912.36342	11892.60501	8214.966531	9042.149255	18050.18113	10100.14627	16589.35391	12041.3558	12460.05563	8268.40164	22039.32513	10836.35843	18968.45501	16714.907	15881.10585	11183.53872	8706.26008	7410.173708	11638.36793	10277.65705	20551.50633	24543.76359	8030.117435
SM 43:2; [M]+@7.90	19813.01574	34870.67254	48712.10414	22031.39573	74163.58684	35102.23245	54508.59434	54061.2528	26605.2988	39553.73794	33230.29053	36402.21217	38426.03113	43916.01777	99855.17812	73094.5948	52786.48653	42427.49226	49693.9979	42978.53405	56539.7121	72862.95856	36765.57241	108088.4119	33257.12787	20770.39182	42455.81135	57806.75248	31684.05117	26981.43923	24678.06311	29383.78104	35388.11418	21413.67757	41134.41902	93399.32633	43633.50638	41503.24521	34449.63637	26061.27081	25187.79417	18569.67237	26749.97091	67287.03638	58013.53449	36809.20189	32156.76024	29674.9772	79255.41274	40572.19579	148250.0357	77089.90983	196490.9896	71874.58259	54260.46817	46983.92023	95965.6068	62250.61657	70148.14359	40382.35817	35075.77702	39040.0469	29315.96666	52373.22383	74479.46858	72090.70235	70580.00836	27153.11121	108965.0687	71551.85409	173304.2848	93438.96989	113087.7143	104394.5489	80499.43377	89827.91873	58109.8053	80417.75982	63154.17581	78374.7945	51288.15556	108871.1896	88791.59298	88087.92746	117501.7758	84647.71446	77428.18289	69185.70705	90685.59821	67256.71706	91485.33427	72912.25256	67418.24261	80732.98121	91650.84197	45568.47491	75085.25512	73778.50029	161591.1523	42486.71176
SM 43:4; [M]+@7.68	24930.59796	49677.07756	35221.37689	33129.46833	68609.55248	29972.47191	40923.73151	23778.46424	30106.76596	35360.29861	26517.35058	27099.79921	33708.42139	23342.40362	53756.22617	57708.32015	34631.60553	25950.67314	43918.57704	49060.90378	45561.95982	28051.85132	38387.15666	60497.70566	26820.15338	20544.77074	35005.49404	35968.31989	30586.25949	28327.42931	35514.32246	34497.65528	27390.43999	17819.54834	32923.36125	87449.26443	38098.18381	37060.84299	41422.7767	23314.23937	34901.14755	23014.69784	17197.87627	72009.57021	65412.31284	49968.13659	31436.50147	48824.18125	35115.12228	53138.96276	51702.94061	43240.11266	64027.18029	58225.91214	66894.22831	50982.36091	56196.94705	49913.79471	51108.8789	41151.95127	40985.14202	35046.40235	35811.16416	38207.28925	66013.07576	53130.60623	71284.78507	74056.61388	66556.17752	46491.10128	79478.8693	57182.35475	75093.03889	73356.57136	52842.70366	45776.10686	67594.68631	53568.12876	50991.1872	57797.78372	55788.67483	56646.75417	62198.23254	71208.4479	73842.96704	35894.88145	64894.51631	42167.80267	48571.4182	62893.40894	65580.38086	53060.24153	48987.70718	93898.96888	57261.97825	31775.54484	33626.42763	72837.03331	123313.5739	95636.45097
SM 44:1; [M]+@8.74	4134.401588	3670.550486	3510.17566	4658.526126	11122.82419	1833.412757	2272.253398	5441.036107	11068.51318	3234.324924	2968.534672	1725.142596	3855.539558	3517.635294	5616.185474	3833.090737	4971.333946	4734.722827	6326.599151	6222.911259	6527.503159	5016.369264	3841.655	10635.62792	2169.67289	1650.196274	3054.083965	6430.749252	4791.785898	2562.502713	3736.603932	3617.916196	4906.017322	1478.327446	5748.586349	8895.070564	5311.146143	4401.087612	4911.537251	5942.215765	1765.558319	2113.040366	3584.464066	4596.420365	7481.634631	6976.691572	5408.628775	3421.182616	3905.414884	4614.588154	12695.95971	6827.759495	13006.87242	7097.61845	10366.99343	8721.938099	8760.246102	16684.07983	6138.874286	2810.48991	4989.130154	7729.489135	4434.687733	8660.797068	5053.972483	2756.482965	10226.3756	8401.528822	18653.19891	8306.236073	25752.97245	11869.22156	11552.76706	14239.02282	10228.67936	13010.96629	9651.26343	7241.925567	8435.431057	9047.829721	11240.58965	11294.92723	12656.59901	11877.14915	11170.28523	10290.70487	10664.5558	7355.642242	8366.512293	9754.884263	7253.24372	7551.709112	8045.641409	11535.51705	13082.27405	4537.731872	4714.711263	11729.99427	21222.10465	10828.13106
SM 44:2; [M]+@8.35	4671.782624	8279.208684	7698.854671	7401.628323	11809.51291	6680.613624	6630.426806	12258.52326	10719.77773	8180.254271	7616.646069	4720.926844	8123.953473	7884.347192	19476.72799	9089.24336	6794.071477	9646.709713	10486.43451	12307.41691	11204.62617	11260.71705	8020.039602	17574.1326	6531.717551	1972.0897	11144.27969	8971.036964	6961.106524	5311.056944	6312.665978	9422.354262	7034.827063	5538.064321	12780.88618	26666.90965	6438.153474	11491.2829	7935.30061	5591.838313	6371.625721	5477.111586	6153.452245	23020.42599	11001.0162	10244.86157	6289.36501	6987.172393	13814.7927	6540.520044	27603.88969	21906.25407	29996.70907	13210.00063	14352.4971	13110.64381	21225.98665	21632.3003	15243.0687	6509.781608	8768.180632	9446.241399	9079.740056	16308.06796	17439.26825	14738.86881	16392.39002	16465.86744	35949.4722	16879.12695	52843.5178	21083.0566	34039.31232	23463.02543	14157.98228	14219.02794	18785.16375	23687.18554	15436.96305	16533.41474	30042.08036	21047.86652	22834.90379	32969.90176	13931.26088	20631.2403	14261.00977	13178.56195	9971.986425	12015.52655	15788.47799	16341.08254	16925.30697	18070.09238	21052.08541	12841.47674	14685.98367	15001.95205	28817.50982	27032.60357
TG 40:1; [M+NH4]+@9.23	19553.51901	21781.56682	44517.79087	17930.45737	20021.34766	73569.96116	14894.19009	9747.777992	17628.24934	15750.56269	143181.6606	7584.09868	16026.07761	13446.22365	22737.7567	9316.898798	12750.54431	17039.44163	17779.69885	14247.54163	61499.07717	31231.22774	13568.13772	30114.60861	10364.01388	11288.78898	46261.81968	26953.31333	67172.35545	22264.2309	41645.11919	90930.93085	17524.05321	25575.17825	189065.6626	63979.18713	9892.592042	24911.70992	110330.0623	17882.84997	28584.23226	37621.98991	24769.71779	14630.26726	15970.0605	19297.2009	13324.5386	24304.69898	49195.21065	22573.04712	34377.40123	37283.08498	24778.39455	31275.45028	61637.53396	35008.38802	35896.93973	69216.88939	34823.31692	27737.75699	42045.50612	40740.91112	32452.62387	69327.0904	37664.98778	35753.63162	13891.97424	30753.36548	36877.48473	27255.39508	34442.02707	23855.8741	60964.89778	7810.684704	54450.57002	35796.95237	5434.128858	20565.2986	48486.5063	31920.03694	19340.59332	24708.94694	17906.8019	17271.23348	31884.81557	116730.6417	24085.76765	29217.32987	32092.07972	43154.71931	16727.43171	42478.94497	42185.73741	43312.41387	17731.08586	50624.75219	54475.17916	30303.22825	15328.16828	16765.99691
TG 42:0; [M+NH4]+@9.83	14598.80379	35291.55637	29890.527	24831.55657	16065.47653	245905.0073	10467.44406	5300.791334	25038.06363	32353.80961	367608.0946	17970.10748	21023.0825	12484.4812	9993.638114	4235.614448	9737.666035	11976.63952	45023.6248	7642.529851	153688.2895	51853.0883	32773.2126	19876.63071	4400.818886	9855.772017	104352.6127	29376.49753	378189.6916	7313.483834	136387.1495	100261.993	17470.11007	5149.328538	389804.1791	73112.66246	9708.678434	20322.99949	443346.9612	9469.223599	8949.331383	30703.67497	32530.30361	5752.256507	26306.47446	41997.11915	6330.767058	13125.05392	157787.2224	4985.330437	16525.03437	21140.30461	14900.73446	14592.58961	108607.9272	12613.65578	33263.73056	123080.8265	17760.66793	15425.94869	36327.44952	19112.05356	10668.80627	116875.9582	35777.2807	81244.39547	12362.75421	15216.40137	52168.90626	31287.99909	29600.75006	8978.847003	230498.1296	9387.809004	164281.1051	18314.687	4866.616417	19893.32277	115320.5461	18056.17018	11569.36788	13295.13399	15763.76904	11462.21596	34868.60076	149047.4323	47123.84716	3333.134282	57899.557	112873.2411	8099.149224	126608.8542	48650.67137	87613.98694	7921.243098	99447.44099	11673.91894	38567.39279	9992.19899	4413.723072
TG 42:0; [M+Na]+@9.86	28130.04932	7843.185473	7855.860188	8760.691825	17912.25906	38945.18237	28269.46136	28501.62298	5865.854014	8397.423382	54169.58852	4730.51962	8702.65264	6082.938492	11944.86054	13295.1448	9170.698104	66009.60053	11362.92097	9666.927507	23755.77291	20228.69527	6697.053634	32746.2076	3658.922449	50376.58663	21513.35481	39760.45346	55473.42223	47181.13158	24822.92686	21254.18082	11743.72691	10287.41735	88729.27996	20251.60415	34845.72917	25240.49578	54956.79423	49967.20581	16761.74855	23112.60257	10231.14561	10132.99066	9383.502073	11021.26891	7147.448988	14124.80627	45888.44614	29546.36437	55058.41688	19890.25182	12131.77177	26118.23654	15979.98414	31813.42946	23545.56574	14248.74487	7421.814624	9761.512754	7496.929892	10471.75887	11597.79732	11034.00632	6301.272958	20030.38991	23280.55034	7194.714891	8929.232989	12243.49991	10454.9561	9916.578146	28883.51904	10652.51162	24872.05059	55635.19153	8732.173544	8496.162105	44842.43654	10601.30409	14686.88137	86140.8273	15470.13836	16805.52382	34614.51431	15720.54019	18542.87089	21368.2146	12637.91721	17586.68145	12954.06151	18923.77865	31646.74246	16556.44488	11432.93924	15700.9508	15461.44765	40157.26935	17113.96474	14416.32425
TG 42:1; [M+NH4]+@9.60	10069.57232	32007.14471	34087.78509	20696.52026	15269.78778	207230.2355	7542.214967	3075.912256	23904.07011	29230.71606	343780.9931	12548.15767	18291.47483	13830.25586	11522.77032	4583.467147	9451.482161	9738.444131	38437.14407	8341.389675	155826.9117	31598.42375	19192.14669	12069.74331	4258.566279	5162.08074	103155.2126	27171.42001	263802.4482	9025.470737	106415.6489	127466.103	21041.99355	6634.908738	354329.8575	105344.0958	9439.41306	7940.200959	473668.3548	8267.380966	14252.59415	20472.25842	29664.98107	9193.209736	26417.33326	27337.48686	4282.98963	13410.08326	102534.2309	7692.488369	19650.77676	13653.26753	20415.04843	12029.19554	112136.9152	9399.146261	25556.0988	100758.2481	17281.03798	9325.820607	36118.64072	16852.93307	11003.49915	98249.53208	34996.49849	68918.10486	19636.86503	22234.03935	40089.83275	37191.28877	29419.22839	14478.3553	124138.7014	13113.54744	167125.3786	9235.421927	3822.743185	16031.72611	76027.2822	15449.42049	7713.118398	12499.43403	10668.30372	9563.569421	25556.5249	165637.2338	31321.94206	6051.994358	48510.4683	101623.3976	6303.819108	89182.6328	38010.76995	73381.80625	9341.699663	72822.20155	11473.83445	46303.64608	6402.114069	5249.131709
TG 42:2; [M+NH4]+@9.31	6484.66738	11857.17914	16698.44494	9423.507823	14133.36094	93833.41106	8889.942746	3683.92636	10673.6894	13257.49769	121498.8975	8826.683614	7013.65584	2961.835022	12855.97196	3102.405449	6978.576127	11059.8815	12417.48019	5508.020401	60314.78694	12358.55455	12364.60639	10302.29826	3643.902696	5152.595948	35843.04833	14025.98905	56498.49181	8199.087159	48641.20026	78644.19773	15966.78248	4961.962402	93656.83948	52416.20979	6677.940046	9064.39906	126794.5752	8109.912914	5197.741594	13667.10371	7353.609236	5851.364326	9282.671071	14583.1214	9495.388284	9397.745669	27241.98131	8374.847657	18868.04253	16345.53059	18595.59143	16886.26154	91150.12378	13194.4214	16546.83319	38448.14308	9445.33852	11528.94374	29456.27745	11863.65519	12811.35738	38285.39205	14842.74724	30141.66824	11085.7472	22379.19368	15841.87636	16428.80696	19084.36857	10650.74608	31801.23539	6976.114982	45185.11402	14546.7133	2923.662884	13329.76506	29601.79086	11880.64454	5849.824115	13549.6467	7373.003238	10329.51646	13926.60412	63018.89391	19166.74522	11300.30693	24311.44662	42961.97899	10305.2336	29237.90562	19822.95793	28229.50619	6205.835916	49051.70744	11889.48678	30975.82753	5426.814463	4355.066979
TG 44:1; [M+NH4]+@9.85	22754.50823	127273.4826	99872.91549	51080.03227	43566.16467	239606.4125	25463.63821	13412.21977	75599.77522	73927.92118	766224.1012	61448.66859	62731.05929	52843.43033	27005.59839	9009.629369	25795.7473	13394.49875	142840.6461	19852.24019	397369.0763	73138.95121	68063.71856	62724.23748	13039.15633	17251.60482	282689.3587	62977.9556	433295.9106	17210.57902	326375.1218	297887.3246	56526.72873	11973.47575	836213.6995	285868.0104	35995.8002	42922.98867	941587.6639	35476.64884	15144.31151	93961.18239	122041.6668	8423.921231	87428.08988	75223.38169	7084.141422	15806.81888	302678.9637	17880.6287	66350.62621	43444.60149	70551.01981	26301.06788	286027.9751	32905.72368	112719.8928	413393.1915	85828.88432	33012.03289	93555.06294	37589.83484	19840.9704	294237.1147	105801.6887	192450.8518	32064.78055	36297.24659	146833.1614	99686.80547	79152.09957	45361.07748	313764.0182	30414.6212	459229.4365	54442.31756	11797.07938	57830.43643	274730.3549	57402.95687	18976.47517	29948.6977	26981.92346	23822.48264	73238.16391	494288.4103	118392.347	10434.30251	158923.2631	318006.983	19654.76369	207260.6791	103831.4288	181898.6845	23508.83794	197830.9708	29186.56962	111630.8282	23549.1717	10794.36518
TG 44:2; [M+NH4]+@9.66	19280.66911	71405.14801	68198.15869	27073.82394	39657.41553	138443.1131	12783.72126	8088.831065	57016.04576	46848.93216	388935.048	34359.35568	29587.81311	27751.47403	20735.40988	6278.802011	19103.80672	22373.17259	73296.95291	17735.84435	218668.8711	41411.48219	40755.22451	54918.17661	19607.99083	16946.44989	196792.6558	48474.45118	171766.0236	16226.76947	230717.137	214484.5292	57957.59618	18592.32649	291456.4878	155665.9208	20216.04276	17664.20417	593257.3262	24905.04501	23057.84455	43208.03402	47177.40467	8708.688002	45556.02903	41934.9849	10094.0695	18471.02511	112080.0903	22697.68548	43060.98677	40708.99048	49200.74629	23713.11402	325796.7484	36875.59398	47688.38965	195029.2237	53557.80156	20728.74712	88979.84574	25173.47774	24017.98424	193517.8604	70382.09023	92716.53719	27763.18688	38763.31946	70560.46193	67520.07702	57621.13924	44786.36378	168421.6198	21964.64859	204392.0477	30864.93654	6458.63436	50808.76436	136343.5885	33392.79806	15387.81268	26475.46438	23683.31771	17837.55653	37160.91264	221848.293	67608.75992	11521.28639	84359.10343	215001.236	17213.36397	97326.33197	50829.67784	86513.71903	18347.80959	153104.7866	36096.909	86987.39209	14695.72913	12764.01514
TG 46:0; [M+NH4]+@10.35	27697.60276	69284.7043	46250.88068	43294.23844	45442.24158	161429.8028	32126.47929	14804.28924	66730.14667	45208.71906	535460.7332	71400.4548	60111.6644	33393.5779	28515.33283	9729.457046	37361.01821	18202.89398	136788.831	22706.24282	435182.6354	82077.54846	57300.00713	49872.73103	11536.92876	22896.8181	258532.784	36756.58391	220244.7723	24519.59267	186937.2968	335025.7272	56008.36326	7810.299231	751107.8646	210770.1261	49235.38536	80947.3452	564018.9702	48455.71734	26276.20674	128383.1236	99123.8517	13905.07048	96817.98397	76108.73014	11364.09658	33025.23323	263672.2355	15799.49679	40761.21663	55365.16662	44683.27617	30469.30768	129697.3952	23243.16891	126864.9617	209035.1981	49706.10277	27645.73495	55237.24669	33655.28324	18673.99045	290286.1367	89723.92384	68572.47052	31222.25549	58950.38854	88792.8895	52558.83995	44553.48797	30884.05363	281897.0078	24296.4849	158257.1388	109049.7002	12940.6126	37366.59425	197992.1047	36336.11704	18527.96015	31477.13003	21702.48063	14178.34874	63517.33983	411788.8884	73192.78312	17838.46327	84133.11708	210297.801	20662.2119	153286.1719	94604.01034	138498.5693	16676.40429	139831.3264	52253.26191	54166.77302	29926.12846	11878.15901
TG 46:1; [M+NH4]+@10.12	58059.4775	260896.7557	185602.3641	93046.16067	100003.1083	285658.5412	59480.76234	43179.57507	163275.9685	119882.9126	822945.2229	179007.6547	173085.9862	113317.6208	93566.66	36895.94131	79526.97758	44515.43794	274639.3894	37645.93669	734254.6628	174646.1212	151044.205	178507.6616	28539.83903	44215.11334	591423.7368	108312.1824	783541.1656	61297.7392	454058.0607	537358.4738	111091.1236	34650.44721	1311850.789	681766.3037	118907.5492	197063.55	1472993.404	93087.25327	55703.39362	295992.0975	310410.1679	17340.33088	209159.1138	146501.8537	30878.9809	62046.26839	420347.4856	45409.44425	162255.0084	129609.0434	203416.9672	53184.59737	371981.934	86412.05354	369004.3557	788618.5324	179231.9861	53226.0513	152876.3992	88859.58424	53176.62458	595122.4105	259615.8193	147820.6048	76770.26432	87263.69421	258502.0809	165430.6443	154336.5222	133153.1257	566826.121	96827.53241	880906.1531	293891.8601	26676.93395	102783.1462	490830.5197	102292.0016	52423.21349	105522.2212	65236.66858	65501.87884	131661.5683	937658.5365	188784.2129	36769.39558	194845.1089	701461.3146	54841.40447	523744.306	210501.9757	338966.803	58171.13062	215859.3911	108100.1811	183384.6184	68316.74551	21186.79989
TG 46:2; [M+NH4]+@9.89	54663.00783	259163.1845	178420.2314	82676.70486	129450.7941	255345.4421	52192.38806	49952.98139	217395.1362	114766.0572	697793.2317	175877.3926	138094.2371	153156.4601	102266.9248	36194.62907	40993.63662	24902.54929	238553.7998	45520.02077	598246.1637	113761.8016	168851.958	188395.0122	44512.06371	31312.5999	552059.9665	123582.742	523289.4084	39216.389	527029.627	419455.5507	156106.0378	38310.63303	624954.0618	605183.103	82275.93885	118464.6715	1331160.368	89894.81084	41883.22413	196460.2887	224142.3174	27289.25782	187110.5802	103685.611	30375.99218	42159.97342	293823.5298	58570.92656	181257.7604	123870.5595	251145.1038	48090.76465	530488.1157	107883.0721	213513.3596	638090.7919	195300.5309	51964.347	198549.7511	102092.1898	49724.37132	534372.7451	245236.0192	240350.7591	83193.26147	114121.9864	187301.8801	182940.494	154472.7142	139798.0739	422320.3864	104760.8404	900830.4215	162696.3859	40855.82062	132374.0965	460480.1413	120374.4916	47679.62236	73416.65884	63639.52858	69730.93155	113146.3764	666999.5498	241262.7822	30767.17788	287175.8324	584390.6424	56427.80089	316497.2535	151553.048	268233.8845	85990.32832	311342.1305	57349.91076	242150.9747	81289.97236	33675.07183
TG 46:3; [M+NH4]+@9.71	15463.28046	106263.9897	58506.28915	27786.24891	46580.70572	83338.84272	21361.77014	16117.27185	92126.96438	51097.95416	286474.6383	50440.46869	39212.59148	48452.58466	38467.17019	14283.95716	15592.39721	12099.6167	77131.43373	17813.74088	212367.2749	32235.53041	62960.70602	72690.28988	22473.50002	9751.4505	203587.0166	61155.72787	121202.6134	15745.52338	231807.0064	216491.6783	67210.13425	19841.36304	154459.0598	154578.1471	28853.87388	25849.77183	458461.2989	30979.03253	15354.23119	46060.53777	38833.11839	18279.62204	55288.09709	37618.98017	21435.80605	12968.3297	87451.26279	28114.19502	58630.539	52118.87908	136504.7081	24147.45497	378534.0317	83372.4261	51755.81579	211146.8197	65631.89592	27943.08574	107527.7414	34005.03957	15547.25261	211121.0201	65759.76911	93555.86109	38353.96249	77577.07923	52127.09037	95552.84056	73347.86036	58286.45988	171357.1528	44215.90828	243178.6876	29576.35278	17062.34254	51117.06249	115934.4748	46033.20411	23283.00447	27633.38849	42406.57523	40835.96704	40544.06932	203409.2128	83326.51872	11595.18122	100630.7724	194571.7911	23471.16613	92484.82741	47668.9033	75521.00122	41398.30976	155043.9987	21615.00029	113466.2776	33447.24448	14251.37244
TG 48:0; [M+NH4]+@10.62	29442.12241	82589.1075	68269.09913	56056.23243	65252.88319	179307.1789	55770.77194	49005.98852	107159.8218	51202.32129	892492.3889	125024.4937	104069.2321	56690.79375	30161.8223	34414.48595	69748.6445	28949.57204	114716.0378	43059.40461	652670.468	90793.44421	74457.69175	74074.74879	27573.41634	39225.48845	386901.1016	58609.6097	182731.6959	67846.1774	265779.5663	515636.4935	150729.8941	23920.39334	905487.4892	241366.3809	80195.45333	149862.2434	604852.6425	82067.47688	65316.40873	229308.7201	118903.2101	7782.675742	225877.7512	71683.14867	35500.75498	49239.45044	362703.2994	33855.66614	83204.77179	84931.5836	95184.21189	44897.99968	248006.0467	30283.59645	133972.7443	214811.1404	69193.86294	37503.48991	87628.35363	58578.87892	13997.54617	217789.0807	122944.3787	75175.28161	55376.54694	145754.9535	159114.1499	67725.79205	56243.11457	49695.97532	232051.2263	47673.58178	144365.9408	219766.0756	12404.31852	55866.17668	217609.5534	33157.44108	25262.97458	63844.95413	63438.72177	33964.24917	77446.42448	400307.8968	55800.36816	59285.48649	96107.7323	240818.4349	30864.19658	195691.8787	147964.5113	102871.3038	53606.31419	179303.2987	79762.70585	119677.4255	49998.28628	9637.718658
TG 48:1; [M+NH4]+@10.37	128880.702	558376.4283	481949.4934	281981.7376	429367.4981	450054.226	285498.6104	274749.7574	454867.2295	332984.0158	2391342.037	737646.0717	362477.8945	347001.8424	356811.6317	198052.3346	298066.4779	151752.1042	764621.7524	183136.8213	1938967.614	531032.7937	459033.2805	590002.7502	129264.9286	201728.3881	1706772.992	343401.4763	1058277.266	242089.8637	1179171.335	1646995.561	428623.8315	133188.7112	2877469.002	2064655.699	572422.9007	534801.6295	1878504.909	408372.5598	209523.7572	995942.5838	665878.331	88332.81946	751333.1324	370192.8652	160275.7922	256551.1964	865279.9741	211440.7469	691013.6163	486417.733	914016.8414	176504.1955	1106979.299	329188.4201	1075212.608	1571956.362	531274.8456	195689.0846	368647.6301	420266.6231	125400.2036	1619623.821	645782.6491	477909.9022	274717.0489	354517.0445	795492.7373	569538.0445	503269.3599	489916.5199	1293385.037	384392.2011	1296595.281	1124178.381	115443.5967	337155.77	1294531.263	301113.679	174429.1877	371167.0673	447313.3218	248111.9238	388497.6592	3017992.017	480352.1209	294804.1538	631265.7249	1795262.073	248080.6585	1013981.604	800425.2195	1052853.157	345525.4024	550212.5101	386062.534	667884.8844	362625.0889	114515.0755
TG 48:1; [M+Na]+@9.07	1371.184297	1565.96063	4573.160907	1451.956943	1661.923922	2497.70399	1383.249612		1614.32291	1048.823398	2024.815977	463.1049842	1394.051129	2500.194183	3336.696194		2157.167671		475.1676917	1661.340734	2093.982626	1725.103799	1634.547393	10716.25743	1275.223243		4083.882943	1294.246131	3812.869822	1267.964138	3431.070196	3615.418303	4022.434291	1192.547141	4243.841312		2802.239114	4010.891811	226.2172022	3066.617059	3303.720701	5160.249816	5751.661918		1271.536166	1900.883416	867.0671227	4439.571927	3584.772694	2005.662749	8863.296036	23951.30252	13283.40401	8613.512057	7083.821925	16068.08773	16359.77859	11521.24813	3326.303835	4543.290787	2351.323196	3301.791453	1631.803193	575.0393016	13638.94392	5791.651409	2045.85398	4452.788654	4611.62839	2883.669597	9473.362034		12450.49739	505.527727	9334.205938	11954.20118	2876.609238	2794.435682	13902.56866	2818.425951	2435.210419	4344.165512	6489.877727	4737.147009	7247.606981	6533.851977	4821.579364	11532.87715	4254.211517		3749.473409	937.5649706	11533.57447	4459.313469		3432.601086	4679.602304	7761.767703	1322.721037	898.4383387
TG 48:1; [M+Na]+@10.41	19251.32197	32272.31938	26163.46772	30930.69394	25710.57452	24414.72076	25917.62278	12086.5113	22249.92248	24409.00495	65839.94077	37465.20679	25399.9559	15153.12858	22908.22727	18228.886	27090.42289	19030.99316	41996.47102	11317.66458	69116.71179	39641.40803	19323.91609	26382.95595	10470.32449	32850.17894	62731.76744	24850.49214	32760.33708	20947.33487	40144.81809	49564.48417	36213.47976	16464.42342	99307.6835	63527.47098	38378.94287	41499.25328	54634.12978	24059.39016	26723.82905	51337.53412	67163.73222	4117.037084	48138.37602	27184.84009	14909.56358	38443.73218	45809.85064	11551.15428	25622.46128	23321.62103	20174.31718	13398.80304	40847.66896	18304.17589	34269.5943	32045.15434	19085.7644	7921.172777	25002.1509	11330.33893	7835.470309	38301.43932	35093.77658	21509.87172	18825.68252	9508.696624	40789.24063	20027.90476	22217.95953	13637.724	57658.16875	22233.49718	48190.68801	40704.11915	11917.25398	25198.01796	44102.31587	18842.76341	11708.08321	20394.48114	33040.03827	10911.19185	21096.5673	40800.41356	17574.29275	14540.89786	21285.98122	52514.28166	14594.73376	37903.72364	32776.11257	37150.88907	15797.18417	21392.58574	23755.93054	14216.15582	19547.81668	6438.483724
TG 48:2; [M+NH4]+@10.17	149086.0993	630660.331	502547.0747	279127.0555	490500.223	491990.7805	379068.8324	262196.7272	681960.4495	315369.5481	1713474.599	687773.0806	411594.1075	464151.2362	488950.7545	202943.1145	228629.4631	132254.4134	682589.0665	219931.9728	1716976.144	467228.3142	570184.1809	920345.245	222425.3436	224324.6851	1909468.997	398584.2815	1394119.431	240051.5235	1313967.232	1475295.206	437823.5715	143298.2211	1915333.052	2288179.371	512359.0088	445419.0025	2458338.223	425412.4224	236571.239	851583.5137	738081.7628	123707.643	725394.8446	363929.2781	174774.9431	263243.1749	684421.9311	280402.1173	934851.5936	648403.3805	949828.0545	218052.9897	1511157.315	460866.5915	951873.093	1816067.625	703970.3252	235463.6831	417949.6747	557118.2409	181118.4014	1968937.148	827787.7684	490110.9905	354849.3209	398773.4152	715015.5761	568737.4378	628077.6456	652902.9885	1143597.61	450595.0322	2006471.793	1009208.493	166497.475	354062.9975	1372811.719	391965.8641	200953.0004	384536.8067	403974.8967	397426.0336	419573.2218	2957906.807	566570.0701	229432.8552	748278.9535	2042848.62	230601.9066	1380757.098	701877.5215	1022840.139	433365.6973	665212.394	399895.2685	895667.0158	378890.3978	154375.6973
TG 48:3; [M+NH4]+@9.92	105187.7413	390399.8692	314912.6519	139382.7179	253380.3959	393540.4107	187616.3138	164120.4954	442767.2341	147234.0762	858595.943	367431.5	276115.6701	423196.6198	315383.0364	146281.2394	93428.83979	47270.13663	345335.738	142168.2945	804172.3961	146422.6405	383731.3941	475878.8504	151723.4835	77692.32728	950818.9306	279529.7747	695575.192	91694.45828	693986.3234	693220.5791	300913.5003	82829.15032	572658.0264	966110.5864	182271.3557	202260.1717	1922802.025	211295.1821	103647.67	340381.0979	259816.6184	97476.5493	392921.0567	161404.073	104149.7315	84081.17814	321063.3939	174193.2557	413734.7187	286898.3858	700733.0983	128216.9272	1060589.597	384130.5433	252388.2487	992586.2434	397557.5402	156906.2165	263872.0703	229174.828	149462.9419	1021471.864	426887.101	318973.6912	264952.118	258305.5156	284875.4397	438520.334	429486.7189	441308.3418	714188.6139	269805.7129	1402754.728	395572.1755	138038.0351	226142.6581	741181.0425	262759.2087	133946.316	166783.3399	219506.0697	296999.7445	217262.2816	1058819.224	451914.3851	97735.9763	497663.0739	875275.415	158818.3476	556780.3615	259340.7565	421714.5741	253556.036	401542.7796	101806.3158	581681.3328	254731.6351	122240.3811
TG 49:0; [M+NH4]+@10.72	5628.1396	6131.873341	5624.320107	7381.617825	11061.0376	13368.41799	8832.533518	10637.95287	6996.692703	9811.152496	52828.61126	12013.973	20188.01136	7944.613612	6638.953441	2586.872537	8792.445399	1700.449402	16229.81709	2213.898538	50726.98167	9126.081192	8664.468361	10124.22483	1884.151811	8666.435277	21654.5679	5231.169707	21584.1561	7605.396685	24053.07473	22586.55179	11236.21144	1705.305477	39465.56625	21685.00039	7241.993494	10164.86907	47366.93259	13810.76513	11299.53478	25577.06741	13645.49805	2792.851441	17903.26997	13080.66701	7294.679393	7981.308487	32338.62395	5127.946116	11051.2991	7081.475593	5871.072915	11602.14129	22416.78622	1068.465598	18430.62067	16693.36971	4331.307381	7740.195843	8871.281374	4674.359136	3430.475023	21615.13994	9966.564242	9900.679126	4533.849622	10422.50993	21272.30443	9034.327525	5217.740743	2544.108269	30042.90486	1980.906852	6021.084186	13000.73338	866.2105171	8516.093312	20291.07337	5127.289721	5559.201849	7023.983545	8141.092146	3465.373478	15768.40596	20728.52185	12579.24657	3566.74308	12810.21495	24116.30305	9083.456851	17765.76993	17914.11392	28784.51347	5066.063234	11337.75969	9644.484932	9215.70629	11324.92246	2308.867365
TG 49:1; [M+NH4]+@10.53	34222.43125	40968.7366	61442.48323	45130.12956	47809.29405	37006.8674	53446.92746	45499.57049	60483.19793	55476.76662	197477.0159	73875.97096	66365.52661	36523.81704	51650.44606	27984.38296	37346.23438	24578.6258	91181.88088	23578.66143	177771.7768	68041.2545	52438.6108	66434.97719	22314.3171	43157.31577	137359.652	36575.22298	129744.7333	28365.08053	122721.7363	93529.33172	55096.61322	13955.64743	184719.7743	140784.2754	51630.02864	54927.45061	155053.3296	58091.46749	33522.36534	135397.0787	71673.95029	10965.00976	93819.8343	66923.83081	16163.82604	48677.56632	109626.4502	24098.66913	90467.56859	60962.23847	78092.4595	30774.3784	111749.2005	28371.25004	134479.1952	125308.2785	78186.08385	40322.06581	47804.53037	52585.10706	10784.83212	106255.5983	69074.74504	65191.37041	38718.31257	44507.97757	90157.96933	73786.78068	57542.00384	41369.35822	185219.6789	48380.9642	97070.9062	89028.64498	21416.9429	43533.61847	107488.3378	37793.35814	28841.81299	46960.96204	38211.03088	33568.24292	54585.22321	187626.1056	56897.95787	37163.26622	78885.78242	199571.4955	27114.8437	169881.7142	126678.7079	149220.4826	36529.33591	60210.58463	61399.7494	62999.27925	30610.19521	19314.61062
TG 49:2; [M+NH4]+@10.31	35011.1439	48479.24538	90849.83236	55970.53496	82709.32137	53616.59476	65241.7958	47201.55611	59990.93147	52653.82617	200131.1087	92536.20789	67267.04467	50012.32758	66884.23184	38971.86972	46775.12642	35038.53312	107109.2517	39942.82734	205945.2664	69680.17469	61779.84956	92449.50704	41187.01346	38735.11259	156077.3348	68607.91214	152859.9375	45323.95289	134874.6429	87287.57617	44842.16033	24600.53689	148258.3109	198490.9309	89380.25097	43642.17488	158768.2693	61976.75779	45267.80941	129575.1005	75685.67072	22757.89757	102013.5091	74035.07617	19032.24451	42554.47458	118731.6939	36632.34081	120927.04	94009.67019	122056.3444	37319.32038	134653.0146	43906.33543	97497.15653	153793.4843	116420.2158	49461.15139	63981.5225	78736.73036	13100.07508	174906.3792	98687.14221	67002.64992	42852.09999	56717.23721	98734.79021	99671.2894	95000.68858	78011.08878	152373.7929	72618.71074	110496.0451	108690.2815	34256.02443	49665.58342	123934.6746	48199.76566	37732.59088	64328.23018	48196.22916	49132.51975	79906.84086	158126.9506	81501.12995	47072.99179	74974.88112	209276.3081	31796.65328	199950.0089	147865.1555	162883.4696	54938.47982	80744.83228	63640.80121	88852.84118	45856.61381	19091.04864
TG 49:3; [M+NH4]+@10.10	13995.37213	37522.79307	36474.70226	24253.02024	34307.23444	23457.46984	19907.86274	27555.92507	52471.10453	20052.36932	65819.7261	43613.21178	42968.59696	34236.88196	45071.76006	23356.28016	17637.95258	14132.98798	39990.27202	28566.46394	82662.05389	31914.48087	39815.40468	61333.11498	20560.5001	14121.58656	96215.30198	34773.85213	78856.63032	20991.16744	61835.00761	42632.42812	31598.97257	14124.03115	44762.00406	96545.03026	30851.27609	21026.12569	80443.54515	31299.75108	19142.22585	52632.16599	24057.32855	15213.93385	53338.13607	32853.2768	19156.76622	16103.11033	46077.49524	21237.68195	81740.26821	36235.70202	68358.72067	20744.62432	89425.49547	27004.12194	32813.79676	90015.26031	47754.30503	30765.35776	38356.27528	35854.19376	9856.293029	67066.08289	55974.47206	49118.30776	22002.17156	26907.53756	51261.57283	59505.44598	76125.10726	36115.83811	95174.63457	42965.2081	65497.89819	33814.95723	19088.22072	32019.79439	63020.63829	29362.15675	25476.47475	34095.62843	40381.07497	41490.77052	33759.73586	58530.37554	58015.17076	22443.4435	53255.98021	96637.53741	13975.10227	67802.05605	45197.01465	68356.71073	43084.59519	42012.83636	19025.28421	62649.4413	41361.24022	13989.54474
TG 49:4; [M+NH4]+@9.92	5432.579846	9156.784104	12311.55823	6997.681403	15950.42801	8811.669096	7160.35049	9616.633876	20599.88985	8621.093999	22646.99446	13843.27944	19756.78467	10004.66038	16769.9232	7840.478354	7525.569659	3875.487283	15016.06237	11733.33588	23680.65005	5562.196949	14064.71286	19786.90799	7397.860682	3325.528703	22222.59762	9953.115019	27827.09534	6346.216309	23110.17258	18970.65541	7270.499929	7085.938468		42045.76036	13620.31697	7947.6019	42535.15886	7167.092954	4224.805335	8610.093914	3507.345864	6972.909194	15840.80049	7369.867371	8711.773457	4371.808447	12182.94075	5965.951653	15340.52002	11322.4513	52284.66242	11386.04148	38897.69405	14473.34612	9403.140374	17845.82335	14541.42669	8899.277193	8063.786821	14035.44007	3933.783974	28639.05462	14273.83051	13894.58759	16434.45947	14106.10606	11855.92243	17168.47902	18908.73675	15681.71508	31481.51782	12800.03021	17083.45713	5387.462083	9008.745364	12099.2076	12278.77509	12279.22654	11046.98465	9301.617934	15496.67871	16183.38157	16029.27533	30044.82491	23916.35249	3704.9423	26817.09237	28600.98975	8154.481889	16997.80222	7206.826689	21933.21341	12642.40577	14903.31983	4546.09329	26383.33123	16346.57963	7767.82351
TG 50:0; [M+NH4]+@10.87	33445.96155	50370.3117	29738.26724	46511.42129	67873.35369	191332.0674	52821.26238	51546.38085	79384.27878	57207.61392	799620.1667	163608.4637	54085.27077	64174.568	64845.74746	32838.07474	96359.47316	40027.45953	83403.87176	19695.79426	691731.2754	98751.75626	56066.00167	96066.32422	20280.83384	50769.38007	406026.3503	42834.3052	119100.538	88212.74444	219232.5056	391632.48	149998.0473	25073.48675	558795.6426	125809.5412	83960.81456	64979.21102	831996.1408	95518.55909	66891.79833	164808.7396	78426.24329	26822.66507	243054.4682	46940.50206	47201.75698	92963.43138	218898.1863	51111.87814	112061.8408	62203.27944	52235.27674	55062.84635	285637.6867	28485.61153	190933.2551	166611.2072	57041.86893	35002.64904	59300.27784	65226.9079	20021.14556	131611.7156	112993.0355	87795.91496	51529.73796	165438.9148	84490.38222	57293.61725	44892.2859	43948.67944	156078.2711	73994.57271	81948.35464	148565.3998	25487.61413	38646.23615	191488.4174	24603.03746	31461.7605	85860.25627	91288.5118	66321.69686	101362.5108	293136.56	48467.79675	52007.58024	113645.7264	171052.0753	46087.67877	104787.0766	137340.2151	155570.2887	87031.58855	276676.9443	41961.09096	142421.4346	68048.529	19870.42284
TG 50:1; [M+NH4]+@10.61	331926.8539	819471.9365	531411.7266	516559.6028	1014763.147	815435.7979	737328.9728	597419.0269	1206174.521	656342.9703	3144406.936	1585265.548	563715.3857	724736.9603	624928.4873	347396.415	594209.4683	323096.2294	1257135.939	359299.623	2735899.73	1055333.476	981468.2097	1435128.544	347087.8587	461249.8715	2546096.316	488834.1377	1443410.067	497741.2889	1549739.386	1814859.555	1073860.906	340363.0162	2984568.51	2530388.514	790481.7563	1250452.491	2216764.856	737243.46	490525.4612	1384847.275	1096164.232	306897.7061	1043622.619	720231.8659	305729.1261	921460.2569	1707939.681	549495.4752	1141193.636	993839.3258	1040482.966	428711.0614	1673063.544	441763.4273	2406051.323	1929447.091	998289.3218	353906.6036	633303.9369	1140746.699	173704.2564	1679295.962	836695.049	971048.748	662734.5215	972810.9786	1328521.113	861551.7181	646290.8001	638331.1382	1429604.923	1244955.818	1511391.141	2489969.847	272841.9848	457836.9458	1629889.086	294493.3136	362564.0215	1129581.929	976937.3251	1052574.907	782670.5365	5287358.565	837880.5405	1118748.197	1374331.635	3516289.712	644929.507	1123003.819	1844802.158	1728860.763	1065105.552	1803094.016	808496.5945	1796789.865	697435.1475	297096.0391
TG 50:1; [M+Na]+@9.38	3359.169131	8861.133726	7213.58664	3942.21533	15815.50137	1968.559757	5761.594367	2236.695075	6329.639356	6767.654841	8817.290926		4416.481318	4404.480704	24425.09345	4740.668178	6247.816716	11935.64026	1487.425645	3049.137857	4367.363674	10618.5884	2379.15795	34588.65028	2371.958534	8343.731256	11559.98266	13219.06506	10521.2142	7544.049055	14155.32628	7579.755378	4358.148382	4198.871831	7126.113402	26231.46671	5317.403472	17130.61358	8380.411219	16067.24482	17729.47997	20074.43816	8178.624263	17673.90663	5294.135308	4338.250473	5473.751693	25740.52877	8873.185706	12417.43733	51099.39578	106357.1084	27453.71088	53553.9354	35313.79819	63250.51473	65802.84946	41096.2172	19481.49577	12832.93216	21318.064	24588.5555	6887.012114	19024.29323	42058.57333	38798.67565	14468.79561	24762.63994	10745.5916	9036.282501	43773.85618	17571.17671	63467.75645	9828.715097	48015.62257	41801.97276	3668.043199	3852.416416	37472.77534	8479.571079	15292.0439	36016.84021	11562.12874	25578.2472	18580.36538	24057.58063	15199.30557	39479.42176	12401.74165	17743.00894	14334.17817	4227.076748	48589.25578	14181.54486	10154.2381	28866.8548	20515.01307	49933.96834	27391.99542	8488.651236
TG 50:2; [M+NH4]+@10.39	558179.6749	1755177.067	1252295.895	982752.5597	1773109.953	1165122.907	1795366.707	1531819.848	1622363.214	1229784.795	3998105.728	2578871.141	917195.2669	1372341.779	1926278.832	1142659.869	1095104.375	687139.2929	2104287.293	1021764.611	3490187.179	1603317.003	1603502.517	2448440.291	719580.4821	722964.1968	3606336.407	1271106.944	2528949.168	1139067.657	2489244.86	2806497.872	1571942.802	605182.3621	4189787.689	5596645.383	1703593.835	1627838.608	3243786.481	1429997.953	978287.7708	2092852.524	1631615.397	906082.4939	2109037.053	1317505.867	777366.789	1211621.724	2116358.052	1120493.44	3661546.218	2747424.304	3067925.502	733826.0615	3634364.384	1853275.996	3044515.458	3832877.043	2243953.202	1011490.44	1092367.795	1775469.94	661044.156	3006665.084	1937851.248	1846304.533	1448500.292	1625990.481	2287296.299	1730184.628	2197534.734	2244232.617	2367067.465	2255777.41	3578349.758	4182373.091	906869.5779	1077615.07	3108258.139	1162559.288	935049.7759	1969396.713	2404401.205	1830084.359	1640253.432	7122131.521	2093133.601	1678815.518	2551187.606	5284811.216	1348851.594	2784487.972	2858404.834	3010340.663	1868575.896	2316571.029	1448846.802	2764779.382	2212192.366	694358.6457
TG 50:2; [M+Na]+@9.13	4443.356558	4038.682134	16952.46143	1410.046129	13999.60296	2260.207641	7394.727416	4900.770521	6104.084921	5914.066061	5636.885052	3952.854327	4127.775159	7879.231498	23816.97594	1657.302835	4029.61538	12963.85979	1381.45141	6280.926545	1340.589146	7345.339209	4204.428778	41393.72849	1905.027866	6001.968157	13133.90472	17043.16242		9105.758131	18661.08345	4974.232796	4540.054805	4926.534979	13449.01377	20358.06888	6852.736905	15541.40586	6929.99268	15100.70831	18714.76159	21126.48569	25323.49111	23984.11445	5306.767966	9018.108013	5676.516911	14288.35427	17381.95281	11059.53838	42097.33285		42752.85093	75666.40045	41183.66196	73841.59062	42969.63467	48930.30888	20488.19071	22017.99174	18673.00315	23950.39873	9294.520463	19746.27861	49071.9768	31867.17679	13122.00354	31775.94905	9434.253674	13590.27749	47614.99524	24729.30981	72306.72234	2161.017605	48809.49738	33816.54964	1131.973401	3826.394171	60256.6939	12920.6557	10714.69918	33712.46207	28218.32401	23919.53309	10303.79587	33339.07845	23128.75879	41362.34298	21927.61927	18538.48509	14295.06437	1568.877805	68096.93865	14938.51081	16053.45212	21658.48499	22901.4272	39260.20053	27998.42341	11266.98803
TG 50:3; [M+NH4]+@10.19	325869.7414	1391521.704	949648.3494	664743.2538	1313686.639	803500.58	1312053.803	1028640.081	1597937.986	907940.3058	2314694.279	1670073.47	782678.3511	1423041.967	1571706.044	962838.1311	555780.1323	386014.0342	1285345.722	828486.8407	2257097.194	968859.2464	1467185.39	2146937.471	752013.4869	586518.0012	3150570.719	1139367.692	1944677.784	841974.5975	2497424.425	2038162.312	1093442.983	452313.1841	1905883.415	3661107.729	1145365.476	819672.4569	2979192.946	1038182.858	757836.7631	1294579.091	831118.8748	865001.0571	1855244.074	983608.4018	690968.4838	979429.6947	1349504.905	921112.4849	2430604.364	1664648.464	2924352.763	616892.3082	3377370.437	1946938.313	1183987.581	2608449.26	1444400.28	875945.2024	747825.7795	1340519.268	484916.6754	2331981.46	1617777.961	1500223.074	1096313.858	1222044.158	1451870.812	1473576.967	2001654.152	2195706.611	2197711.126	1619347.168	2514189.183	2249692.102	796460.6996	854247.5887	2466304.81	959934.1389	941958.2791	1176938.735	1773982.717	1662221.905	1057224.652	3437265.759	1678577.759	873702.2965	1744100.302	3122191.412	784229.4496	1907710.116	1991336.888	2095862.074	1851882.687	1390580.512	846118.3506	2809698.633	1992916.183	713049.1116
TG 50:4; [M+NH4]+@9.99	184892.6909	595862.1489	402933.8156	217259.3166	702346.1803	449619.9653	401083.6678	385108.7199	874372.3242	367825.4611	897661.5114	662396.2395	382165.2604	628572.3009	644537.0677	359876.4138	178260.8623	124963.3282	511081.5169	459848.7788	853031.4832	205868.5769	653208.4339	1008089.445	456499.3628	167870.1488	1531964.365	623183.0988	905532.4759	214347.4603	1206344.77	815997.1027	433196.4678	213252.0396	483175.1357	1428834.769	370119.2113	279790.0986	1736287.702	473881.8479	240845.2455	410213.307	166987.4598	493510.4477	680165.5851	361527.1381	371378.049	146823.6855	442234.7363	465077.3367	770163.1301	554261.2302	1554296.757	328913.9826	1977223.388	859502.9966	287363.2888	1020882.511	542977.6477	403467.9387	412033.3522	502987.9908	164160.4387	1350095.507	497707.2989	594969.7429	626335.9489	592597.4714	419895.4089	756732.4928	939874.6238	1019227.884	1057990.16	674887.2573	988899.2988	518115.3687	405047.7202	386021.5824	969386.6395	520232.8976	465666.7926	339408.0525	872766.3409	951397.0699	458929.9828	1415506.014	817163.736	274651.5538	810589.3174	1163850.098	364426.6598	683539.6648	409732.8816	495027.9962	733586.0943	596625.1576	181160.5936	1560115.448	908840.5388	366942.3967
TG 50:5; [M+NH4]+@9.66	40989.3289	140519.637	85176.20343	47840.79838	119130.8826	103606.2258	60391.54611	62390.9719	208425.6052	62998.77168	199948.0125	132345.2774	113531.8014	116275.9632	105905.0895	77194.5435	40144.24776	24193.30548	104218.9652	99036.29253	196504.2636	38960.77527	131771.9878	202392.3582	135202.3807	25050.96567	378029.5429	152579.0355	243675.0771	42289.27361	285621.1835	235777.7498	114522.4541	61645.26754	93793.54477	323968.0579	86492.49717	47146.28126	418195.0895	82442.97767	30371.83242	62427.73072	17645.26961	135571.0117	115927.9129	76973.73882	94422.14088	16774.10145	73228.54797	88452.71981	123830.352	64769.96442	573767.0574	79044.8198	504340.7679	295287.9907	72169.78326	176511.7053	116170.7472	89829.95657	115473.3038	91916.27437	37463.1439	319270.5784	71407.9474	110362.1737	184770.5821	177476.5925	80160.30914	159861.9695	218780.6786	204117.7201	208587.3395	115372.4153	169243.8064	59564.14528	87189.81719	109495.1428	170853.4975	135554.574	141562.5699	63013.81424	297996.9029	304894.2317	110330.6636	413010.4165	252513.8963	32168.56431	194332.8208	255229.4139	71732.07093	115375.5045	58216.96909	100684.4119	153769.1115	144677.341	27821.23142	382159.2445	230810.6414	97930.91468
TG 51:1; [M+NH4]+@10.64	23875.74044	33047.02226	35404.81403	30441.94542	44232.71555	39155.64872	49605.87957	40017.12975	56921.81526	50963.21375	162138.6028	88665.48939	40281.44492	32116.21157	38900.93601	19295.31516	41143.28822	23017.90248	52656.42885	21554.90976	119421.2075	51161.62613	40583.68363	55335.35576	23448.48345	32016.88599	108995.2286	23557.85211	87978.65028	39463.98337	68839.21815	56418.48562	31516.96556	15174.62513	86229.56521	120579.2125	33932.45429	47310.61059	139818.128	46348.45482	23474.46435	80161.55708	62928.85428	12445.9272	76092.59752	41532.67528	10022.72282	30730.45421	86911.22769	25897.94701	99925.37099	53227.20992	85697.32332	29521.70657	103053.1252	19169.79468	128077.1675	70602.86217	59245.94713	31433.98866	44470.89864	45714.12161	7558.388453	64588.66054	44716.02901	65013.66112	27564.57272	42250.79628	52467.49879	74128.13544	34521.19514	38652.62971	106854.3207	41013.97763	61506.13928	94690.98332	20057.43092	29515.05981	101005.413	28783.73245	15692.08932	55585.8445	32185.07766	25301.71314	59605.08782	123422.5409	60221.11069	39138.05793	91033.07678	120494.8716	35984.22286	77483.84532	97825.73739	97875.25188	44075.12128	60956.35743	47005.1354	95788.40544	40372.63363	13867.10842
TG 51:2; [M+NH4]+@10.44	70723.92281	142565.43	153545.2474	127890.295	186730.5152	137169.3373	193951.9251	161033.6206	184455.8053	163660.8926	516644.6842	301109.2692	165606.7611	166793.2951	223160.4151	136520.7136	134947.2372	79522.28039	212598.3091	100216.7277	379963.8257	186169.3303	164553.1314	246273.2257	69048.34473	102515.5875	379849.2674	149726.5629	312106.5785	116430.8793	308534.9075	237685.9114	154820.5127	70212.4667	284039.074	441439.9012	175823.3711	133439.8491	412819.0996	208823.9838	113616.1862	283148.321	170769.2426	60293.50764	292727.3443	169489.6418	51482.47964	96305.06228	289880.9015	120003.5221	433983.0115	277976.7701	429604.0938	102183.453	358759.069	139618.9042	389660.4099	324506.8974	244633.3475	150246.5011	142834.375	230130.5867	66655.29459	301377.9453	208833.5776	190162.13	120667.5175	149268.9286	151503.8409	230067.2037	208306.5197	217102.8139	331850.0275	223027.3729	307606.1364	322874.2017	83521.50705	93648.98475	326104.3865	104611.7835	91569.55855	192781.0196	193716.6627	156684.8544	195363.9187	388393.7244	248355.222	194080.3912	339219.3223	427055.0977	135474.7911	410264.9454	353608.3223	391334.7981	196892.0446	219471.9223	152669.7345	336316.5664	184541.6835	70716.93585
TG 51:3; [M+NH4]+@10.39	75372.14994	154359.6437	138411.501	136837.6041	191045.9996	110786.2054	196899.9765	157891.2082	205854.184	151823.8922	246340.3443	209478.8303	141467.6344	199980.4	209548.5786	146494.6375	84338.92882	71274.10863	139176.8322	142527.9726	235296.5943	124299.749	162738.2389	194451.8135	122453.0499	96033.5594	287124.7669	147286.6819	217036.6484	113426.5065	217836.6914	155870.4081	146593.1061	58299.70897	105773.2396	375934.644	127667.3462	109813.5248	293410.868	174689.988	112023.6157	164802.5508	83701.09949	109240.2109	220299.1518	158790.3189	79357.72489	82073.47739	223374.9392	130459.2971	360256.2131	202376.0832	364531.8408	102025.8171	356409.4388	210890.4346	184503.1658	240697.2469	191737.226	151638.1404	118344.1291	212876.1636	68854.1362	276155.6329	184753.4194	223539.907	144984.0174	145421.0073	134834.8916	224031.2135	287936.7916	236539.2274	332638.6127	226009.8386	233667.2784	187162.3049	116114.3393	104471.9943	249814.2166	144803.7683	126116.9374	127462.4464	168334.6293	196612.4833	151638.8953	199585.205	257057.7465	194838.491	272415.7733	399977.7874	116379.0821	280200.1518	306314.8423	244034.4355	243401.5956	156371.5836	124924.5853	309507.117	192085.0081	94917.90053
TG 51:4; [M+NH4]+@10.17	32061.90086	59752.43446	54970.53035	53859.30492	116527.727	49992.37631	53764.87594	58115.43487	132903.2814	59483.16427	65517.80836	56539.82389	80638.56245	90678.65439	72963.57779	66095.99373	36338.72797	29166.59429	65363.53143	77067.65651	106458.8624	37771.70744	91888.43296	115632.3556	66988.90752	39639.03678	127014.5958	91339.33746	102355.7233	35580.33207	120348.3222	65734.30995	60944.34192	41669.39459	30808.71547	142232.4976	56722.86629	28749.70982	106332.9242	63496.41778	41071.35848	49404.47653	24904.52242	77012.2086	109329.4004	73129.73869	51908.75213	27366.7975	54542.70544	76649.73382	111273.9089	81860.43289	182717.4624	55363.34238	194708.976	109205.8903	46724.51466	92724.10526	56426.27468	63503.9548	64794.93136	105224.2338	22805.75932	132783.5521	79649.28976	97236.09323	95555.22289	91931.44291	50637.65644	102782.1388	123914.0317	101424.9609	140022.681	79311.18492	73400.40424	50165.9663	59899.92556	53555.78523	74362.05287	61483.13517	79017.9774	61525.7155	106400.7864	115917.0904	65741.19653	90728.82303	115284.7007	57632.04908	125791.0101	123373.8781	33843.16535	87670.89027	79123.23836	94070.58306	140659.1288	92627.41444	35402.96498	160444.9467	100906.5216	41670.76957
TG 51:5; [M+NH4]+@9.99	11691.59942	23659.1561	17380.70769		26392.85452	20208.7665	20890.59008	13342.00275	71408.73722	30332.39786	20738.27119	19985.5891	31957.41896	22381.45373	41532.74628	18542.0261	9414.253707	9311.086586	23478.53653	41162.8186	20546.5323	12367.58111		40973.25075	22913.40968	12227.87935	38583.26945	28124.86444	42873.80607	10232.0569	71283.02485	23774.20138	16954.20549	19068.27623	16526.43319	68637.58613	40767.26469		43007.13448	14758.49152	12558.29133	15587.04886	2965.084527	34739.78203	22969.61646		18824.98074	1248.320495		33169.49618	19271.56626		78101.83234	21101.26022	78783.4762	33809.55282	15986.53403	27412.70131	19990.59431	17702.57291	16551.27553	46880.77965		70426.24763	18970.72136	29280.80926	43669.58793	27332.42666	19404.41636	32068.77815	57646.00492	26702.48513	39580.24666	32108.14619	19501.76764	9679.028522	25308.26623	21896.5362	34051.62015	23192.61176	35062.43145		47837.25927	36907.03727	26065.82076	86653.44817	43565.44986	12768.86684	43181.75519	31695.4477	12881.02749	45468.03457	11014.79796	27364.57629	33083.09064	22130.14204		66609.69013	28956.68079	25883.83967
TG 52:0; [M+NH4]+@11.01	14156.00919	33241.41989	19894.82614	27777.96858	29663.19073	148576.6655	36371.44272	31978.72248	92911.97981	51217.52864	441457.2874	115586.3016	90365.07806	42482.96865	37323.59174	29095.15291	67917.93453	17323.20819	65358.79736	27467.45623	386890.4098	42777.39619	34124.48736	36704.48998	14874.29346	26259.69868	192311.1524	29434.62479	150719.6036	26646.69296	137864.3111	203859.0542	54009.74021	14788.77324	200328.4127	119507.2179	32727.7026	46069.0971	533636.7053	56242.14405	34631.1199	83796.92341	26814.5151	22854.3469	148697.3752	28209.55127	14592.34043	55615.6686	179044.035	38404.52433	64370.84176	63322.1192	73151.77622	30359.97431	177261.8003	23816.5996	111871.62	61531.21733	48234.46341	22899.73029	44011.85795	28473.6881	8317.368667	53932.84154	76998.78076	42639.35246	37239.63343	80270.254	39341.74258	50975.42502	41356.79157	32877.55044	96732.65688	69698.60247	27832.84746	64715.61371	15243.84358	20016.39623	81237.70925	18478.59958	19307.94802	52434.67576	52993.25442	44280.98338	86844.69558	158239.9737	79438.7366	42102.51756	94981.16763	138286.3601	29874.69908	55995.03463	40195.2547	94754.24777	86885.26575	109374.4047	27930.52742	103585.9857	47998.57357	18998.32312
TG 52:0; [M+Na]+@12.68	61.22185972	17.78378351	35.97390036	31.28278149	101.1767978	180.3986495	158.6820885	107.3064032	149.0447948	76.6550212	68.50293409	76.17987374	50.19082241	56.14377983	65.21833954	55.85499515	99.2530852	104.9471753	22.11213775	103.3842441	2367.628702	19.96305383	221.0955011	60.36518759	33.79820394	30.78984832	2514.305148	93.34015825	1625.874651	118.1159044	1688.197642	399.5782755	190.8113722	29.15035655	2921.934598	56.57378165	132.3483818	89.17974769	1904.677821	77.88999955	51.60974195	3228.249043	33.18017773	37.85311527	290.1325505	56.751412	48.63491814	204.8835729	74.08740066	76.07991774	15.17782431	32.07949395	97.2006983	47.98828995	30.58173045	16.52895085	130.0908751	66.6007396	36.51207312	31.28801141	47.17563028	24.36840355	55.55009667	94.63083733	70.79997051	73.2375464	272.9409078	90.37106585	345.8894314	35.51671358	52.859371	54.86830142	80.11152718	37.95366232	90.4707368	27.44519086	44.16902983	23.28105053	38.24863237	71.79628951	129.9114803	212.0466884	24.47345131	93.562778	84.38808801	149.2973001	35.29488554	27.30598987	22.89948459	71.31875401	61.48895376	1414.872796	50.49100484	114.7293992	4317.359816	1434.841239	82.34939865	124.4716957	213.2307321	77.53409687
TG 52:1; [M+NH4]+@10.76	208007.1998	438024.074	329422.7798	318369.6293	521910.411	599353.923	533892.1002	431395.0569	1019972.912	597908.3898	2716735.175	1196146.085	278138.6398	413510.8556	591460.3513	336679.3615	572515.3717	252527.3317	738242.7385	229002.2503	2076321.352	631577.5715	446561.2378	590338.7585	160557.4711	209964.1036	1803303.074	392054.7147	1237214.996	436697.6324	1184336.686	1408031.581	487522.0818	229413.2932	1504406.919	2017687.435	489504.7971	551903.6024	2109680.747	596052.3558	322415.5082	792648.5421	418712.0545	331686.0366	1012987.904	276468.3075	244086.8969	573617.2092	1167202.24	430590.4974	1001441.279	799950.2714	1310848.472	268143.7931	1655242.063	362420.3063	1664120.357	918149.7954	672381.9653	304124.0893	584254.1715	565971.2336	159863.4355	895380.1772	640871.5186	487386.435	530261.4028	833913.3232	543318.9606	688986.0493	453082.1586	667281.8923	946122.2251	1078743.44	704447.825	720976.7108	258767.6938	309068.2213	1038356.602	194185.3414	310776.9896	748895.286	1034247.299	627500.1019	900197.866	2782679.716	804389.7125	663624.5783	1544956.451	2048296.839	488506.2283	604258.9221	1131054.182	1156970.424	828836.2301	1112927.113	270425.4031	1506611.38	1167839.208	353981.0391
TG 52:2; [M+NH4]+@10.65	1398863.456	2972907.53	1852558.444	2022441.486	3329647.31	1988044.978	3584822.435	3150531.208	3704131.293	3688179.011	6402710.47	5306889.061	1821257.173	4486553.304	4551268.149	2813440.812	2254171.972	1507150.157	2982567.017	1542929.688	4228907.605	3008869.886	2878373.3	4989204.369	1320660.024	1587569.645	5842937.287	2441491.795	3502631.447	2580360.84	4349333.071	3160949.675	2488350.32	1600963.819	3676296.639	6688779.699	2985570.749	2638312.991	5384430.25	3836108.026	2338982.339	2643036.941	2824843.535	3540402.312	4769982.032	2645859.478	1626146.943	3552321.718	4007107.305	2344017.216	7844966.301	7501525.695	7826808.909	2115873.838	7886179.605	3027459.502	8023872.665	5188710.457	3994368.717	2238597.96	2194787.927	3997265.716	1235960.095	3389298.942	3928348.638	3791181.499	3510455.761	4498692.753	3651717.06	3596563.183	3587241.196	4573750.005	4521205.972	6478231.995	6054099.434	8264735.916	2111299.173	1856682.773	5822004.137	1372419.243	2684643.498	4591144.248	6021784.649	4310136.295	3803491.406	6197615.638	5623150.626	4439052.215	6430698.894	8589075.853	3437013.794	4210252.578	6928304.843	6254467.206	5035656.968	4409531.023	2525938.377	7626431.434	4705635.701	2939841.227
TG 52:3; [M+NH4]+@10.46	2258182.25	4852681.455	3237373.286	3585161.185	7518040.382	3378946.353	7114443.153	4809660.892	6947721.783	5823141.476	7251430.427	6139292.295	2270934.012	6049751.647	6609306.678	4904061.982	3301040.234	2430726.844	4784125.209	4637469.719	4993913.52	3552719.704	4538775.152	7796463.754	2860971.43	2019031.23	9294131.307	4915189.477	4476687.562	3240125.295	5424377.037	4675784.311	3770937.294	2056785.148	4114445.223	10431973.19	4289154.163	3896495.884	8432211.581	6169349.175	3179124.231	3527177.951	2455781.258	6971512.795	7415900.967	4571036.55	4207228.985	3762552.86	5038065.453	4575011.064	10630173.2	11000675.65	10276039.21	4100972.49	10013927.99	7092929.589	6431078.243	7575601.462	4685967.816	3444518.846	3390456.84	6808776.185	2809039.725	6060798.873	5407255.145	7210151.274	8007597.535	6926843.462	5151130.095	4708063.005	7361755.665	7044274.201	7955749.599	9011175.612	7217073.755	7965783.56	4465925.251	3187486.571	9590111.649	3578832.061	3974942.076	6990645.98	8365937.43	9546852.821	4701572.583	8677078.395	8068543.153	6121576.74	8210350.062	10568619.55	5056410.675	4472087.071	7955732.918	8194915.849	10034625.2	6872015.235	3659059.887	9414520.817	10315975.82	6272672.356
TG 52:4; [M+NH4]+@10.20	1187467.872	3009676.808	2162799.887	2008503.571	5329664.934	2419990.818	3858283.856	2568963.056	5697523.382	3449785.078	4082897.98	4380565.03	1622161.617	5040924.492	4234937.501	3170637.643	1549900.288	1495327.008	2676342.646	4406034.278	3659528.932	2336996.333	3417931.105	4925182.434	2390337.203	1698514.393	6531074.161	3859672.233	3622981.79	2376252.127	5983177.331	3420430.972	2788973.306	1552721.893	1896305.673	9027690.598	2887010.058	2396662.07	6235617.45	3336874.19	2083434.192	2048455.188	976913.2615	6028207.589	4183610.587	3340243.083	3663665.415	2283426.152	3310108.496	3559377.067	6249929.437	4745280.994	8844793.12	3579690.462	10885285.54	6849236.938	3297475.55	5046241.906	2646426.852	2363186.445	1898804.362	4148904.978	1466272.377	5706104.061	3574123.889	4484301.791	6430436.663	5663578.616	2666263.042	3375773.097	7089620.955	6983633.511	4870440.971	6294931.895	4891281.21	4008641.061	3289932.889	2064776.858	6189821.525	2612958.354	3280925.881	3488878.406	7333285.201	8350947.035	2912988.648	6797792.577	5778378.31	3970192.294	4806948.832	7272959.246	2659010.933	2679318.719	4511047.886	4316138.495	6905250.078	4232598.867	1928677.497	9304731.95	8419114.409	3903670.482
TG 52:5; [M+NH4]+@10.03	350620.2897	918989.458	573763.5935	410674.5359	1061225.203	748432.5901	797888.8955	618803.9682	1558768.386	791263.7063	952509.4734	910932.2156	592136.7781	1007207.279	1097931.581	956904.6485	421033.3607	391076.5239	783775.4632	1035451.891	894115.1247	349834.6783	928623.5022	1422553.222	901723.9142	304789.8041	2137518.859	1330961.838	1201220.415	479446.6473	1504102.166	1021189.959	706367.5471	561912.9187	416096.0317	1908885.325	821476.3741	564135.2904	1716512.251	811639.9668	445029.7781	455075.2805	141921.131	1835505.729	1042811.254	821486.2189	1022130.592	299844.9586	711135.1604	1045287.536	1216127.163	868632.3667	3287003.451	864784.4353	2990100.624	2296195.482	571423.9183	1115455.199	623360.6581	803248.9551	466163.8151	1086413.638	363296.3076	1798373.694	760435.3591	1104699.802	1926725.78	1657843.559	639174.5781	1026591.72	2014712.083	1922404.389	1150635.011	1269039.286	1141322.362	630783.598	967723.4769	695844.4299	1503255.95	987136.4695	1012107.85	780443.1698	3168117.625	2370023.687	923131.8403	2368453.877	1853256.778	728096.123	1483955.76	1701804.782	769562.6681	768025.49	586122.2939	800064.696	1919484.008	1060431.051	311838.6444	3328538.675	2633495.077	1179717.231
TG 52:6; [M+NH4]+@9.92	66171.45459	210518.575	106532.7941	72066.68741	179460.9853	115659.1259	124315.3925	133455.6834	288151.315	108320.8911	218383.3364	156539.4289	165310.805	174508.5772	190666.0398	191022.2813	81527.41663	58195.12349	163926.5069	177775.5386	183020.3379	38522.73536	181561.9039	221376.4573	213856.1466	39269.22178	495090.2148	272823.5938	321287.0443	80615.09542	259592.4188	222717.4771	177434.9908	113345.0478	95505.74673	402909.9278	177316.5729	81077.67546	346558.1459	131647.6211	35555.94049	67718.65371	18761.45692	425617.9991	150170.7265	141165.2017	206673.5269	24487.14768	101977.6785	167507.9097	170321.2102	90023.32891	1017799.302	131031.062	571454.2722	560918.4335	78670.46436	163443.0894	150437.3746	151809.2371	64228.9684	146470.6177	68632.69285	358293.802	89116.5444	177295.2004	403141.2258	333125.2157	117461.7701	183736.9967	354591.7378	283003.7644	174056.8321	144591.2875	173911.1519	74921.27964	157628.1458	202422.1553	223864.7965	247465.031	268497.42	139837.3478	1115828.202	483792.8075	218760.8628	421293.2332	426397.0006	56595.48778	314798.1385	254492.9782	143920.6756	124832.9578	64821.68895	138747.5774	325915.1009	153276.7488	27135.90577	693473.5601	483933.5582	232299.8464
TG 52:6; [M+Na]+@9.86	18902.39231	37467.43799	19996.28757	15963.04411	35885.94375	14954.15661	32892.08966	28691.11371	41304.35816	23603.35062	28594.45863	25729.76622	28551.78403	25937.28203	33595.86186	35805.29212	23315.47834	13920.40699	33466.3632	30281.36504	29430.1005	8613.011071	30340.90847	28331.73703	28741.43907	9294.726948	58431.99397	36722.92375	33918.79674	18296.19325	26750.41367	25730.01311	28625.42101	20061.12155	20822.24081	51386.76403	30729.71623	19889.90131	41732.57453	30358.95348	12756.42111	16692.07578	4495.045517	53571.70791	34535.00331	28291.22745	37412.30072	11841.00194	21487.64697	30094.3428	25801.50399	9083.292291	66136.53416	17990.26294	46872.2597	52251.46218	17703.03886	14828.37723	26259.57496	25285.02621	10293.51252	23833.85604	19844.969	43256.90784	22598.50372	40393.71594	50295.5108	43525.00784	17003.82484	27779.0444	44070.35186	34069.9271	27730.15649	27611.30109	23702.88957	16806.07583	36083.73892	30516.75544	28435.49409	30167.01028	38866.44927	25240.20532	100487.937	60862.71117	32881.47061	49775.07887	43116.07053	12404.64183	50198.01837	33014.67713	28460.86524	20489.71357	21285.6777	21674.90484	46521.72518	27152.51212	8453.955418	60961.61721	69794.6137	37481.27679
TG 52:7; [M+NH4]+@9.73	14155.75166	30359.90103	19299.05774	12215.55325	21101.61925	19311.1199	15478.44173	17956.97348	36877.86669	14328.35571	53514.99816	24975.26515	45025.46329	30404.78506	25359.36877	25852.43373	12222.26862	9693.148118	41056.01501	28701.36712	31486.88321	7461.780852	29038.2397	32661.82121	36618.23965	5275.049635	100560.3577	41078.18003	59246.23666	11040.70649	33802.61807	42389.71407	22824.28114	18618.68161	18766.11632	44020.7098	27304.37895	13102.71363	90950.77108	16922.36728	3759.013215	7235.724945	2876.795826	59088.89364	26568.24851	20383.42153	31633.46867	2777.962895	14276.0237	17004.08062	19108.52965	8557.867984	215512.1685	23646.10738	113198.7438	87613.1821	13755.46728	34930.42202	28146.74515	24755.84758	12441.88436	15181.84849	12023.0539	66180.81964	12817.19551	22103.78264	78347.98923	54834.55451	20475.99557	36475.9179	45402.2059	35103.74527	23077.57857	19479.80195	21562.79942	20612.00003	33690.26281	37676.10202	25389.88903	42176.63877	76117.45477	19944.09241	208015.2451	69523.08483	39662.97014	71630.82708	62113.38752	5454.766032	43664.73961	40542.6919	23157.78428	20305.491	10712.19137	23274.90899	31064.64306	19378.35929	6233.928803	98394.26152	69191.32698	38263.54104
TG 53:0; [M+NH4]+@11.05	6410.298328	6507.212007	7689.43285	4319.260396	11917.86265	18655.26927	10006.24551	24596.51999	11587.90519	4840.26032	28088.29593	11308.23951	23676.52085	5095.331523	8442.083628	8213.768172	11286.73724	5241.083064	7794.910548	11873.92612	41468.91464	7498.492901	9769.07791	4519.761387	5398.880459	23260.95262	23811.82475	3462.768195	22612.20547	20997.03599	10271.24838	19867.54038	20558.0568	4571.653578	23216.34673	11026.47787	12759.24981	6650.984631	74938.38607	15613.79844	10260.88083	11174.98522	4613.070386	3875.402118	19566.33923	8378.651564	3918.960908	5794.401302	32841.049	6416.221861	19673.21639	14197.43465	6488.709775	9261.820632	22627.07897	2747.097425	5388.402264	4666.32002	6199.76429	2266.324682	9259.339208	6319.617712	4626.154901	3650.061965	21232.4025	15873.40975	8116.345597	24027.64197	11293.92536	2721.333442	4916.461092	2571.434281	17713.67297	11157.1108	4352.88423	9732.877762	1888.263581	2347.207382	10235.39702	3382.988233	1551.178162	24675.45382	8194.367331	3059.698279	7556.721244	6189.364444	11368.89446	7259.152728	8408.241426	14414.857	6060.129123	16380.391	7472.310136	12434.74706	47582.45654	22603.92973	9297.945012	19328.67726	4921.08362	1877.726224
TG 53:1; [M+NH4]+@10.97	6913.711273	13691.12709	12054.80705	19204.54044	11677.22958	24543.23389	7943.941361	13322.78621	35569.14006	22183.45287	67265.84778	34105.94473	27742.0944	13164.65319	21342.75443	9643.245286	22285.6299	9025.057394	16725.03461	6153.67696	75765.00575	16522.33707	17717.92304	29232.7592	7216.969821	9761.104567	44692.84714	7955.676149	45306.67696	18875.84634	35134.97746	36032.74108	10424.34026	10420.69635	33134.31129	63794.29084	23190.92349	16959.08876	58990.70465	17063.02941	5932.276889	19613.67204	11037.36473	11567.82326	32129.89868	13132.57378	9477.688149	12525.48658	34291.61105	13244.87474	28911.62468	26923.30447	48891.81708	7008.615002	64165.93146	11465.77152	52658.28486	29849.20597	23739.01383	18399.55785	30286.25407	10512.22547	3683.338065	37121.65876	23443.1428	30808.50097	15213.69135	17912.52655	21440.83399	32120.8136	23847.84169	18406.59387	44081.77018	29843.30437	31455.24022	18972.59073	7625.516943	12419.38682	41728.95786	12587.27451	14835.39045	22959.26491	18194.53897	24622.3082	30609.23139	52278.62674	37424.97435	18147.68675	73533.01533	55011.30593	21838.75385	20455.12662	36088.53519	47502.56511	26867.66889	27599.57996	12924.3178	52263.01965	21671.91601	6731.518771
TG 53:2; [M+NH4]+@10.85	31935.05807	55647.48687	31622.29349	49771.85002	73513.42052	47937.66723	77710.93468	63316.46827	79266.57286	77224.9669	119616.2846	134543.8087	48060.35796	59395.28743	100436.6371	64731.33314	56116.65652	17747.79162	57156.30396	38127.70747	119705.9288	54162.09796	45860.2044	84037.19754	24300.62589	45417.72872	126559.2251	55287.6883	96756.45242	54779.13658	72669.69814	59384.57126	43041.16172	33891.24474	84679.59953	186227.814	48830.36718	48121.29366	155538.794	79765.98025	37343.93825	75059.72923	60429.75275	44167.55439	100837.0583	61945.679	27139.71951	47612.7608	77356.57369	36533.72239	188163.6937	107566.5882	215283.0062	48497.86458	173489.3745	69458.92392	176599.8121	86523.56514	93964.79196	65379.05232	71181.24147	89576.21108	24828.63182	92647.39254	73962.7597	85090.98549	63921.25649	78978.51924	67826.94357	97604.82871	42321.11277	77741.30863	111745.8997	95591.48523	109139.3854	101034.4157	50311.98043	45516.66386	112593.4489	45862.31213	46014.17661	71174.42899	87072.93147	83637.84891	109229.4244	119310.6282	113655.6988	93781.86315	189040.9619	129922.8342	76825.08075	106777.2668	134469.7586	121081.91	80353.04517	111235.8855	50055.01542	193069.9503	81377.43326	45052.66703
TG 53:3; [M+NH4]+@10.58	62241.79264	138220.6277	134405.8182	127546.0716	198507.8774	141850.6683	134395.4751	142526.5982	254806.0451	186591.1563	193930.5444	247370.3543	120309.1145	189051.8631	266096.3963	174020.0074	107327.4774	89207.03359	137073.0413	114903.0708	203711.6529	141013.6672	149084.6224	262373.8701	121432.3169	99217.13733	257055.0439	190344.5546	132376.6113	122006.1188	194198.8145	128255.4907	144176.2164	95184.89258	88421.49581	289600.9822	118300.4429	98196.46349	309970.8422	196575.9458	85746.99641	112210.2299	97092.62741	182112.2587	238019.005	145460.8423	96762.83769	101537.5326	171770.4861	137028.9321	327602.8219	258842.7538	483769.7627	141313.455	384689.7892	244981.6484	239508.3827	208928.0359	195668.5808	168996.3123	141612.5317	219261.2752	56194.803	208454.7403	152614.2827	196955.8222	186302.1961	213319.0797	109401.3011	196723.1468	232290.4663	256361.7399	276776.0173	252654.6118	262629.2388	166655.3807	130334.7659	121465.6963	256807.7316	92048.53271	149403.9163	147274.8038	174786.2203	273446.7888	186531.8315	144385.3168	308631.7774	185064.2843	385059.3165	267657.4696	144242.8039	267068.3432	230926.5184	271803.9907	271734.182	203820.9419	120446.3011	356527.1768	260298.2183	122395.269
TG 53:4; [M+NH4]+@10.42	55901.81687	67611.02325	76156.04713	70003.88249	130347.3349	90320.39421	128148.978	82842.24888	152376.2775	80523.29542	80176.06797	117084.6921	82666.45931	113174.9374	124592.8953	87050.44836	40165.96982	55412.57886	52646.6901	106898.0363	107237.3939	64152.75755	78484.6449	131259.6157	77948.09228	55093.84353	116548.5995	106673.9504	85268.94504	75218.26822	113543.5418	70340.96744	107129.5462	60805.9322	34535.74465	205010.7039	72119.86692	38528.01171	114053.9071	91833.61614	65205.9169	47474.45161	26947.01872	131591.1445	130753.4095	111665.4326	89552.30991	64470.91404	77011.76819	112623.1462	176518.3356	113591.8013	250048.4311	109283.166	220361.4879	163769.5368	78718.15644	91589.58499	93425.82322	121865.7782	94662.82268	116143.7945	60078.06231	115907.9778	78327.78104	107484.4566	159320.3354	158279.1741	56098.00547	123361.3662	189270.7201	144619.5744	140522.0935	158677.1765	104446.9362	45445.58151	91927.70602	59991.44987	155372.2317	81188.10933	100833.5296	76122.41409	154630.8496	176778.573	91903.18631	71360.72466	215088.6591	89807.42284	178572.3103	110293.2825	69783.33709	89780.18756	105915.3781	113788.2442	184893.2251	97117.51275	40121.95484	242737.7506	199141.8908	96699.80303
TG 53:5; [M+NH4]+@10.23	22054.79915	33803.66285	38159.53914	23809.1373	42394.0093	39959.12305	30587.8993	33777.0132	66439.77081	36647.44833	28057.18677	40592.18541	33258.76098	35449.00708	52938.7325	31469.93271	30638.86105	23376.00569	44138.87698	50926.40635	38056.87335	28362.97921	22564.48894	76425.74568	38627.15974	15445.79664	68996.49326	63000.4213	68603.44765	33050.54371	46563.24403	44641.10203	37705.22831	42785.82883	14681.7726	66064.08146	37748.87156	21873.87496	57884.08379	32620.22876	17254.97341	26662.13915	12124.8887	68497.54444	48646.02634	29435.78235	46422.42766	12140.4704	28538.79485	38621.4809	50631.46234	40312.69283	118786.5343	36265.31134	95106.56128	71195.81402	33037.04084	51168.21769	45964.9455	55952.20588	38336.75515	45309.32803	18707.12236	58701.03156	26129.86554	57746.23758	113234.8601	38055.44829	32832.67601	78095.23172	48682.59415	46460.80164	92094.96289	63872.61042	29727.09912	22264.95014	51566.68988	41652.16203	73940.76997	47858.38957	46219.46761	35838.43709	82822.8006	76942.8783	46257.25067	49165.52418	73360.67565	18860.18526	66789.03842	53619.77125	30284.37998	48673.48643	31036.05908	50774.2719	64588.90597	46425.7045	13967.39923	86906.08161	66939.88355	36577.48436
TG 53:6; [M+NH4]+@10.06	10065.38269	14065.27516	16416.97435	17408.5324	25323.56952		13494.19186	11687.88578	15133.32861	8431.454204	18531.91984	21372.66931	22110.67072	16405.8362	17822.15926	2024.409595	11485.79817	8215.811212	17421.73591	22988.16166	25306.88079	9418.017505	16782.03257	17117.52976	18785.43595	9217.642631	35337.99134	26092.10065	25303.0918	10772.56814	20838.00026	20055.27085	16291.215	16156.16737	9845.413086	32569.47911	15972.76101	7009.645829	28409.67866		5869.38944	6779.731781	3018.541652	17716.6149	2270.919561	13228.21308	18366.13835	3752.387361	18517.85646	15697.07608	20067.5876	4217.760321	57927.70508	9245.300495	52572.73479	29945.15943	5513.045856	12650.88071	14665.53279	16855.55849		12008.73342	8265.770704	22094.89799	8766.437023	13495.85017		27384.67041	12035.40125	24430.30917	23206.28155		17315.18835	17094.75045	12542.24298		13568.01684	15246.44457	23688.07368	18987.94634	18698.02457	11125.83109	43814.92375	23706.76188	26022.36653	34139.32388	32040.78653	6640.419347	18851.01107	24352.76964	17707.42142	22181.97332	5351.859262	17991.83921	27629.34337	15961.6023	3454.556398	42115.51951	33783.98394	21138.90226
TG 53:7; [M+NH4]+@9.84	7800.59036	10064.28484	8690.661993		9414.278253	6250.909632	8522.156565	4937.526137	9610.173457		14269.29509	5338.045502	23531.14947	19742.62926	10378.37808	9618.746596	10072.38283	9077.916925	9532.38913	13988.3503	9297.721529	7559.49815			12067.12598	10786.94256	23112.21554	9606.807211	36239.14867	8054.300242	6140.148615		8802.299625	7631.683049	4963.669097	24641.64936	8434.47477	5181.025882	11352.15406	4654.970712	8660.789905	3981.730192	1383.352511	24366.76581	9904.812959	14918.01373	10794.72049		5364.223071	6471.994459	7823.806497	9167.640449	42151.28274	12221.44603		17047.86631	10635.67321	16646.47268	9898.96009	7002.066905	10383.43201	10599.70261	6946.402056	13008.11933	6734.809899	7424.275531	19856.81383	13699.01194	11567.80645		31209.53046	20892.22984	19061.24836	2293.935203	4355.948481	11481.46174	10178.04041	8768.553991		11829.70563	25606.65236		15241.22791	14635.4329	11961.29144		12527.12056		8723.540128	7150.236655	11779.41577			16235.84386		9297.918078	2549.732461	17306.57922	21171.31326	21234.8822
TG 54:1; [M+NH4]+@11.13	42489.50239	46372.08751	59209.16328	74372.55292	46924.02901	174620.1573	90520.56793	62330.88227	329067.5067	80884.70129	502622.3692	235130.3771	187750.5658	88601.96675	170562.2533	66256.00872	103531.8681	23999.29567	124124.631	37816.55279	510311.3303	73976.3013	89314.06192	184758.7655	44708.46299	39604.58169	302407.8031	97007.78446	254858.8518	26592.92642	173667.5404	270936.8476	64263.07264	70010.02144	207981.2072	247318.6739	37866.56245	74559.25725	504669.728	110857.0264	59922.20038	110019.3806	48992.65108	80191.06644	183021.3514	91556.96647	48319.98337	126226.4541	255302.2231	124787.0644	155506.9029	151586.5938	254639.5888	79121.39409	220378.9268	62549.80792	273455.1499	166924.0574	192333.7582	66323.03416	182642.0397	83367.61035	22900.35269	140392.6154	179608.5053	64751.37102	73513.98401	119383.4864	120394.0059	187057.4673	127367.0868	78337.80939	232960.1234	420603.2645	170439.9498	109150.5363	74211.08536	65134.23457	172050.3088	48599.46819	77796.56742	100591.1922	96223.98709	150037.5111	243729.5596	383367.4892	159187.2362	102142.0953	318123.5121	262870.7535	105181.5859	114619.0793	70408.73563	247131.0824	266962.3849	253657.7935	55090.59235	390425.352	161668.6391	124934.1737
TG 54:2; [M+NH4]+@10.87	190683.967	470181.7162	261641.1096	388825.149	495373.0429	515120.9873	528247.6703	474139.9513	1457116.019	879658.7189	1159670.187	1161140.404	422814.1352	525979.9746	944552.1282	508634.9583	426993.1327	203046.1985	486876.1739	222617.2514	1373202.464	464788.2166	528081.7595	949520.1152	220731.2842	196021.4944	1457434.25	687695.523	925924.3504	290702.7627	915296.4023	948000.4532	434126.7993	416480.915	618240.6458	1704940.754	367271.3941	377454.5273	1512998.954	649376.0356	334149.9781	477585.7926	351350.7739	709888.6535	839288.1982	359256.206	265689.8961	612815.3037	888121.9771	727727.3863	1825569.562	962541.204	1793469.206	371062.5813	1730837.233	749225.1348	1719663.776	686003.5397	1040873.152	418560.8983	887308.837	540428.2334	317068.0663	716134.1754	721731.8825	576764.4639	724788.0616	656262.311	515363.3883	866160.6305	672471.7223	1251131.87	818136.791	2497051.695	813633.9766	761954.0145	487776.7204	349911.874	843142.3179	312410.1209	559407.3627	752958.7921	1113076.526	1116557.153	774608.6042	1663754.812	980427.7348	669147.7274	1794444.283	1365339.253	879897.2825	556384.0675	879641.6011	984263.9536	1343345.197	1287241.775	297039.2216	1964861.095	1012593.317	749614.1399
TG 54:3; [M+NH4]+@10.58	441005.6087	1004947.919	461154.5132	790401.5134	1071053.948	800762.723	952446.4031	917333.9769	1760090.426	1239861.975	1247777.325	1588967.959	588321.1979	1284004.883	1721570.101	979920.0838	655323.2217	401501.5084	721622.769	445711.7842	1373524.231	543185.5183	910701.8556	2327196.899	548286.0924	540970.336	1665912.901	951010.9248	715923.388	505280.8071	1187222.78	941066.0887	865970.103	1261833.002	576228.3595	1715994.649	643074.0254	550290.1001	1716939.346	1068420.004	675558.9291	517678.6495	681995.2513	1885116.792	1296852.324	742518.7973	563430.6791	1013296.154	1022072.079	1186259.963	2977107.763	1890597.168	2305692.101	889681.4151	2514837.456	1496150.327	1542868.581	1046091.883	1223513.651	882653.9944	1389022.192	1180281.481	649461.7623	844039.6989	1001857.553	1487773.526	1380404.977	1405656.086	913455.8941	1674061.518	1202317.616	1557300.912	1560043.918	4295119.32	1516250.913	1159552.004	1172442.668	739494.8224	1457355.101	703552.2768	1543360.155	1479433.612	1834677.134	1955560.702	1102462.56	1537259.97	1668718.236	1032208.952	2155540.25	1429618.705	1727811.974	1165160.702	1752392.538	1058714.209	2578198.009	2237390.214	713237.1858	2468311.88	1596456.17	1385841.036
TG 54:4; [M+NH4]+@10.49	752344.1627	1836252.011	1065117.452	1363001.017	1969558.586	1462014.55	1448762.928	1421302.121	2999006.413	1988575.517	1755592.162	2277525.498	990695.7532	1970065.084	3030337.098	1861027.304	880711.0592	733047.4469	1260751.484	1319764.695	1803655.013	987936.7144	1534408.123	3885644.757	1201953.261	606965.678	2669987.67	2198334.012	1153255.28	817057.5114	2234024.934	2222334.838	1586733.499	1877437.31	924520.9434	3032533.342	1210804.566	936905.5077	2669261.948	1383637.453	1102620.778	713116.4452	503157.1611	4571171.64	2218601.925	1534987.935	1549953.235	1140794.206	1308132.512	2240619.109	3232309.886	2428323.051	3910302.616	1726995.622	5182621.698	3711909.086	1465333.806	2148711.871	1748944.157	1594947.814	2271577.401	2495336.372	1320680.637	1962417.968	1588618.419	2404147.423	4080666.575	2521913.752	1344240.43	2294426.372	2990421.247	3539684.933	2929765.116	6433783.611	2772684.923	1427551.488	2634637.887	1331413.791	2176907.439	1572835.929	3054560.687	2049238.445	3100180.333	3680049.28	1577398.906	2796735.227	2885192.449	1407295.535	2834855.945	2197478.589	2458114.55	1593091.175	2591364.991	1729293.434	4110645.763	3156959.464	1109110.604	4042377.624	3823161.696	2735043.748
TG 54:5; [M+NH4]+@10.30	576922.3979	1596537.037	907907.7688	1028464.473	1689791.084	1353587.696	1243343.762	932559.3142	2413314.776	1368526.517	1281970.244	2037205.203	797018.6793	1721141.232	2137987.481	1493760.729	776421.7979	608553.9369	1032294.477	1470686.982	1499909.264	633941.9062	1494868.32	3083257.958	1188983.626	556374.423	2392866.935	2167166.77	1233073.147	658512.2196	1989150.664	2004471.083	1497141.392	1988091.059	637439.2854	2864910.63	1149357.444	844643.5277	2001634.571	1139752.188	764032.4759	505803.0386	245937.1779	4700577.456	1759903.022	1368679.128	1921594.02	701432.7531	934116.1549	2110312.809	2321301.22	1161775.909	4195630.14	1708916.352	5442351.077	3911914.29	1150974.897	1416110.489	1309365.096	1342503.803	1668363.129	1912756.01	1006710.897	2000915.439	989015.0232	1908946.667	5221766.948	2588744.9	1134818.643	1609571.38	2660936.964	3332391.963	2276450.988	3974067.85	1645125.226	970615.1196	2083123.283	1284536.073	1485056.88	1538778.767	2662330.484	1395602.888	3465835.211	3945746.548	1363363.523	2844541.934	2758967.428	1027517.291	2014434.206	1938690.247	1737631.639	972854.6693	1358238.125	1266355.986	3400909.319	2492104.69	648926.2217	3518655.651	3982796.874	2358599.92
TG 54:6; [M+NH4]+@10.14	338925.4784	821833.7281	463949.9136	444668.526	994478.2789	781765.394	604760.2856	444433.2848	1475627.886	608606.6818	619300.6312	1473767.76	552345.6398	890108.7565	903349.2474	772101.5083	445794.8719	355721.3415	623725.3447	1031382.043	778391.9219	284932.3187	726044.0824	1876125.827	792012.1902	289457.3563	1599387.039	1125526.157	871569.4393	336826.6252	1268876.496	1119652.998	774964.4732	1235871.917	303144.6825	1434226.822	643926.7587	442826.2836	1081845.444	514032.5525	265768.6349	225295.3941	75271.81185	2838779.427	758112.0832	740409.8137	1154380.573	199019.3187	432281.8404	1007525.578	776548.8549	349870.5479	2838987.161	953173.1282	3568839.543	2851760.307	824639.028	566290.6433	478891.505	636705.0148	751579.2786	907972.217	393091.7963	1215974.296	380570.3337	784757.7232	3731449.701	1674774.832	578428.2993	725353.57	1647897.032	1397844.174	1055502.552	1230964.911	605800.5988	364957.3242	999693.5898	758743.4979	736482.0717	934254.4727	1185737.315	767513.352	3185114.517	2350360.859	865435.5533	2791182.311	1608304.319	312489.1336	1003735.79	1040227.371	713302.8292	454130.7252	358279.4177	618670.9429	1683711.058	1414455.444	184200.1869	2443170.647	2530512.5	1478805.755
TG 54:7; [M+NH4]+@9.99	142223.047	304766.4079	141984.3589	106960.2052	290071.5784	227780.4062	160017.0765	165190.7836	524914.0297	166581.3633	204417.3634	318092.4129	241219.964	295013.572	261140.9534	281094.3358	129670.4549	111791.5905	250276.9739	397736.3447	248730.455	59665.12466	237727.3728	462452.0845	332979.2801	73308.12125	578810.6786	394237.5254	396260.2281	123988.2429	412362.933	348779.0465	270036.919	397546.3577	93541.86114	367145.9808	220440.3137	133200.8152	392996.8027	145154.4221	56623.2284	61232.60527	10334.20441	1126426.059	201867.6012	268727.8391	423936.1165	28856.10671	132936.2085	310869.8176	192126.8927	71879.18415	1436859.318	253249.0185	1345094.664	1219374.954	278218.6249	138542.3046	136602.2283	234786.6388	171073.5217	184053.1327	108770.4881	431582.3652	90203.87074	257629.9514	1784923.179	574253.7803	195233.2039	236582.7822	528968.7715	315057.7072	269949.1522	217900.6393	151450.5162	79158.79498	319667.8329	305814.9413	223472.1579	360549.696	486335.223	229817.5682	2020018.717	690540.5676	356380.8749	907261.8477	537849.1589	68166.30521	308535.5272	249852.6693	258904.7267	128807.392	60748.58911	172054.9713	461815.5702	356141.0088	34054.12029	805959.2858	839740.5734	487302.2956
TG 54:8; [M+NH4]+@9.83	28627.79492	63257.80062	29212.82376	22385.96527	33477.08973	38722.23777	24639.15666	28565.33304	73612.76067	33223.35957	49892.29606	34555.46637	69488.89348	70834.84001	45421.07028	48739.29149	27890.53272	19376.36917	48518.83086	85148.09123	54972.16052	9281.742702	52179.54801	68184.52357	77157.03631	16369.1377	127281.1843	75678.00335	99783.11483	27112.83088	73880.72	67044.95741	48717.74913	73946.26555	14490.06219	77301.31229	50364.13368	19583.32181	77205.91165	25653.39486	5365.899012	14105.12792	3808.584045	184480.5491	25571.56878	47180.75463	77011.85826	4353.052408	25256.35761	40953.86777	22471.36055	14648.83184	403154.7113	40975.51635	245747.3049	240968.9177	40957.42036	31287.85912	30986.15862	51449.0069	23541.2581	23500.09706	22521.1204	90564.24578	18206.2728	39651.40721	289364.4094	88312.98928	36359.93432	51284.49384	112740.6145	47253.4458	32718.69476	26711.54814	23570.58806	13721.87594	66578.15701	81465.33199	35472.05124	87921.79985	130524.2553	42946.90421	912411.8607	122850.3636	80960.89063	151655.6699	115511.4397	6982.198648	61453.28432	55773.01796	45715.13592	23622.3458	6287.759318	33900.40858	59987.69205	46539.35935	30705.08323	145265.5353	138079.9954	101766.4064
TG 55:2; [M+NH4]+@10.70	16997.98506	15426.81109	11142.26191	19921.97109	20210.93647	13366.26164	23789.42101	11436.95285	18881.73844	23173.50205	17810.96886	15383.78047	20896.02572	22517.8491	26792.00702	7963.014217	17644.47127	4807.103581	12027.92532	13938.77349	29244.73879	10302.98966	7380.079017	17069.43853	5885.662411	11410.78833	13079.22469	13475.97327	12536.65416	11632.93676	26511.82632	16255.44521	12080.33243	11686.09144	21943.95861	47208.28831	22464.89873	15463.92643	19728.35581	15559.47429	17485.89378	15586.44075	27126.02817	20514.63677	16615.75289	22793.38479	8775.054906	23458.32792	18689.70652	14788.71818	34434.60986	27281.35427	33567.21843	12484.51757	37346.2314	19350.07201	29507.69161	20230.19294	18717.10712	9817.513652	11571.95929	24715.06768	12395.50731	15892.03684	14546.45368	31668.17134	25218.82371	27809.31218	24986.71315	14033.50152	20700.22493	14456.70979	37725.63282	21671.71086	30654.44546	21387.03373	18075.81128	9638.645486	18037.46811	15198.73746	22947.11397	22197.13088	28399.81954	23459.75813	10253.90508	15571.48041	28374.62379	10691.80844	24066.33313	29550.83005	25622.54081	29391.49936	41383.69051	40636.18667	29261.99275	31133.21053	9247.090181	23958.00355	24282.49595	17940.41672
TG 55:3; [M+NH4]+@10.76	20943.50049	16865.40078	16032.84177	22376.41072	35055.22058	18462.58636	33338.42572	30320.22433	16963.58419	19736.22156	17175.02688	20182.31084	10248.67291	33149.82484	42924.4698	25446.53323	28790.86701	16494.60349	32365.28388	35659.09241	26129.41712	19129.6605	15982.00804	41405.25067	18183.22893	27301.13303	24746.56745	13484.26645	14588.39523	19997.14448	25608.52545	11738.62664	17221.97983	14147.60478	29168.61377	30641.29629	24624.10881	20404.12912	19122.9454	19254.46063	26276.54235	13627.33577	23851.10878	48110.89284	29158.63932	36835.47424	25146.9133	25372.87999	16595.18139	13515.51138	40316.57246	22253.74266	57958.92519	40264.31347	68917.39435	27762.85304	27894.57987	22501.99782	18174.3628	11474.02344	26339.04502	19606.76557	10979.94119	17136.59654	32018.00601	37882.81189	43746.88068	33534.70318	21224.66338	21138.7329	41219.66	18009.45541	42955.65526	37153.0847	27664.14911	29238.79222	21406.41101	15450.16743	23132.53141	11612.862	30353.68786	22643.83628	43493.59735	38254.14558	20188.64522	23665.3264	26144.35819	26003.02136	22254.57831	54640.16485	39809.51177	36587.79661	38309.27892	30050.69666	34494.2153	19533.81088	15537.66803	26327.04288	49361.54495	15657.11535
TG 55:4; [M+NH4]+@10.65	13449.36045	28704.73902	21960.06195	22134.72552	31675.08691	17245.48861	36548.07662	29128.18165	17435.69576	25073.58913	18807.79106	27219.45237	12767.88933	25186.84349	59972.08549	30826.30757	26206.59811	24719.84377	18865.02163	35379.61755	14668.71589	16678.85511	15793.48347	24604.59063	26725.68611	30412.90702	21840.75152	32837.52786	18398.06187	34409.8889	27143.80595	8489.847838	11042.66669	13121.90305	30859.80576	63280.5944	27813.99541	30327.59506	29273.25689	27228.3497	26824.92495	18535.80063	21120.13517	30831.1752	60120.38112	39298.74703	31586.45923	39180.53583	30039.51654	21942.20698	50147.99285	34115.93501	24302.56522	26601.52502	38666.30762	19155.72822	20585.10778	12720.74948	40637.94566	17488.24133	17129.5339	25695.03772	9470.535633	13789.758	34306.64859	44612.50416	64461.27814	33756.38072	45588.89907	21442.24045	28865.5547	37232.63967	33294.39031	32027.99459	19208.48447	38527.64353	36500.94123	26702.89772	37328.32757	25552.47844	34614.23203	32551.85118	50408.65856	40628.11068	24925.07231	15903.382	30097.01087	13879.02759	28491.96852	34719.54246	22077.28173	24828.72671	29166.4723	20363.53804	32514.8214	25844.2689	14974.47262	34430.18778	51039.9011	31344.92095
TG 55:5; [M+NH4]+@10.57	8159.299245	11854.49451	33248.24448	14558.55496	23748.63398	8536.858744	40239.68067	16328.11288	17860.85311	22434.02269		16841.7929	20447.82845	27828.41084	19495.85281	18684.07341	16293.8417	15149.98109	11518.90878	18545.34736	25893.83391	16285.57753	11998.10213	35777.07841	7741.603498	13429.38306	23373.92512	14613.80383	28038.45701	18789.61367	13791.4878	10780.92482	12424.1258	10252.62628	10139.04267	32334.59544	12853.00299	11906.71209	23569.0668	13511.86078	6627.159144	12405.126	3867.000494	54262.04836	20510.95278	21061.6842	18527.32186	16231.77011	10722.24478	28362.606	39369.90167	19374.92889	29662.91144	29804.32257	29793.46957	19692.87455	7665.357507	11542.64517	30553.68439	25879.48174	7986.31416	34718.55096	9148.299334	22057.34023	26872.20008	28802.11064	26437.53766	35844.63028	29177.64003	15174.73116	17351.48899	19546.50813	24631.05164	30785.53319	16389.11268	15374.80973	22614.7216	14684.77484	25941.17527	27010.19359	21337.36435	19605.12765	30850.35289	67856.98802	28790.30244	15870.18172	35888.09004	13332.87097	24124.07124	18228.44629	20803.54478	37596.33585	16962.00642	22827.99833	29153.1698	21845.81481	5495.725913	61200.33701	39538.55328	20243.25658
TG 55:6; [M+NH4]+@10.33	12234.60295	7346.458957	22581.27816	13930.05792		5982.517675	11021.3299	12903.66706	10191.79328	7074.70806	16225.78426	16839.72264	30330.85929	15960.43558	22693.38977	12360.86504	43909.03909	9865.762094	21329.06198	18939.21888	21138.45208	14342.50992	13908.29016	8573.927745	4727.922687		21407.28244	21854.05854	31397.0251	17662.49876	11044.29326	7775.33124	9011.505283	5768.233455	9897.292228	39771.94137	15928.89603	12323.04398	26216.88414	21074.81433	2862.104726	8641.181995	7366.205095	32144.90474	22333.53635	16764.3336	15379.4679	1833.43337	14713.40412	11572.26805	35367.07046		48739.37181		13936.4373	32090.36044		13261.0157	28198.27669	26185.91299	12512.76914	44280.45217	6797.502186	13896.07081	11890.03456	9615.301583	20690.42791	14967.20881	14640.35272	12304.99476	16849.15486	11016.32993	13920.78306	9167.384679	11900.33725	8964.25158	16821.82193	18424.64814		18253.83625	21795.74252	26197.11235	28767.13983	21135.12069	40508.93901	26206.0435	34525.90535	7240.997731	24420.48341	18845.57705	16645.00896	21208.8969	10700.65772	26819.90792	23329.63056	14813.64469	5896.403088	33593.63804	16833.21876	24974.47055
TG 55:7; [M+NH4]+@10.23	21462.94519	29354.11215	19058.08555	35386.33056	25039.99132	23690.82137	17762.73322	30356.05971	39437.09344	22447.14953	25062.25709	26354.16569	34702.85861	30270.60667	36152.75938	25499.24786	20318.47608	13949.04416	15447.9475	18372.07603	41548.30408	23739.34314	30375.05365	46601.13162	26576.65681	24373.04559	33217.61747	15919.86466	14821.03707	28834.01567	31749.85694	13919.42594	21345.5397	38676.50594	16692.13953	23714.69565	13104.3208	14186.43975	30070.01096	40958.72441	24344.97812	19452.62739	27535.61678	40743.63075	18997.60537	33512.13371	33771.45687	37422.21946	23232.93833	27729.15811	49291.64012	35944.64477	64157.9392	20285.96312	40690.5947	40277.12876	30192.01285	23524.62538	27713.63058	35070.17895	44574.60661	29012.7481	23569.20897	19727.61999	25483.4432	30240.4635	31248.06086	31316.02777	21118.858	42556.47127	24778.95185	36709.05233	34302.83529	61696.28709	31615.45727	27174.96682	33221.54589	25880.5455	33730.20098	33832.92011	31747.53169	36009.44483	30297.59931	39316.6243	35915.69189	20515.84741	32168.46725	19700.1477	35725.72425	20666.83483	32255.92213	38642.73901	48226.5389	39187.68707	52333.03795	46912.86141	27261.15052	34615.49986	27526.46434	28840.53896
TG 56:1; [M+NH4]+@11.35	8756.890261	14266.91003	8608.453603	13075.73487	6792.676826	23369.28514	7540.087142	11521.70661	38017.19667	13249.57956	74536.75289	21507.86963	58786.49173	20296.03326	15322.93409	8445.438851	13887.48402	2828.038088	24363.77649	7858.810702	70004.80964	14651.12853	9211.400003	81710.72058	5444.437966	4875.079672	39001.89755	9536.301632	34430.26187	6393.599677	37044.9561	48032.92125	15273.53283	17137.20994	30508.94089	50477.47753	9820.121125	13800.80976	69951.71772	17354.94921	8254.806975	11356.28126	5536.080787	10915.31928	18555.03337	13484.03036	2645.972804	6863.341899	32023.63932	18289.54773	32172.02586	13367.40617	33902.51934	9542.798655	63887.20195	28601.65557	32576.35164	19031.32257	11225.12011	3631.745584	52619.49123	11171.78736	8880.803417	17544.52949	23585.54606	15166.71789	29197.54292	20962.22911	32545.43063	27380.05063	20845.135	18852.64393	44515.65028	252316.6646	18220.17228	12131.14381	11547.62526	5186.413203	17198.82281	7632.427813	15772.36511	7999.598157	19486.87737	15095.94399	27974.20495	54424.23938	26863.09528	12059.09443	22052.86999	25307.49875	12191.07084	12117.07396	12698.48284	28589.42062	41328.49678	32824.46946	7573.210729	38468.44807	19321.26402	11259.63071
TG 56:10; [M+NH4]+@9.77	10257.35441	12781.75146	7683.182342	4331.172613	4129.893762	6127.708951	5191.214041	6726.849312	11365.64136	4786.907966	8649.006911	7435.929242	36432.65681	13781.86175	6677.796615	11800.78168	11289.07941	9287.212802	17513.32038	24434.17325	6325.156857		10212.46391	14953.66747	11503.01111	6955.134782	17905.14126	17683.50297	27726.57834	8866.150569	10374.12835	10397.71039	7468.740266	6523.992076	3880.252949	13921.15513	13901.13799	3665.030328	13778.91461	6795.445325	324.9649791	2892.864017		32725.71132	3393.350008	12350.68051	21416.4334	1494.955605	6167.559324	9535.932433	11620.46078	4003.032923	82617.81571	8300.188135	23772.71504	22863.42408	9357.737915		5319.24313	10881.97973	2500.194998	8914.899926	4196.826403	17659.76715		4558.363788	46063.79576	18997.83135	10052.37194	9065.397078	23019.14515	6575.355595	10773.70853	3403.554714	4946.641098	4735.628129	12229.08126	23689.66061	8955.754118	28628.69247	72396.34418	16675.48593	79340.58267	19238.50158	28567.9865	14370.07865	26755.22482	597.8029743	11412.87154	6091.826913	9775.229184	2621.835592	6110.612823	9939.027407	10177.42208	8701.315093	10140.54874	28967.26479	25836.94531	31327.30181
TG 56:3; [M+NH4]+@10.94	31715.45246	61312.53707	24003.86901	38797.15141	39784.38383	37961.15653	52194.09312	49580.80592	98363.00035	74933.39726	58941.1945	93300.1282	79196.42606	77176.83197	98609.20471	75588.14879	31454.55808	23699.53865	53855.54583	25518.07298	90947.11286	47441.41763	60871.99883	158180.9477	20192.25953	33549.43936	112266.716	59058.99508	73289.39483	25882.98852	51065.69857	74881.52216	57152.44426	79688.99823	25314.26845	144163.9308	39626.24728	34417.43212	127794.6646	43104.00357	31837.81348	24955.77193	23233.76815	96685.05684	77248.74322	45966.78495	29794.66164	47775.67908	50539.09921	63045.75202	154879.1367	79544.76657	167607.9959	32905.70143	178257.8922	167229.8119	111928.5866	47479.98975	85859.0021	48451.05218	100997.7429	57668.10914	43175.8773	86491.45486	42329.91686	52348.41016	83365.31226	60688.0763	67387.80205	91648.28141	85059.65869	118234.9187	99934.65654	374474.8794	106816.1669	45362.19385	56435.94509	34332.86232	52289.84523	43382.96634	82235.75064	57392.61964	94155.42332	85222.92004	68670.73277	131204.6846	68059.8619	70064.31661	110768.5688	84211.42147	74728.92635	75139.97085	91800.69314	91864.45712	86943.50029	110917.1444	26994.12826	162521.6333	105815.6186	73011.98038
TG 56:5; [M+NH4]+@10.38	84278.99176	190745.5329	145725.2557	151975.1912	193303.5616	128584.9538	180672.8292	186185.608	181731.5542	151601.6087	172419.5982	284527.5651	122602.9392	219933.8765	293226.8029	194658.112	215044.3488	98417.06451	150999.1132	144170.166	156451.3624	111392.1441	181978.3535	289531.6659	117356.6781	72473.06028	250629.5559	217003.4792	206138.2619	91561.23744	119287.9453	114771.6852	139739.6996	138841.9926	79336.01803	262424.1366	178455.1563	109199.7547	309400.688	117663.5546	64359.99167	64292.56945	23830.95575	319311.276	262294.8971	189213.7425	191970.9857	69728.07229	166305.1015	174179.6386	286502.9168	128259.4624	470887.9208	107120.0688	405170.3065	329822.3033	84925.98097	148007.0891	202186.3434	188419.617	116479.2851	231963.09	125411.5065	193971.5235	82437.80866	153818.3584	359963.7686	222302.8575	168588.9686	185824.6352	210362.0948	287500.5645	158600.4264	273457.5143	213819.7425	136844.1443	201405.8811	148428.9748	119266.7789	189228.8772	182490.4771	259764.0336	366144.662	336545.3054	317741.9078	233357.3077	381146.4776	91034.56434	259455.0137	231202.9774	238036.3121	220676.717	138502.1861	178656.6507	324218.3472	228258.0722	76182.66364	608759.7209	340506.3038	367885.4027
TG 56:6; [M+NH4]+@10.45	147191.43	239861.768	219207.9823	239326.283	263063.5677	191923.3851	285327.7359	244896.827	267318.8397	212413.6478	181474.3232	303788.7319	221270.3058	262601.3022	394789.6032	302765.7395	329501.3013	179950.4141	309343.2941	319302.8355	221992.7265	169757.218	250956.0497	281920.6395	177175.1866	82356.02247	336743.7072	375740.5027	331981.223	158228.5804	137653.3161	169740.3336	179828.3114	153392.1848	119514.321	385610.0001	325538.7917	182013.0502	355254.3679	164099.2704	61983.77615	92324.2554	20028.95739	477631.5395	327216.0947	330498.3133	392898.9128	68918.59555	271580.5001	242232.9604	342321.9268	111078.9899	717985.4881	166399.6404	476798.7391	522204.8823	106513.4291	125172.6562	245398.6358	315471.4611	126083.0168	284530.6262	269609.7467	287641.5765	104576.2947	231018.4647	672677.1133	413342.6368	300728.4987	247375.3721	378945.1516	384751.7987	213924.4922	325880.4554	236651.9001	146565.1707	297048.4381	236073.6902	144227.0059	364521.0309	298440.8638	452383.1271	673226.2848	560871.4212	532012.1291	294366.8321	630731.2852	86326.76571	368440.4252	306295.6898	433406.9483	249926.673	124616.3371	325120.9762	490492.1178	297639.7817	74394.33984	736657.9565	565498.0856	675867.9631
TG 56:7; [M+NH4]+@10.30	186644.9445	321111.3389	246858.2315	209936.9411	251324.5935	166513.9078	256105.6816	233372.1155	332155.8214	238155.4667	209925.2684	291486.9641	323948.8717	374789.5354	291237.9771	302592.9377	322644.7037	174542.963	357257.7976	445902.6264	266456.385	152950.2366	310307.3246	250452.7062	208359.9626	81861.96954	445314.8178	333863.5493	389460.6748	184376.2778	148256.1247	184581.2346	185553.6291	155029.5539	132225.5903	458007.7196	391841.8544	181213.7562	374503.5301	142746.1099	46098.00423	105012.7805	21961.32621	524807.7795	304769.4757	297140.5357	377761.3706	66350.70501	308237.9421	255702.4672	351892.9434	73122.20253	1183660.632	159033.5306	536288.7372	441447.2565	142163.9369	130976.3569	224784.732	321497.0022	102988.9547	260516.4089	223613.8562	317696.3636	121263.0906	234961.2147	707861.5762	449223.4751	347438.9886	270473.0412	495875.1653	380869.1513	184409.1698	318900.6205	165516.7007	141335.1754	400338.2831	301777.265	160467.0319	387741.3049	455665.1536	470484.4565	672251.6225	581514.0815	622107.0131	312203.365	679454.1586	65785.67492	398084.4492	324387.5777	327688.3986	211774.8469	104493.5323	398701.3574	472816.0046	239249.335	60094.21715	769669.1491	682553.0261	780435.6537
TG 56:8; [M+NH4]+@10.06	155090.7461	198569.7341	143161.4329	124435.7617	156519.5234	105755.0234	152492.8692	128454.4564	242075.5058	132196.0483	123825.2289	184945.1197	270856.3805	308945.0955	184884.9676	193114.2611	183982.375	112780.2328	259379.3244	352533.219	175112.7821	78201.05661	223093.5541	142551.2409	168345.3401	39392.45084	343395.6806	236936.4326	277242.6098	118257.7049	105218.1812	109358.8695	105775.7687	80388.64559	51535.45566	244124.2421	203417.9354	80273.56457	227890.5939	75271.15488	20497.5294	41074.79691	3432.754622	466698.9729	153818.2182	181992.297	271438.2052	19934.61772	144793.884	149314.3288	159745.4902	29880.93954	954375.2179	97971.46439	373198.6354	278229.5725	70564.44806	67668.72164	77352.86765	206686.2324	53881.59033	128285.3181	119050.9295	236369.6717	55231.18166	143086.9354	551599.9779	303982.6446	182685.7918	148775.4108	389504.0929	201903.1358	120250.9797	159028.8844	85028.57511	63901.26213	261048.1331	223957.0232	88072.84999	300766.4181	403720.5855	254100.5558	490689.4096	432737.5031	417018.5553	239172.5732	476139.9097	36177.77179	260363.5514	178180.2509	196555.8769	111411.8935	28857.75651	164232.0439	237267.4866	158877.5275	26582.80665	598651.5829	453231.8176	596072.5647
TG 56:9; [M+NH4]+@9.87	52143.05938	68774.7562	41026.2045	29051.51504	35956.93497	31903.70261	35729.76827	37908.50997	58890.22614	25227.44227	32182.63772	51825.91034	88422.97376	85835.11295	35986.98547	60047.1137	50090.42305	42527.70749	76519.93682	152315.8608	35214.74967	12383.53707	55735.25043	40772.74949	54129.89594	15499.47798	111010.8579	81850.86128	118341.5658	51130.21185	30161.95187	39788.87772	33845.13665	25445.91691	19584.94876	76634.28234	58244.72805	20930.92238	63370.29043	32390.34209	6702.082784	14081.96734	2921.719253	157597.8903	33713.00201	60101.49039	99594.44972	4027.418817	33935.3632	39310.32562	26971.21672	12974.00265	349949.078	46053.8137	131843.4508	96844.61733	23170.67062	28198.68128	24536.09709	68635.07863	15550.5334	25026.41861	32741.50622	62948.44751	16949.596	40579.33273	213665.1222	87988.42742	53539.60181	53990.61421	103018.7037	45028.88671	31814.91053	25375.99947	23139.34841	21306.3254	76689.38732	97756.02778	35500.98868	105936.7153	197399.7178	84211.97034	239567.986	124604.6661	132765.2875	75953.5116	180591.1151	17286.44992	79238.62563	45222.21054	68656.84647	27662.82569	11109.26697	42290.9546	60772.22601	31206.16374	16361.06129	176606.5899	148064.883	229890.258
TG 57:1; [M+NH4]+@11.53	105.4243896	6343.34386	1542.635042	3347.313414	477.6973765	6337.076513	2892.390615	8868.881191	217.9091446	2351.412727	20038.21327	2171.365685	5348.619751	2202.873539	4175.012129	2130.663085	9122.616725	2324.812615	415.9833291	182.5258759	13559.3022	5134.312343		8764.039326	3707.350105	2039.319388	8002.957981	10.12456894	18029.31183	5256.305696	10043.26396	18464.93816		2818.447238	9238.240534	5641.813617	4336.752199	6412.62406	23814.91426	3658.74436	159.4717694	2669.14812	942.6707088	338.8595672	2762.237317	3221.959723		166.7308346	12487.85796	1171.017808	9050.948221	7377.118836	3499.88705		16406.20413	3919.914518	3997.248196	6760.500166	7076.501724	1871.229819	9028.968631	1768.650737	1088.450977	6236.66011		290.8232078	6905.392311	4388.094861	10405.43736	6836.033739	5003.700191	6139.367489	8791.325416	7723.449309	8859.569001	963.6750927	3078.711996	1928.206033	139.2243028	65.19186592	3067.403662	14197.29893	2400.936966	1530.558009	7222.68018	16971.61107	9297.496727	2618.50446	8266.227832	2663.334006	3014.562887	10424.96497	2273.909584	8000.130599	22353.1124	15262.62152	222.2818518	8959.481777	7478.965616	873.6445479
TG 57:2; [M+NH4]+@11.29	4825.303044	2726.948116	4477.848661	7057.253809	5637.825479	7240.334019	7303.796533	3751.399422	13520.46417	11414.83625	9859.589473	7168.036032	11362.59322	9208.041681	7312.167895	10191.06143	10945.05366	1767.219976	14181.01926	3137.481986	11846.65718	10002.32131	7216.849203	16457.04485	2716.493795	2900.701083	8373.288423	8980.345596	13316.75977	2916.71882	7720.645988	10287.74911	10967.06733	6879.810587	8073.170151	14124.18859	4496.078416	8214.278359	18861.30416	9135.770289	2866.769308	5412.005052	6373.431172	11856.61492	8364.661815	7241.176205	8054.76486	10681.09502	12149.611	7171.301901	7550.107667	10435.39719	6282.300328	3917.570726	10768.15158	4869.390765	13164.56696	10486.14868	8400.496823	7315.523144	5513.016076	8549.071533	3254.068083	9822.311694	4524.678557	14196.8544	12055.95063	6290.102514	7344.741071	8423.327269	7385.593574	10550.19454	15926.67783	26452.24946	7040.480242	4681.905325	7538.373195	1412.360524	12290.15064	3763.869805	4828.83366	9032.245436	9695.206655	11055.81804	8373.99854	22636.78599	18109.98183	8011.255195	12248.89305	8519.874186	9697.079973	8250.583095	6136.442567	12987.31053	12659.49262	8262.093672	5265.391561	22063.91164	20363.28899	4464.596441
TG 58:0; [M+NH4]+@11.89	1017.496756	847.9687443	774.7303109	415.0764773	716.8178217	2635.110301	860.1059125	527.4963137	1212.730035	514.5454689	5852.742767	1672.247433	2246.655141	1825.345975	806.0827531	452.1878283	742.6563077	363.7542265	1027.874646	988.4374942	3558.692505	1075.316961	409.3897214	6288.839998	254.6335493	307.9989474	3453.258206	279.4426469	1139.813263	750.9009685	4310.66355	2945.915888	2006.116075	441.7975382	2720.869447	2805.271564	1465.1558	1042.784818	7053.791853	1035.410467	690.6188565	455.671126	207.2692111	1015.240643	1650.577792	360.3678858	655.7124909	979.2570268	3334.517896	919.148639	2253.106378	908.7741543	2527.466527	819.1225771	4690.775599	1750.968673	921.0349621	1801.272559	987.2609823	550.3060183	3534.887815	347.2251202	144.4600205	1302.197272	3492.055839	1407.375177	1995.367001	2442.086931	2736.213421	1398.055918	953.6672012	737.5403755	3133.594824	17526.77473	984.4481696	487.2085611	1007.954919	332.5365268	1706.50715	454.9349113	1798.999183	88.54140367	731.4629521	2112.650334	1259.808512	3981.967529	1116.924284	387.5894743	913.7895567	1250.866189	618.2794524	1537.451629	385.9906393	1647.686501	3882.495796	2382.16417	251.5451244	2156.946121	575.0759519	330.1074217
TG 58:1; [M+NH4]+@11.66	2250.678122	2725.609279	1201.21201	3811.542575	1397.113465	7618.640322	2847.39786	1631.87988	10557.62933	5714.534907	26978.04679	9737.784899	14489.63438	4443.55395	3444.317367	2522.260403	1424.076701	2361.60389	5137.124454	2020.078851	21694.8386	2937.617251	2750.719578	44105.76986	1265.953724	959.0413369	14867.32422	4489.607519	9702.684745	1336.653831	13363.8282	27730.94926	5420.809393	7238.650485	14201.66848	12510.16219	3693.386078	5939.86699	22954.88103	5851.403415	2912.682797	2210.870425	1505.265801	3530.088615	3529.626168	2196.612147	2657.768567	2102.536711	9794.709064	4944.883847	11490.33958	3903.070008	12152.13621	2440.055935	25951.94227	12840.16108	6485.993763	8637.952186	7713.061077	3003.551044	22006.6792	2130.39893	3895.316001	7640.206083	10235.83021	5951.512347	5260.79777	4488.859335	14781.48489	6004.773969	4409.545225	7498.957077	6137.996911	151396.4923	5887.225733	4167.768617	4448.24736	1534.091692	6558.694938	1351.546891	4011.593334	2416.952105	8240.959683	5347.569589	4659.298858	24394.62669	8087.509644	3731.492937	4484.194345	6873.268333	2523.415827	4391.937064	2054.103183	9550.523081	20541.44058	10346.66797	1668.697359	12103.43289	5709.371908	2262.715678
TG 58:10; [M+NH4]+@10.02	45568.56333	36327.77503	33635.35656	27376.07665	21248.46071	20143.37812	18779.8672	26135.8151	45503.4793	22159.3773	30808.51724	47341.9747	61286.30741	65284.5437	34215.78199	30880.14942	51754.87447	21336.83201	63876.75555	81064.78081	31619.75842	13379.02441	31371.78144	16038.61564	31960.50158	6972.78071	46069.44187	37530.03351	78522.19872	25419.3647	7755.085136	15625.01744	17216.61455	13258.12974	11317.46193	53398.68528	43955.63493	16627.59459	41653.80709	17563.04167	1828.368885	5387.84128	600.1585703	124044.3598	25584.1381	37161.47123	69728.49369	3052.213717	29381.0182	20948.1328	19145.66824	4724.616387	195166.8474	14507.60512	76161.67521	34137.56244	431.5319763	6231.386009	14992.87797	36854.5234	8862.718092	12970.68774	26632.81743	33593.45409	9693.473084	20481.13484	149582.9643	59334.92604	42471.24341	28860.72272	84418.91092	25394.09941	14445.54669	20199.12741	8328.886427	9027.951579	68328.94622	54267.36634	10395.92496	75864.79271	115962.4989	67687.42966	103000.8581	82813.13462	109706.2118	25696.6178	130952.8891	2672.031699	40360.74364	24920.729	38733.82772	16626.76164	4700.915897	27656.04139	25728.75508	27938.36285	1527.31136	108150.3451	87954.98586	175227.8992
TG 58:11; [M+NH4]+@9.86	19005.60501	14299.43504	12228.12784	6224.189664	3316.933981	4051.353175	5730.97912	5633.968675	10489.68969	7917.569551	5025.745948	10997.1464	52028.83078	19485.39178	5273.109877	12736.33469	12671.99608	6417.222104	22663.93939	40183.42897	7905.316378		11129.61876	8331.944993	12234.16916	1957.440463	20267.15708	15377.19273	24033.99462	11290.83048	3074.790408	7744.348802	4326.724803	3299.004014	2866.653208	10148.29185	13292.23731	4836.004712	11732.18177		613.0103459	2734.477347	1480.911884	37040.52351	6325.620002	11817.27361	22026.33427	1973.542601	7840.360617	9104.97811	4934.251463	1791.713966	95253.84096	4094.827714	24712.16557	14282.78972	7103.045678	2899.470025	5955.428858	13440.08847	1304.783204	3428.066521	7000.128947	12740.23047	3321.024791	7483.08542	50219.72584	15883.1906	12857.88776	13189.85384	23659.05122	6565.623773	3848.852695	3799.505974	907.1587804	3990.212332	22185.3953	18625.67776	5659.451142	25001.87522	81340.5797	24688.7079	51008.34485	21612.59089	29556.42313	9286.450261	35461.63874	2212.720823	11894.47962	5854.261774	12570.31312	2903.777009	2268.88025	9211.424458	8694.557086	5834.823906	2349.485019	20462.30333	30781.36768	52474.35866
TG 58:2; [M+NH4]+@11.40	4283.967129	9741.362107	4922.536797	8866.115375	6591.784872	15874.62365	5257.439408	3650.529723	25603.21289	9002.764254	46821.3836	18042.54032	47030.77593	17009.73005	17854.28322	4853.125334	4084.445757	1784.743836	15108.29898	6166.820265	49639.80194	7675.850572	8426.926787	86148.14747	3355.766015	3265.058937	33442.39491	6561.17719	24021.18149	3650.921427	29273.46006	79232.45751	17085.14458	21233.65473	26465.81996	52415.06334	7926.300777	12539.63705	37839.35304	13226.94111	8341.03598	5307.743899	3219.436082	19939.47715	9390.668779	5712.654987	9097.174989	5953.352173	13576.80456	16058.54321	26326.64582	7803.094275	36472.92081	9464.087531	55709.68481	55179.95136	18313.70339	12411.9577	17268.73295	4470.685103	83206.35623	6969.913991	11858.62768	18281.35133	17157.42837	10221.18395	20162.18333	13865.51305	29535.26024	16332.2136	12157.66114	21549.9271	27068.26547	523690.2837	18960.99733	8089.516121	10307.31025	5781.499881	10523.64414	4494.826764	17100.45902	9965.684441	14113.68519	10239.44793	16017.65219	76241.11151	13484.44161	5852.437935	12750.51801	9761.17541	7834.914264	7907.030003	7219.110955	12424.81483	40954.94753	32353.75602	4981.940539	25284.117	22458.60446	6364.910844
TG 58:3; [M+NH4]+@11.14	3696.629225	11117.23463	5581.901157	7225.520392	6750.38166	10571.26132	3930.703789	4798.437827	19164.57948	9387.323183	22208.64045	18767.09008	49990.72455	15268.68585	16256.98961	10626.6074	5674.721643	2272.703278	10571.41257	5625.568109	29236.25114	8818.541607	6067.773739	90461.97016	7479.721805	6062.240363	30120.2431	9018.910182	14512.05267	4236.447964	23176.14519	50361.8743	18970.00028	27173.19114	11878.29893	50060.71403	5236.80249	7905.689211	33422.05949	11093.78837	10534.50887	4325.893832	4094.975306	22132.59976	15789.22128	8908.291727	5413.716646	7846.957045	9775.476477	14276.12386	18039.20539	8054.016317	31002.80759	4878.01713	66694.23702	58473.00574	16794.01905	11515.44494	15659.42772	6478.244859	60246.02698	8879.573485	11308.23909	17334.64591	7327.766965	10274.2239	21533.40066	18813.72534	21499.96483	16525.69452	20538.02238	31014.65281	25938.90501	276988.7421	13866.77186	18116.68676	16542.92329	6717.522161	8633.738029	5477.681831	21136.19094	11285.30068	12062.07151	16079.2384	15126.5896	69189.25024	19337.86991	6831.538636	14925.87422	18811.62332	9249.520624	10409.9124	8051.770436	12667.48254	24326.86961	26599.92244	6708.898344	23207.56571	23359.37443	9593.037295
TG 58:4; [M+NH4]+@10.97	9771.016177	5979.770179	9764.412689	6036.741871	13267.22298	6988.383837	6402.341585	5872.463462	7931.416672	11125.48913	10929.63459	14416.43541	12569.30251	10674.83874	17010.99082	6582.761539	5596.466278	3202.86753	4778.84772		6491.361836	6018.85133	3995.231162	25290.6934	5371.24457	2916.04209	13059.1565	6127.882576	13340.69558	3134.649859	10041.10179	14151.27277	15090.00223	13865.25942	1791.568846	27614.98292	5343.555781	633.1943163	15856.65677		3510.110738	4918.141976	4589.3606	10130.38842	9814.953785	7182.335614	3845.784418	3526.73768	5139.861848	8264.459255	8090.505216	8509.540357	19502.96438	5936.185159	31561.06926	23495.50455	6902.235723	7588.953949	8499.012798		5851.089941	9062.525168	6376.78021	18301.30517		7557.274845	27605.18046	11986.39585	7546.76167	9683.68798	13747.45092	15528.04779	17337.43566	32973.27984	5028.634093	4329.21246	13470.22265		18831.11964	11301.76197	11527.87842	11156.4718	9352.309231	19909.28726	9099.512212	23738.22804	12528.88866	6054.67728	14943.99527	9068.042329	9048.761053	6453.91689	18875.02664	13278.96607	10168.2933	16054.97132	4179.898183	20788.65127	13741.59027	12051.27817
TG 58:5; [M+NH4]+@10.88	2932.821153	7059.448136	8252.573873	4660.440795		6665.373092	5979.002751	9303.98273	14187.70198	6253.26477	11472.80929	11810.13663	16171.9065	9181.99572	12787.12596	7789.557202	15861.24455	5978.476896	7756.334512	4116.580171	12554.67098	4671.659231	12352.22648	17926.13604	6556.630614	3732.43593	14396.12925	8900.915136	11242.24381	7032.958761	9216.221735	9597.35265	1819.135652	7204.067693	5661.007342	26785.61558	11448.21572	7604.057284	18574.94571	1773.876766	2696.005289	1457.313907	406.3016551	14807.70886	10959.96292	3941.350081	19298.70391	2586.781403	17591.41679	5064.25054	18435.73267	8442.513796	23033.3259	4399.274764	27608.23954	21029.21877	7704.745903	6526.401979	23593.34138	5849.633845	6078.188437	9346.721864		9712.896198		5719.403757	31583.35382	12521.15145	21717.53921	20939.04929	15362.77149	20363.69124	11991.82217	14096.51289		9695.007866	9159.105018	7736.532608	5161.596004	10063.08159	3511.687704	14588.69727		14639.73838	14419.70511	18029.54979	21131.02645	4802.584388	29701.35995	12984.5965	12968.76917	11722.42626	17153.7501	12883.04483	14186.51876	15327.22316	4064.291874	46960.76957	18448.93102	19825.54619
TG 58:6; [M+NH4]+@10.67	5870.873532	16311.75624	19475.80957	16426.07984	14057.79616	10520.82237	18701.96322	17405.94386	24486.72213	18013.85061	22336.70574	33391.2182	30758.17866	22237.85995	34966.98926	13204.43431	19783.79066	14294.05593	27794.27199	17360.89925	18332.24871	11948.21777	26149.1639	27650.60437	10925.59302	5061.762002	20445.31989	21992.7843	19985.3684	6631.587349	9178.331725	12786.65325	19117.54028	11195.2524	10259.28585	44389.30496	23025.23306	9291.597513	29049.45856	7804.941995	13117.45057	6675.115161	1181.680828	36673.65423	27243.26945	13922.83242	23983.08308	5921.597508	16935.67919	21103.55226	32305.92503	7708.33103	56717.89863	10496.89254	28461.84639	30307.78373	7822.521036	11174.03153	25082.29883	26148.83847	10803.25546	24900.18732	11509.97426	27576.94867	8891.379691	21351.96728	37477.16566	40925.67948	24439.40252	20326.78084	23175.91787	20374.78106	12673.1445	28222.15076	26859.63822	9407.075945	23424.6534	20095.08255	1483.51634	22230.29817	22801.69757	30144.7988	28042.37217	49783.55882	42651.85117	35714.48483	37278.81152	7320.994865	39485.32689	25980.85966	41938.05611	30919.25499	14365.34352	21624.08266	28127.61212	24370.3155	4746.292243	71923.72761	48663.56523	35435.81694
TG 58:7; [M+NH4]+@10.61	27135.01102	37817.49579	31709.13814	31031.97081	40937.83768	22918.41202	43756.91618	37152.17843	49515.13751	29235.57075	28549.99473	44869.22229	55458.24725	48490.8827	62551.67593	43811.01939	69424.45869	19569.30092	44139.90211	51063.01641	36619.21612	21828.18733	47064.80247	31414.45858	26188.83956	10329.54622	39723.03547	46735.32799	45817.43747	17763.23386	21959.29447	19704.35312	24219.92445	12766.63099	20860.88346	58464.7609	54984.07186	24681.90596	60331.0065	8353.551099	7086.275388	8211.895281	1547.09347	67926.03313	35651.96706	37627.99807	56014.20381	14623.62107	32882.70984	25671.25403	56363.10475	10873.04677	142851.1061	11387.98804	68935.44648	68466.74632	18789.58202	18992.97274	40942.07243	46549.98522	26036.3858	37371.03417	35225.28481	39275.20621	8291.428368	33740.1668	105655.8679	56423.94862	39947.83063	47820.75546	59055.67437	58674.08531	22376.96841	49503.35995	29484.15187	23484.04996	67037.48603	41531.54834	12832.32063	49210.46138	70948.42125	74116.1007	87530.67539	98784.74014	87626.34575	56053.33329	88180.29256	15886.90567	55058.39815	35926.51495	69287.89747	45613.64894	15794.36991	53427.05735	61061.94989	63415.21216	10718.37702	100000.5146	91771.20848	93825.04301
TG 58:8; [M+NH4]+@10.40	58964.38707	55910.37185	44554.49637	49300.73877	37164.28558	27966.5461	55748.16026	65163.87094	64765.69146	54343.75547	33100.68821	72722.11108	92508.42353	100652.8167	60848.62752	54773.29011	77436.88161	32796.60654	81809.45394	84946.00814	51838.6395	36880.84944	61484.40656	40644.79534	35986.34767	10698.59748	46615.27287	78620.05799	75471.82534	34975.03905	27842.5068	29004.13178	37795.23987	18067.53407	17366.3491	84885.73132	79580.74883	22773.72646	50094.95347	11241.5153	9086.202085	6776.127113	3635.178286	150036.7221	56539.15622	44124.98509	98161.83551	7453.040446	53614.83195	34156.0441	72964.9971	10724.05557	222741.6116	20163.91327	99062.43388	65893.76612	17337.62149	13494.16874	38318.4511	51188.16978	37035.69915	37797.95315	41824.84891	57106.35651	8009.751491	48108.04666	145047.2233	67361.18541	71355.83867	42527.91892	131983.1723	58692.29516	29676.41998	75344.67656	24732.92719	18299.9469	111911.404	55667.47849	18187.01502	87865.33499	172395.961	99128.27323	120123.7037	156719.4605	128895.6188	59237.50991	114607.635	10376.21106	78314.87156	34424.05788	80692.46962	37400.26899	16493.21422	69224.62353	65404.75824	65023.2726	9605.880619	138025.712	139264.1321	175590.8026
TG 58:9; [M+NH4]+@10.20	66165.90106	44333.19926	43317.69609	42129.66211	32903.28227	23592.36449	37873.38499	35301.40315	89563.72411	41406.67817	33362.42069	48199.09151	76123.8512	95127.44788	37900.18871	47249.88924	79225.23806	32710.08005	88491.86468	105697.3396	54873.42771	21004.06997	61064.9661	33171.40119	39440.77691	14652.32326	65231.35769	58053.71176	99639.46405	41766.45445	18652.13257	28061.36813	26769.29828	17913.05767	17235.7357	86460.96472	77701.70346	26253.58649	62016.00223	22883.87943	7995.440859	12059.00651	899.0006171	176565.9975	36693.24172	51279.20184	87160.36999	4037.01169	40156.99783	30980.66496	41012.35586	12289.34119	248986.3756	28390.46885	86465.44223	39802.40126	13270.80104	11517.79902	32442.56931	55892.12595	22430.43397	33676.81383	44051.77129	47091.55845	11984.11019	45558.16051	181400.1175	86881.88777	62625.15898	46636.48731	128459.8453	38724.09318	22854.99113	67001.404	18682.93884	10456.37194	107739.4478	63502.83491	16298.76647	103638.448	186951.2201	93452.88175	130709.6555	133634.1735	141186.4284	55474.28619	145068.9941	5233.265375	79759.27002	40547.76539	62925.53759	27857.75015	7992.85874	68047.32977	49528.79896	59849.69765	6887.552298	119418.123	129523.7902	214316.9906
TG 59:4; [M+NH4]+@11.22	415.1293667	548.3649609	710.429108	1636.088348	1675.607227	1980.498743	1789.167063	2032.70424	4871.140897	2067.631043	2995.158709	3057.613173	3370.296521	6214.791588	3249.870214	2377.705119	2450.981578	1358.605711	2864.262488	2565.825873	3177.85415	1020.916793	2209.45797	8260.672139	2332.408949	2132.748344	4939.761945	3087.550499		555.346289	4967.693863	4560.108975	2187.237203	6089.558699	1358.116123	4314.299299	971.2797423	310.7689037	6082.170592		1437.059983	522.3738132	517.2719879	9653.418696	4154.55546	2373.240559	1699.440127	2602.579627	808.7851682	3068.156279	1900.675849	1230.038218	4832.731818	1047.239234	8188.988814	3035.236958	2761.187618	1380.489501	3680.489855	2698.286115	2927.508328	3134.463728	936.3956896	3672.12216	1733.893959	3064.548547	9745.402836	7759.604537	4396.483387	2439.757976	4420.124324	4594.412625	3062.939524	6678.057036	2415.953812	674.0885562	4932.870054	2180.396757	3506.978893	5079.156236	5024.740223	1684.871039	2565.874054	4870.895834	1127.511313	9310.785518	7039.831655	4164.449588	4839.115477	4918.16438	3306.880582		279.7643596	4317.871175	4813.79373	9268.62238	1647.915317	9847.041003	7375.775288	3898.219463
TG 60:12; [M+NH4]+@9.95	15976.23108	8537.910055	4791.844517	3230.576755	1233.920269	1849.261328	2697.408396	4287.339005	7933.360578	2424.753698	5719.437507	7795.923955	26080.37663	11541.60542	3568.540367	4869.568794	8387.093124	2206.109903	15058.96875	19858.27347	7325.357751	1625.742796	8412.987832	2875.159673	5553.283284	1030.084386	3511.313408	7069.779441	12116.44475	5029.366727	3608.655716	3312.634892	2150.08218	1962.813212	1590.925625	6979.192313	6931.036755	2670.359927	965.3853105	5763.625305	1005.895606	855.7075796	1060.36827	18515.36726	1511.375864	3220.423036	13289.22522	243.9536967	4838.457449	3221.773021	2141.580433	2505.662732	50623.20257	2876.453386	6909.479936	7057.284959	2451.441161	3419.962983	2087.037662	5982.049471	1061.700385	2933.785402	4659.870667	4477.620759	2980.96303	3627.862715	16169.29648	7586.865526	8562.765162	5703.308789	11793.3903	3088.664969	4716.199449	6186.215145	633.7403086	2039.015254	13324.94277	8191.006053	1018.140393	10450.36895	31371.55623	13730.9535	11745.13409	21861.77893	12868.7522	1595.74485	17079.71512	3489.274693	6162.432165	3877.516222	3989.976338	2519.328108	2171.841923	5178.172459	3749.688841	3172.317506	1612.713239	13971.13538	12734.94228	25773.05663
TG 60:13; [M+NH4]+@9.81	10765.39563	3497.023	1681.598204	846.614654	906.1337819	249.513311	1767.660804	1429.783226	2007.652928	700.0598041	869.1201391	1859.475654	10254.03493	4276.827569	1679.633906	1100.768915	1679.046774	1028.744988	4839.38505	10048.08894	1837.17948	1157.005306	2231.76743	2456.583534	1545.94432	54.94588651	3695.44676	2185.946816	3866.870636	1240.188962	856.3149212	1195.941365	869.784072	726.8316772	393.8427411	1058.124573	2709.259736	458.3564321	2008.249346	1131.712911	1122.289681	586.7068742	1528.906305	8429.76354	900.5251306	1305.424321	3249.871274	1618.574909	2236.493544	504.3444868	2372.245628	2540.483304	19726.74104	3020.909142	2974.613933	3267.349806	4048.664622	1105.144905	1673.214293	1773.408898	1329.174978	1654.598953	1605.496899		2275.420903	1369.358552	5414.187554	1751.12947	2677.54394	1899.355963	4069.236279	826.4071487	2832.348983	965.3384406	1591.301928	2030.998968	1618.127215	2817.694292	2261.600728	5750.820125	18320.83742	6892.687635	4209.34992	3743.198109	4299.971982	1304.429748	3546.083689	1989.490988	2297.124478	620.1839272	1292.155783	402.9966325	1250.694606	1314.519202	2085.963461	859.7879271	901.3709929	3002.902478	8316.136738	7104.704645
TG 60:2; [M+NH4]+@11.70	3220.767504	4953.796363	2216.399932	4387.569282	2181.146612	3965.682992	1179.401352	2747.486664	6609.913874	3530.158116	13557.86752	4164.461528	14598.45577	9011.344917	4132.951231	3829.262062	3463.380903	893.1642008	4002.620147	3672.796229	25717.41018	3336.619592	3478.559952	34581.83672	3016.53811	1211.318638	16354.90082	3189.84212	9421.920061	3143.256836	9374.770116	20869.06604	6059.321626	7934.558652	8259.893458	14427.37601	1757.354403	4942.588122	11487.27599	5705.025207	4530.436677	1106.878559	1059.046295	11522.01009	3656.570324	3335.561844	2827.090868	1788.874793	6354.246015	8665.733442	14308.16051	3724.810376	22393.56435	4667.28014	16497.83686	25262.15661	8146.493804	5005.537331	7825.272201	1195.897976	27177.19361	4907.587336	6042.678216	6159.217288	4984.289023	3858.948578	10511.02695	6885.00758	12283.54729	7410.813609	7585.770749	13047.03079	9976.201473	225651.2725	8138.750717	3531.468041	4747.425777	3152.563937	5644.468523	2164.356687	10648.28982	6734.583812	6069.422926	5438.493025	7177.755179	28329.19583	8624.509201	2480.035981	4513.337393	7157.860239	6168.448259	2867.183876	2739.240431	6300.91207	17567.65997	7275.064859	2924.966557	16446.97572	9501.293645	2161.558729
TG 60:3; [M+NH4]+@11.41	3633.890838	6628.497702	2122.30803	5766.729125	3007.309454	6698.882007	3585.415183	4327.176635	10453.99381	4465.372687	13199.17875	9489.293243	17091.01415	9482.597045	7576.024829	5201.772841	3401.492437	1611.964796	5848.741691	4382.764814	22313.43076	4810.285535	4652.50555	38912.55257	4487.043667	1716.995775	16015.24595	4966.330144	9775.347696	1307.947774	11276.52248	26625.37225	9339.394657	14326.72207	4546.636803	19124.23515	3448.475329	5256.998709	12958.77357	4658.301199	5183.552928	1517.778951	1562.42931	12828.54308	9916.117897	3752.63598	2948.218971	3955.797244	3791.8882	7530.222157	13456.5144	5371.205431	24449.35419	5883.490661	23847.70139	37441.92306	5065.248871	8278.25223	7095.524426	2470.952161	19545.27681	3320.930659	9691.907665	6385.219364	5211.540643	7800.792519	12644.11896	9000.18982	11182.39333	6652.435543	10344.55926	12279.72219	12268.13808	101358.7235	9257.641189	3361.174258	10210.79904	4262.943235	6920.468956	2986.541391	21092.09336	9401.891956	8736.621091	4731.990226	8424.73378	34673.27394	13832.83568	3927.513687	4893.124342	4812.065248	7412.36095	7285.649095	4612.005459	6465.556984	9848.62709	13661.20404	2772.392431	15616.3079	9513.521644	4415.889104
TG 60:4; [M+NH4]+@11.21	2270.164749	3892.6717	1093.557524	2982.809705	4137.200263	5381.977276	2249.660659	5763.154665	9247.009706	2801.949011	8879.757076	10090.36223	6563.775412	6261.343767	5267.71696	3981.126529	1401.781414	1706.01351	4470.897035	4837.233776	10755.12628	3369.226713	4521.941146	23534.32317	2858.223491	1153.565109	14439.3394	4505.074047	5435.593287	1330.477625	7738.687161	13915.80303	3811.492582	9424.74701	2735.834076	10864.68166	4088.965441	3828.836463	6472.688375	1643.409966	3658.306941	771.0511819	724.7703265	12436.95914	5314.558386	4985.706052	3135.81005	2364.091367	1898.487873	6280.637475	7032.106637	3046.134219	14608.81634	3795.289169	19199.60412	24857.6125	2741.062871	6803.44509	7745.826702	2197.717299	7960.350754	5374.217124	4990.876663	5083.658085	1136.544256	5137.627647	8381.602548	7154.115261	8664.675496	6781.272653	11234.02671	8407.807254	9718.78202	36457.51704	5449.012619	2470.76244	7635.879256	2813.462531	7759.43779	3138.510473	10685.09077	5055.478171	6889.527052	6154.11761	4402.159284	27796.80762	11328.14728	2702.227493	3682.618237	3250.258528	7043.042733	2708.109448	3174.845987	4038.811732	6106.16192	9752.003446	3931.744331	9469.447517	10788.53409	2649.936836
TG 60:8; [M+NH4]+@10.59	6752.218086	5086.967999	7473.229396	2479.512333	3976.815363	3962.642177	4085.830677	5496.720511	11134.86044	8065.189334	3784.177235	7868.419373	6866.049959	5344.508951	3936.868162	4354.990241	9870.597961	1856.170995	2065.038674	4603.746577	2506.705477	4577.212427	6905.628323	7105.527018	2404.418426	2208.400551	3404.010995	4590.235589	5027.799621	3816.466085	6903.41431	2795.303674	5923.023766	5677.352898	3481.15498	11217.41097	9374.537543	2462.263686	7131.591531	4621.540506	367.7431981	1702.455925	790.2288373	5302.267969	4290.171574	4838.614776	6920.652531	2177.395969	8451.888267	309.8029418	2172.364114	307.9651531	23163.33926	1274.166393	13392.55167	10660.63833	1790.031874	485.9631926	5025.533215	5327.077941	11168.20201	5640.097949	5174.161907	3260.237397	1693.869864	3808.70883	13178.16741	9274.047467	5026.512607	8958.287257	7210.617224	7283.015338	4536.075901	9468.888754	5163.813637	1589.163527	7668.532009	5463.892368	1445.974285	11349.45908	6145.821982	11453.44313	9950.349074	17382.48483	10562.03522	13045.16931	19081.95528	1698.775037	11969.68955	6148.367683	5951.557292	12961.46297	1072.174661	6245.773886	8221.120875	5426.206756	630.0091456	9597.511954	15664.29744	9819.550768
lysoPC 14:0; [M+H]+@1.07	24937.11447	58370.3538	67281.25415	32608.13814	52821.20691	28827.09252	19900.18157	23455.26173	20854.17881	20600.88353	46761.21416	23091.98092	72008.20694	63924.88589	58517.44481	25150.96425	33781.78545	32824.12598	53252.62042	32056.9306	39576.17432	34840.64863	38314.42622	83503.77437	25138.15815	15862.18242	36513.82128	44309.31103	73771.49684	19446.26978	40498.65456	110288.9467	25718.27142	17330.92916	62868.48379	56534.37999	43069.93925	30332.09291	71797.85275	45086.62816	21858.71693	90971.98712	26588.87581	17733.41917	39631.89926	41999.11835	22310.59555	14734.35901	25615.69305	29667.479	58375.11323	88770.34096	57544.64653	71408.69528	50719.63231	71682.33782	35754.59678	143616.3834	51893.67206	17828.9271	26344.80215	37676.40099	41855.13126	53132.98514	81921.94086	30497.50918	27638.58725	26486.853	49870.3493	31852.09645	43687.87098	38580.23698	25740.57542	21713.87809	93136.44067	51147.47502	24279.04838	46310.23036	38829.715	34785.12958	29185.07368	32146.25071	39357.41309	21715.04005	38002.98711	51470.00836	48222.68075	22940.33008	30945.3513	70175.27669	28004.27339	60484.17635	42049.79956	80799.21441	32249.6056	13634.70519	45630.42068	33702.649	49139.8888	40460.57282
lysoPC 15:0; [M+H]+@1.26	20008.24136	27740.0582	77103.21777	44101.27304	52022.96609	41167.35384	29982.03497	28968.3924	29321.15766	23279.53433	32622.98724	27198.04791	52586.49475	57805.72633	49890.35021	32121.04906	27589.61595	31628.94211	58002.74302	40582.23657	30693.87151	42254.61988	37272.04153	58221.45895	31674.3681	23942.18337	34085.95293	54485.4255	50538.91949	22361.63952	28094.13406	75584.85163	23226.31342	22658.11128	31122.05542	43991.49766	44904.66176	25093.32959	33888.21988	38397.98157	31898.35346	84862.10302	26246.153	17247.43953	47668.88938	48883.75424	17848.64085	16906.70005	32439.18805	37699.42162	77349.82011	93015.06618	59958.37504	79463.8439	53182.58079	55181.24891	45376.8322	78826.31657	50493.96742	25271.9243	25404.91714	50121.66758	31083.61804	45503.48951	82431.86759	39480.02866	26995.29233	30535.3645	37997.04371	40016.14776	71051.02875	32986.47464	35292.58409	42123.75024	64366.8754	44837.45069	30567.55529	36724.94449	33758.81921	26826.51319	32376.10944	29114.17075	37444.87792	23738.53289	48168.05036	35414.45635	41621.49505	35612.71469	39577.21847	52902.18686	29372.98045	66730.08724	58653.93665	70918.66443	47471.82105	24772.36147	49332.54841	38592.45121	39881.11842	32119.08742
lysoPC 15:0; [M+Na]+@1.33	3749.792454	5999.448961	7649.025392	7183.196011	5012.962558	6437.294178	5766.248501	10520.14612	8777.912749	3174.692208	8745.920967	8466.213728	11284.96254	5398.336379	16552.88806	5241.444863	2529.774133	4191.29585	6736.020412	6439.24267	6847.8969	7600.476554	6041.635085	6188.90858	5523.059317	2901.493985	7897.904159	5673.598861	5219.603213	4244.868553	6857.298006	11860.48135	9393.118028	2547.397395	5231.227395	10257.63263	7760.176061	5438.641082	4392.710296	7504.489636	5258.678031	8558.755279	84.64687355	8600.770992	9246.158809	11494.21747	6799.440905	3673.097089	4367.347971	10452.75019	7683.071113	6793.136823	4401.432963	7285.274498	8470.053004	15196.85786	12381.96436	16476.68231	7875.908418	3345.481352	8130.191135	4775.685247	4455.320696	8876.305785	7003.264557	9574.692378	7731.454048	3650.431348	8674.286482	12416.49776	11204.38024	6125.377504	7825.223767	10549.86876	9261.530899	5202.049579	4578.239761	7747.192396	9617.476955	8368.650574	9229.520638	5560.978067	13572.29056	4342.305823	10015.19173	20128.50181	7204.920596	9327.267599	7507.341751	3875.777613	7411.785356	7296.577098	6027.412207	12730.02889		3904.566098	4238.972863	9156.78578	6337.111196	5807.283346
lysoPC 16:0; [M+H]+@1.59	3361359.774	6858730.579	11252282.99	5137142.37	7962345.927	6209789.152	6458558.351	6622430.505	5849008.803	4529402.921	6333301.989	4810095.234	7480573.475	7983541.84	7514047.037	4914174.692	5376915.419	5003292.789	9176062.229	8821012.053	6035310.193	8065576.318	7120585.204	11064646.13	4036432.734	2568206.163	6685095.981	8214748.253	8657230.328	4163850.11	6151777.87	18686444.92	6162030.869	2774877.07	8111395.156	11582303.06	7156077.352	6367490.761	5984290.158	5819651.826	5138548.084	14934607.34	4822172.91	5231971.229	8504111.2	6642503.196	4471591.675	4764202.962	5318612.17	6683571.739	11610264.86	15734543.09	10376849.91	12783537.68	8213433.825	11045638.57	6777725.681	11625547.6	8600728.338	4210911.35	4408541.579	6878272.974	6220226.294	8009635.921	11508690.88	6619895.001	6619156.091	7946606.817	9031245.45	5957432.022	13555249.56	8656147.987	4587543.798	7345498.443	11829855.48	9526398.971	6843845.062	6426759.338	7532159.8	5083327.613	6388142.465	7070295.042	11767586.49	6037542.549	10584541.55	10511022.75	9329449.338	7088793.582	6813891.799	7435111.734	6633580.799	7709467.242	7810997.859	11852449.2	9819906.08	5970731.107	7163409.31	8350149.636	13198749.09	9227766.473
lysoPC 16:0; [M+Na]+@1.98	7306.502844	13463.21699	40865.80351	7928.916516	14155.55332	13063.75976	10657.36326	11567.90913	17332.70349	8156.469144	16008.78296	6965.92606	25041.31757	16709.53807	9996.920268	13376.13391	5976.748438	17352.7918	20391.24493	12428.80439	12192.34088	12716.83358	15961.38753	23825.19915	7542.759381	3520.248079	10750.2835	16948.80385	16232.69693	6941.762779	9821.717906	44540.59761	14435.34869	3913.227868	32286.1054	7533.521946	12367.94113	21422.39071	17715.56406	23456.30464	31538.26024	41083.73642	13409.02318	5103.597583	23611.57996	16454.40266	11753.70118	15788.21027	11313.0527	21154.80485	32867.08038	50667.20136	28702.85748	33393.88554	11368.48859	26161.2736	11342.33033	19400.58279	16787.40664	6663.981826	8458.687877	11823.02693	8276.959527	13814.57133	47447.58956	12955.60555	16599.84599	16841.33431	24028.12279	10558.48263	37070.78217	20686.06867	13232.82693	18959.38582	13986.11779	16933.94212	14195.10863	10917.25887	19560.65993	12814.14258	9804.290844	17801.65068	35687.05731	11101.67037	17556.46679	14295.41988	11240.62363	9126.68047	10998.60667	10804.78672	13245.32047	9883.748112	17301.54186	12345.07533	22966.64625	14129.62646	14132.52339	14219.76811	25863.0006	20371.65166
lysoPC 16:1; [M+H]+@1.21	46340.54363	94260.28859	212330.8161	125448.5297	164248.382	90327.98849	114376.9853	145684.1993	74384.32565	64660.34973	129163.6986	90613.88859	137307.9165	114318.1907	198341.5313	126730.8074	88504.52904	96435.63786	191514.8219	107689.3351	115522.8727	127179.3654	135158.3837	225763.1663	85820.12753	51099.06854	96790.78915	146192.1594	231439.4709	76718.43122	142539.5328	238423.4448	113138.9191	55707.08895	224079.1772	185808.7365	111995.4877	83515.96866	116391.8396	115097.0537	103669.0276	269471.3492	84752.91731	84230.83689	185304.9326	133573.5838	62093.56977	70327.90485	88464.23759	131694.4418	260920.6009	369793.5622	188596.3277	252536.8352	177187.0408	341107.3947	96374.06718	329472.7803	261709.6841	95596.75862	85528.3809	168546.9878	139649.1014	185052.0249	267575.7619	110492.5477	102716.6121	137402.9771	176841.548	138628.412	249949.1128	186433.5019	53623.77495	172942.3087	377793.3169	174673.2208	152830.7328	146863.9984	149568.5155	137139.9367	128152.6476	129714.3192	139106.2676	206177.9831	127464.2806	222936.862	142933.5705	100090.4686	160550.9545	162485.7355	122014.9967	192808.0617	195127.1039	216772.7824	165203.2922	111816.2433	156116.0816	128564.9014	207408.5515	93355.52898
lysoPC 16:1; [M+Na]+@1.17	3368.744599	11962.06044	15808.04583	10345.66349	9665.09462	7177.778753	7748.203877	9437.283499	5829.324087	4066.331832	10214.18168	10807.6876	7735.260884	7991.510465	11348.26356	12606.89968	6050.574007	12048.85224	12936.806	7939.624729	8684.203574	8372.219486	10837.56726	14755.07937	6520.015445	3760.385422	8529.703716	11844.67227	16391.16931	5461.480324	9878.775747	22977.67446	10038.90835	3834.316396	16752.01172	10042.84679	7292.78512	5060.467564	9194.225548	11455.53646	8032.052237	19209.65492	6018.113136	7828.18619	8867.273626	9961.018744	4380.4571	5670.227046	10853.76636	11258.10635	19028.04355	21946.87173	17218.16554	21708.45236	11477.49501	26476.71251	6452.022995	25007.02208	20341.0232	7337.497925	3912.993815	16002.17789	15449.01211	13154.01117	18098.02439	8008.576384	5180.473784	9207.504726	12756.51151	8416.688531	11393.09443	8667.524579	4192.070704	13869.22502	25627.11225	11102.34393	8841.541906	8986.684608	8766.001255	7237.312475	6628.70175	12392.22452	11193.92384	12802.22387	7588.364894	19816.21278	11013.91144	8408.891868	11107.59659	12326.79554	8805.244455	16032.88399	12179.59449	13525.2163	15042.47552	8060.787627	14383.9904	7168.439673	15829.98207	7450.114191
lysoPC 17:1; [M+H]+@1.49	12226.08206	13604.50429	36017.1459	17566.22318	20253.08063	9300.319784	13134.13204	16251.85149	10604.63982	9193.15985	18712.09191	12856.14056	18428.45539	20304.52752	22514.39018	14351.51565	12994.0541	12528.89591	22842.81108	22322.92169	22230.24005	20682.76023	12965.52531	39580.94457	10025.34655	10686.54056	9407.408517	10287.05165	32964.31857	12208.58012	13327.98049	23259.06574	18348.13855	10251.68875	29547.51564	23737.67496	11901.67145	9363.931836	17334.90168	17006.31316	15296.48463	31689.61904	12090.67248	9205.576936	18506.59083	25501.99198	6913.687287	8784.003264	14728.58192	18524.11782	37023.12939	43187.8075	39579.5125	36004.49182	25808.24624	30475.71862	16662.07351	30774.06811	36121.29507	17885.64217	8386.028618	17223.95768	20017.45358	24953.23283	40123.70941	18551.02957	14827.23416	20125.47671	24815.6158	23294.27552	28365.49657	18313.52471	13031.10344	22773.7324	36076.5007	17148.73847	16527.28538	15268.58247	27089.14755	16792.20632	17694.15595	20790.18774	19890.32169	24209.31691	27209.65633	22979.87679	22075.13849	17631.46031	28343.85855	13269.69805	14439.99908	37912.27624	21906.73899	37725.62766	28891.12837	14095.8733	16754.78366	21261.42642	31361.48726	13358.43877
lysoPC 18:0; [M+H]+@2.34	1941420.85	4119732.661	6365536.796	2394874.319	4057847.076	3138156.273	3380950.743	3059308.771	3250043.529	2306149.394	3369266.191	2575604.26	4196173.638	3162026.128	4102846.427	2686381.23	2347413.681	2254880.547	4084179.005	3529560.324	2928931.961	3481833.272	3147138.972	4990884.523	2175074.883	1118750.223	2716649.299	4501837.118	5067517.902	2190645.036	3626535.012	11330302.68	2531977.159	1577649.147	3286682.371	4975657.539	3163591.264	2491939.175	2983497.181	3751011.323	3077494.175	7882584.491	2091572.658	3096292.389	4221670.924	3513752.843	2179034.8	1889240.626	2331698.505	3903111.8	5112600.754	10344829.39	5486695.644	7778483.07	4401245.141	6416789.697	2474899.321	5954021.987	4210834.722	1875381.612	1864506.2	2964400.147	3853078.873	3893885.193	6744839.108	3605869.478	3860391.983	4207226.835	4577886.154	3804280.012	8962924.162	5477871.591	3468036.897	4628106.304	6186973.146	3066446.895	3920431.364	3057203.27	5293698.223	2992666.237	4134547.043	4130504.313	7013084.815	3209578.453	5980233.457	4703755.521	4078138.867	2529834.71	3599377.069	3475108.24	3626367.163	3785952.077	3914647.521	4966906.76	5771185.662	3182561.016	3332832.716	4314315.334	9844595.45	6724000.935
lysoPC 18:0; [M+Na]+@2.17	3040.992361	7724.926924	22131.90027	6320.389716	9843.518238	7073.720432	9811.999246	10199.69188	9577.514024	7058.668076	7130.621353	5119.518901	15824.56307	7398.69341	10964.72798	7772.864897	4625.91145	8242.257784	12513.16974	8012.432411	2828.001758	8392.871607	8538.729637	15147.66515	2919.356746	2048.198109	5076.693906	9722.191244	9267.120863	6189.204521	10482.2646	35065.40176	7126.544576	3177.053811	21929.68137	9379.89928	6173.282453	10480.52491	4494.74016	9229.752686	22288.14409	26911.64929	13256.59527	4853.76103	11929.93587	15698.57566	3045.034113	16756.82446	12589.02851	16848.44332	49924.14138	77431.66587	23647.21361	24661.75333	14873.40883	27434.41257	14683.1528	26287.94465	17554.2124	9710.225261	9528.361145	11734.09091	8624.38602	19843.03279	51883.41519	19046.6398	10287.71815	15171.20565	27771.0614	13835.15407	57995.22691	16247.94836	12250.33311	16238.27248	28596.14433	13966.00343	17322.59775	11058.78541	25779.90807	16069.25398	12716.54699	13092.7598	32514.53339	17562.35988	27318.96806	18666.83652	14891.88503	12606.59764	9229.594668	10867.94368	18910.26501	10645.8546	22542.90435	23685.15707	32440.25849	26203.39584	16722.62429	12024.4711	22820.37792	15188.45469
lysoPC 18:1; [M+H]+@1.74	820619.2291	1818243.403	3040833.911	1553823.26	1670687.621	1294985.276	1404848.968	1874476.368	1514165.681	972273.2653	1431542.337	983478.4744	2599182.104	2064649.598	2412224.03	1635461.72	1106958.505	1043775.16	2553387.282	1548811.008	1597873.512	1759356.293	1644532.055	2794144.146	957684.1259	623601.7872	1192048.501	1623902.438	2268534.911	749223.3272	1663655.594	3765086.543	1578449.793	881406.1092	2886161.302	2898117.075	1473020.105	1220359.48	1626512.456	1438737.813	1616667.804	2828344.798	837083.7683	1595158.061	2576418.958	1938618.973	971982.9276	1109582.278	1976495.312	2227673.005	3983421.535	4871984.376	2070701.695	3569001.06	2145169.177	4549003.591	1605259.044	3118031.39	3759435.693	1182965.807	1339455.568	1815600.733	2302889.503	2403689.621	3799183.61	2067947.079	2134387.963	2868974.863	3262343.793	2916919.466	5248277.246	3102143.917	1306360.068	3825988.194	4086765.537	1654010.304	2681985.173	2369341.671	2087670.136	1712883.77	3096557.844	1898514.608	2482291.401	1848198.287	2594587.934	1903190.285	2212645.56	1234304.727	2120042.042	1807535.577	1779800.361	2385111.49	2291208.042	3660841.302	3444849.694	1798743.652	2003923.56	1793161.841	3667787.986	2119388.07
lysoPC 18:2; [M+H]+@1.33	1255450.921	2906806.291	4077934.541	2500121.017	2911543.159	2686968.058	1255050.487	1507938.379	3108795.587	1310795.753	2091702.27	1157159.39	4238199.643	2920781.938	2439144.072	1723357.763	1503596.574	1587453.676	3627340.874	3182071.415	2967457.993	2501785.225	2248525.438	4050254.747	1540284.863	1146634.748	1549356.673	2580407.991	2372349.785	1118501.28	2373463.427	2934657.937	2698994.76	2034617.192	3179702.083	4733838.468	1875474.476	1890203.432	2123482.994	1852579.533	2774592.717	1941666.875	694719.9353	3278799.978	2832742.222	3430421.561	1679335.145	1476132.225	2363896.656	3570783.422	3601377.046	4005812.118	1706852.082	4043568.05	3528229.265	3931718.057	1877570.74	3794346.785	4371484.943	1024634.979	2627308.389	2072956.908	2828770.615	2295036.219	5177238.15	2546685.05	4124599.911	4354217.307	5390522.907	5442476.979	4357582.997	2935282.78	3292018.171	6975870.129	3773032.288	1627273.066	3730759.93	4455952.674	1900813.735	2541737.148	3617842.651	2239474.109	3178443.158	1368959.423	2182047.049	2029023.465	2608943.894	1863590.812	2829295.132	1558537.201	2402611.161	2091639.879	2660765.013	5414092.733	4046133.595	1610370.347	2127254.674	2048411.689	4157757.335	2122472.976
lysoPC 18:2; [M+Na]+@1.17	92819.93615	234913.4554	302495.8545	183739.5924	172751.8919	180802.852	83773.80337	109095.7573	237882.8849	99497.06085	132767.1003	85946.29213	297042.9299	180714.7312	155483.0504	133650.8349	99543.99731	107408.2713	244132.5883	208252.9656	236882.4852	188454.0067	147560.6277	251606.8478	117633.0323	82128.26126	104457.2646	193850.4777	155097.904	75132.34605	157373.1346	205333.3172	186193.6482	151270.7654	219375.6336	276973.4479	137190.9127	143616.9901	160270.0033	127990.4628	221485.3013	157862.3755	46203.7336	208012.3108	186492.3627	229194.7909	118876.5528	102207.7672	186789.8231	260154.9077	198158.1981	211560.0909	130364.467	215661.1842	253475.5938	261894.1852	142510.3015	205985.9331	299666.1505	60316.0165	142696.914	140785.9897	161684.2212	135596.0932	269764.3331	155594.4724	227425.6009	260614.1091	252093.8226	284035.1454	257293.6908	179619.1456	215778.7364	324749.261	200847.2816	117815.0291	276654.2171	253838.1731	99455.55234	151205.3349	184881.5466	135918.5134	184191.422	88584.00051	136741.2852	129257.51	145164.7871	115981.3822	157362.2946	111290.2524	146867.492	120793.5925	167767.2047	310388.0174	242132.0994	94106.69111	128304.1075	116323.1205	233026.7199	124389.9003
lysoPC 18:3; [M+H]+@1.09	16647.15708	42237.6092	35276.25011	26301.22106	38893.47804	36328.0891	12866.84112	20306.47488	26175.1396	13967.83257	34463.17624	14081.26918	51291.71466	22131.50263	41036.34452	22770.54965	19632.9842	24159.52729	49070.57087	37426.76018	32856.37589	23596.9904	23234.4158	42102.55055	15358.76027	10724.54704	19981.75649	32144.64836	60042.50144	15558.50074	30963.54583	58895.868	29475.45492	20406.60987	73430.42565	52628.5352	38269.03567	25620.28484	26200.89506	32436.64865	23853.55126	37274.71401	11097.24641	37729.29304	30730.84975	43214.1547	21424.5214	9638.850915	30345.36173	32366.33267	36815.22552	55236.59079	39271.72922	90946.99141	50606.49361	81719.83212	25261.11217	56114.11747	53851.86456	18551.74831	9743.887542	18184.1669	22907.43954	35978.73016	60127.95621	32708.60445	41395.11715	63546.34446	60375.95106	45866.60296	67221.71074	35033.75678	35047.69568	26038.80376	53404.59902	20561.52582	30768.24221	56088.94618	28731.43914	31989.61443	31371.15561	24344.62403	108313.3067	29839.13093	26592.12009	40538.50683	24252.10752	10254.81484	26791.08379	24083.61173	33489.34539	20635.69647	21472.99439	63000.69811	31782.87743	11929.5504	17369.27042	25712.61538	58465.72371	23496.66321
lysoPC 19:0; [M+H]+@2.86	15299.07338	20282.47073	32373.47658	17732.3919	22184.76339	19085.49758	17593.28617	17159.0887	15570.61568	13007.80388	15022.67685	13523.96117	30283.05445	21438.44265	21473.90225	16322.79735	14649.30538	17451.55472	22646.54069	20738.65848	16397.43222	22559.03531	16931.14503	30467.28485	17840.72768	20564.07304	15373.5442	19349.24305	26302.62076	14327.05529	15204.39436	36817.28881	17041.67617	13876.55898	12263.9922	27697.01285	18335.99984	12680.6845	16204.70319	21006.39515	19117.56348	20468.47604	12976.91926	18094.28812	22604.10778	19186.52104	15565.79319	17088.22723	15900.45125	15752.81156	33247.11249	38894.60656	29530.55554	28845.56785	23094.78048	26207.85548	16192.73773	28624.42653	20720.56749	17488.66916	14969.74057	15269.72165	18743.33349	26779.34114	34383.63401	26710.9559	18469.3813	18093.11219	21544.34049	18484.35575	38300.81573	26178.62373	23579.13292	21732.96738	30042.27406	17836.7424	28933.36702	22601.21946	22171.7341	17583.48497	26822.2353	20217.07564	26145.36437	18394.86271	29990.02691	27738.04838	20239.80713	17543.66791	21647.97067	18736.97156	22229.97632	22910.80783	29377.58703	22160.56975	26716.1115	22007.81388	20232.29581	24087.08496	37438.03187	25138.99858
lysoPC 20:0; [M+H]+@3.35	11077.48564	20457.1847	22051.43602	10633.63716	13287.8185	10837.40853	10329.64254	12138.1114	12431.62743	7125.51947	9443.671933	4167.330915	20001.88144	19121.2069	20090.24604	10398.86382	8793.927317	10793.72006	19912.32495	19475.45765	10092.43881	12469.00066	13047.36751	30333.14248	10185.45434	5201.019751	10871.21948	18052.19993	17392.19005	5644.081087	12476.04588	33931.62767	13413.95686	12557.88614	19349.89908	14859.56665	14557.15506	11309.36007	12718.14934	15644.586	15148.5676	15126.16514	6902.792092	20386.4495	11494.85847	12167.05032	9667.783826	6549.339476	8468.935493	20034.91594	25335.61408	32643.27635	23235.28917	28096.39014	14956.30442	47262.86424	8991.940789	21425.63382	17219.19575	7512.011159	13097.49519	13211.28083	24061.34564	19414.37535	19751.76837	15323.35037	17904.77287	14517.97916	22244.07459	16553.94666	36995.41348	22599.43872	28869.2631	22257.71099	24977.11902	14362.46706	21803.374	14209.32256	16551.6879	12419.00217	61271.3708	12253.32234	23490.13094	9267.610022	33032.37091	14864.70422	13947.07988	10741.7084	8950.907048	8997.524509	14438.41101	13592.98237	15797.13169	18058.05944	17859.55101	10919.07841	14076.34914	15175.90637	27032.02236	26258.17211
lysoPC 20:1; [M+H]+@2.60	19550.27564	32302.8528	38957.30324	15328.0282	24598.15969	20800.2421	24811.74501	31883.10411	23610.80703	12194.1345	16515.85442	12448.35214	58495.43948	44232.34934	33220.31896	29490.14827	17441.20286	16227.51151	31691.31881	24574.01463	18022.10166	19020.1308	25333.96455	61317.95332	13056.19206	11640.01538	21395.46376	34671.45428	36669.83749	15214.54174	20055.75955	53511.79538	17537.55002	16685.67713	42965.11875	37857.358	20860.73453	13039.04051	20538.97383	29262.63292	30675.32282	30205.07413	13931.1873	33718.53996	28084.3492	29643.02323	20272.35971	16208.83817	20752.37559	40498.27215	73037.36562	83868.51404	50164.06401	47581.13886	23653.59974	74542.76763	24744.81452	49248.22114	42492.5623	19748.44717	30128.70807	24561.17671	34479.07061	32511.70526	36271.29992	41629.84117	28227.15407	26895.97158	56696.01173	37967.47622	85502.16811	46402.85336	36691.03982	57841.28511	53346.74757	28950.03997	46075.56512	34529.59784	26003.59978	24852.80675	67162.18993	31818.56061	44878.26549	27452.85168	58924.41049	36274.10624	31541.08309	25269.2321	23989.0114	19203.33892	24256.21005	34061.5373	37088.09923	34392.88917	51466.78596	36678.924	21254.44675	26508.53851	45006.32006	27312.11451
lysoPC 20:1; [M+Na]+@1.97	4552.534565	13773.06719	25852.63396	13294.32118	20882.30837	21493.28793	10951.09054	18923.32009	11814.16391	3699.804223	13564.93982	10265.5681	15145.13702	8027.182448	14080.22557	9598.098971	9891.24952	7754.119394	22332.8009	8314.986665	9832.709273	13826.45898	11048.44273	16972.02749	7604.215355	5258.124792	13511.46569	10718.75997	21985.66218	5522.146565	13430.13135	19358.96497	16686.34293	9958.215888	39809.44489	21863.36273	16388.02034	12998.60454	19555.67693	23658.50753	11089.37303	28366.4541	4572.59879	5152.7265	14792.90989	11847.01664	9196.752298	7059.414308	12863.99855	19772.02416	28771.63952	34476.77474	18739.75842	18991.7357	16324.6409	30217.21666	10065.47517	16985.80144	17126.33541	17724.45348	8892.471564	21996.0178	13257.61159	19468.94822	18903.35189	10289.8155	26686.74315	17744.61535	26151.39717	22445.92274	22194.83984	19391.83551	6781.261653	30199.76708	20886.34782	16796.8879	17286.28893	13011.07579	16219.75946	16303.55669	6236.232984	17908.10052	20491.5807	8516.549649	38380.19737	31972.1584	28036.31171	11702.87606	11729.51394	9117.91863	10451.82714	20785.14434	10758.82307	23839.60959	22650.8973	15528.84422	18698.30794	12087.88111	25143.10338	21377.3701
lysoPC 20:2; [M+H]+@2.03	17430.16066	36536.74295	48277.77008	21596.5288	34499.79518	29965.26482	25791.67086	25678.49283	26256.14133	13239.74973	26015.38231	11153.64595	50338.27883	48552.61699	36303.59852	28858.7275	15754.9281	23490.18317	34062.87465	25697.95123	27881.24447	22562.41883	26577.51143	52477.42034	15028.71001	15746.62651	21541.12474	30900.43058	31038.60607	13725.82271	28372.95023	44210.76382	28136.48745	19359.71651	34551.12737	38338.93786	22376.12761	21931.86029	27589.37868	18235.46687	29674.59662	40466.17193	10535.94003	37197.63913	46469.33439	47289.55353	26188.26959	15965.28218	22104.25357	38618.80645	65469.5253	87937.00685	20564.47721	62538.45568	38295.69244	76402.23844	25688.77612	49293.5714	41137.25009	15434.24736	36242.16854	19691.83833	20385.05492	37242.42348	45980.11685	31727.14383	24061.59841	25539.8211	59600.75609	43257.82201	80996.72613	38105.08843	31645.88614	70097.08461	59078.31854	23239.73649	48072.04236	40956.28081	33550.9307	32405.02588	32292.78778	27884.35715	53387.23801	25217.12988	46473.85267	53747.64164	26599.7077	24876.09107	27143.69645	30956.57541	26953.87654	26184.82336	43227.48069	37715.44923	63028.34319	21719.1385	25978.28514	29584.89656	62668.30984	58113.03022
lysoPC 20:3; [M+H]+@1.58	48786.30993	186352.781	279141.1235	146521.6644	137256.1323	136480.5983	95924.60259	176578.3724	90993.71219	55469.3536	124394.5055	124112.8376	183884.7289	143197.7762	203289.3053	132906.987	108482.3873	106021.039	234205.8126	105356.0926	122914.3361	153141.4577	228913.3168	231873.6487	77802.15683	51684.11765	146117.6191	132816.0879	181301.7738	71670.37747	173072.3667	248705.6642	163949.5727	88036.48746	234798.673	253334.1066	155474.7707	164422.3685	150292.3797	130829.0841	99886.3138	300328.1211	53798.80322	104983.2705	186656.0109	202848.7621	92908.882	47784.94256	163098.4517	191393.3333	237110.0519	332954.8942	147815.1128	158859.3163	172561.4643	313858.0513	165864.6841	165415.3923	272390.6621	84934.33145	116131.3001	119155.3256	127049.4021	189689.1582	243597.1041	126843.6672	164671.6109	78201.49019	263262.3344	259588.2362	183820.5919	193371.9172	94513.69043	234953.206	216743.0764	144953.2881	115802.0156	184017.9204	126314.6322	159083.4148	107088.9885	191188.9928	192852.997	73741.9424	196675.525	222169.8172	173172.7849	86158.38707	183755.3753	113287.8073	160442.564	192754.7973	177817.5506	188148.9617	195150.5514	109160.9678	105327.8338	124737.9425	201612.6527	182400.3441
lysoPC 20:4; [M+H]+@1.32	157892.2853	346930.7292	786960.9348	519548.0221	529294.9756	542472.6903	534538.7675	669033.3645	478799.3055	361521.4476	368238.7993	445711.5499	553714.232	442500.918	418553.0102	369013.4403	642890.3549	525493.6728	750758.4785	604747.2759	325518.9875	361645.9114	573204.0116	601895.335	285422.1298	192293.8104	451751.2228	699593.4508	780222.7707	297095.0232	355090.9102	800968.6411	376058.9649	233737.8622	604760.2551	753672.3691	669176.3383	480641.7822	919947.2855	935922.594	361231.6625	710064.5334	116277.7254	252460.4376	638903.6544	572768.1088	404250.557	183416.6398	718574.4759	641527.1851	1086711.176	1373424.187	1241802.709	919732.2165	590364.5764	1034248.54	427024.8612	313195.6756	719416.2191	376000.6239	235110.0156	548792.6854	690132.7065	493629.2241	844103.1597	452130.3235	695144.5833	603787.7691	587137.7184	612279.2396	803677.4892	568635.133	233178.3148	496736.9549	579468.8909	493817.8904	637868.5464	565054.4782	447341.6574	420415.3216	332424.5719	838757.2686	819133.2325	270387.6268	965489.3245	531755.7957	1003691.117	326870.7996	777977.7288	413088.3732	576303.2287	578226.6533	338116.2148	542639.7634	650372.8452	468287.8579	291738.3073	641908.4578	940364.4039	718508.585
lysoPC 20:5; [M+H]+@1.04	70327.50641	182164.5434	227866.0753	150532.4029	137190.3212	152494.9224	68200.019	83652.12588	208538.9173	93867.2108	113412.4232	65474.21251	243143.9922	149947.08	167036.7224	111887.5542	87965.58051	86597.60391	202107.2302	179465.858	184557.6061	153673.6714	126279.7383	158954.3866	79472.61188	69408.96857	96679.84894	153667.9272	124514.2165	64594.82119	114156.9206	163479.5187	149843.7049	119287.8295	184563.9088	226509.7217	112527.7522	116867.3458	133418.4212	101264.4888	169972.3872	115395.0202	36455.79884	167363.9738	168728.5868	201035.1485	94034.81927	98142.85449	152448.1667	210294.107	178063.9739	189287.6187	111569.354	172667.9072	212811.3881	199452.5091	121632.7409	157875.1945	253911.4355	44278.48617	108106.8437	126486.9692	127114.3064	107446.2268	220385.1727	130996.5994	196092.4544	221513.5482	199002.1517	214527.7865	210700.7285	139140.1623	188659.0844	267189.0203	165776.357	93632.55069	188992.881	191356.4644	82712.54831	123854.447	169257.9308	106907.5679	166081.7227	77003.86815	111758.6792	95152.26253	136750.8912	90750.39488	120476.63	79943.19261	119324.1174	96760.79954	119638.8426	254900.9144	190972.0611	85926.72108	109043.0807	100374.8192	199352.0216	101392.4589
lysoPC 22:0; [M+H]+@4.31	4450.276637	9024.72833	3426.954868	3396.508078	3305.137008	1585.966841	2979.508203	3407.660673	6727.050629	1749.116133	3213.373355	1050.743591	5904.707213	5501.351268	4959.794245	2491.310524	2095.822505	3133.482045	4538.141687	6060.780995	5449.162362	3683.608706	3090.047957	8389.422154	2636.148091	1098.75122	2870.866484	3377.794552	3136.159919	1192.650141	3450.084681	4518.677133	4147.058312	4257.861397	3423.747604	5952.592448	4846.470711	3964.394451	4199.049409	6264.322585	5433.808684	2424.786626	1585.341841	5505.779443	3728.179848	5138.560121	3612.469811	2428.274912	2918.777706	4415.998954	9598.509172	7856.341966	5443.716175	8800.964518	3464.775447	14546.41808	1976.698097	6771.707875	2509.966403	2111.206862	4244.189093	3765.406872	12719.60943	5450.259838	5106.373475	3012.945648	8083.295323	5199.657081	6424.533879	4874.170698	10614.4017	7294.643044	4246.049724	5949.316311	7582.067551	3397.531866	7406.784402	4882.731248	5135.631952	4077.555333	29184.79787	5208.295384	5603.311774	2014.082312	9859.402972	3076.353391	6125.726667	3825.982357	1804.549918	3466.735374	4015.78995	4972.573981	5862.865554	3828.548525	6065.789591	3429.512125	3899.836975	4112.729972	8571.134544	6412.072476
lysoPC 22:1; [M+H]+@3.47	1304.138873	2347.184821	3258.519097	1684.741619	1686.703246	1644.987873	2053.140612	2307.425442	1582.906333	651.0104818	2001.218274	769.4673499	9330.407484	3155.180924	2879.51187	2722.634511	2286.24357	2833.646888	2374.438204	4524.72258	1593.398256	2339.848604	1565.077163	7766.511876	1711.424233	671.6449608	1648.472431	3003.834324	2875.619248	1790.164349	1525.973774	3155.170943	2589.408911	2365.218256	4180.094299	4139.884131	2476.036981	1393.716154	1652.799818	2095.665024	1538.113314	2008.599689	1473.897064	2641.306177	1258.895986	2114.474729	923.463769	799.3759153	2252.962207	2769.852552	7550.142424	5894.463346	4119.177588	4812.508244	2503.317731	4425.391409	1029.687321	2584.992389	3993.441835	1210.914176	2118.097337	2071.921403	3538.507108	2856.224644	3584.912244	2588.541895	3695.693151	2182.132936	5190.323772	3099.40323	6185.365676	3108.045668	4021.690773	3264.54568	4574.280512	2658.655125	6338.501973	3380.764749	3718.269028	1692.748971	5717.644414	5271.559623	2355.651064	3153.605118	3251.90382	4068.565875	1777.6524	2159.579665	1828.299593	2102.879466	2093.529234	3234.763797	2713.97897	2370.656871	3195.05887	3626.337083	3845.542383	3216.776194	3055.371128	2035.948107
lysoPC 22:4; [M+H]+@1.85	4662.086914	11442.11939	30785.35466	9041.947976	16868.19935	23550.355	13114.76225	17609.54039	11784.28342	3599.712072	12059.73918	15056.78561	12438.74521	5369.277827	12766.66784	5270.241125	8775.404719	8000.176749	18237.62778	9264.373115	10892.7378	10111.1536	13993.1101	12681.6191	5321.4358	4224.794011	9263.146774	5383.017594	15790.33109	6036.274312	10145.66084	21979.33565	17881.97637	8945.965207	29875.3275	21805.20747	17278.83879	15533.96332	19245.64039	20972.18198	10423.95837	24808.00668	3114.89252	5419.940857	10762.62001	9762.971703	8689.246117	6070.44348	13187.4416	14745.7901	33580.02697	30079.21396	18903.16603	19320.26307	14331.3729	29919.69876	7962.825688	14582.69388	18470.98548	12406.89221	8151.717318	16163.32167	14203.01562	20513.58148	18818.87277	8236.420866	21662.67152	18251.25207	23070.95305	14566.42535	20342.88435	18679.76847	8288.702636	30498.29409	28912.5827	12916.52557	19955.59063	12953.0561	12420.90172	12752.034	6263.029822	14279.22597	21357.27612	8209.331165	31702.95858	24231.22207	26294.76848	9131.849557	13551.63022	9399.138823	10885.43906	17847.66404	13271.25791	19805.84438	17355.43283	14763.91592	12811.01473	10924.1862	28115.09514	16572.25644
lysoPC 22:5; [M+H]+@1.47	18010.3704	32765.56065	55080.21995	27735.73452	32800.21724	44000.8724	34958.44912	49268.66643	25928.14624	17634.52964	19097.26396	34075.40805	43118.18334	27698.34802	34703.40721	24796.40884	22749.43904	16227.50811	46772.93292	37332.86621	32604.80449	38754.1724	45956.55814	57918.39737	17080.58092	12502.58055	51714.53982	39916.60751	38642.3238	19589.84834	26851.73872	52892.17285	49373.91598	21015.82163	45401.58969	65260.10736	50974.67615	41039.54179	32913.52845	42549.39412	29628.99314	74346.21024	13730.89855	28206.14653	39759.7769	31738.87407	21746.01151	22933.26757	52002.60719	57856.8462	100304.1354	58231.31389	61951.40805	54906.13093	54589.94199	67757.37964	22284.63803	31748.30832	37275.30361	30302.63343	13398.12441	38645.06906	34338.85932	45493.81754	61578.72176	43177.6026	43270.00049	51398.6983	54746.40959	58043.50999	78630.31542	53419.35709	40684.64006	66503.91943	41498.69209	29645.90681	40820.88149	45530.45346	35286.68788	28968.81731	49790.64346	41239.33424	67121.59587	23050.74974	57097.90462	56912.07555	73398.69558	12402.62777	42257.33642	22334.45109	30113.6379	37108.97669	35523.51124	52994.06895	60023.05603	26469.06279	10982.42561	30951.8346	67826.45681	50602.07879
lysoPC 22:6; [M+H]+@1.23	68405.45727	214986.1	181712.5356	74451.32668	64634.46277	64191.14874	102562.9204	143230.5612	90692.69275	79116.7531	56410.50611	76337.69718	232141.6987	114572.7584	67733.86672	62796.34193	49794.11276	43776.80744	206904.9981	141730.9838	101273.8205	95985.14518	166099.4728	154102.8107	68433.9161	43284.14764	112805.1853	96231.99317	114463.0424	67168.62895	51304.05324	104122.5556	53546.25856	35985.4227	120869.2583	120762.3139	105762.9633	83584.69919	79918.46219	78891.60296	71078.8331	155497.7687	55023.29369	103233.4671	86312.76683	54593.07126	55028.97214	32582.41146	200375.5894	103236.986	190862.351	166570.3632	239235.6076	95811.56054	98910.78664	150245.0776	137222.3341	55275.31368	100452.4342	54676.94064	48808.38927	78881.44514	77427.90905	76789.47364	178175.5423	176061.3363	116523.7187	82528.1168	112147.9399	149378.5895	307799.3169	79434.93127	95871.85139	111891.7238	57479.98929	51148.8729	162719.7343	106993.9403	46274.06429	81261.4548	188177.3572	126416.2494	128270.6197	96380.02861	111098.2715	53552.29703	92637.80632	26625.32083	126783.1584	45370.45123	58758.77382	48034.31781	63403.97014	142359.2681	128552.1491	75430.11226	41014.23975	35823.46708	110153.6281	82202.19643
lysoPC 24:0; [M+H]+@5.18	6695.176742	10092.73555	9616.478732	6417.614843	5490.29879	5127.397911	3256.437238	7451.032303	5874.640877	3303.639366	3987.678443	1794.014283	7574.935656	8442.757234	9178.35594	3487.038721	4669.251384	8505.910695	7213.907739	11502.00382	8037.209362	6916.259633	6090.287596	15804.60678	5408.150197	3010.404271	4041.950091	7305.834678	8344.182627	4736.231621	4934.564289	5818.503497	6353.032576	5443.458149	5617.754732	3747.081304	10271.24329	8031.534108	5885.921173	9827.038338	8232.079469	2279.921702	2365.592259	11809.53221	4851.755573	6353.265358	6944.104896	3097.71184	4616.829348	5498.521796	14266.30925	12112.70345	10123.49729	9395.910604	4915.256274	17209.58995	4544.865702	6307.604445	3183.740615	3758.456506	7342.665019	9439.790022	14035.82244	9489.084595	7149.559485	6504.819115	10463.63149	4343.444589	8015.23847	7640.720954	16516.27214	14613.31294	9117.583361	9371.890016	7708.691423	6794.531232	8662.766941	10279.67785	7496.289216	3562.372487	38042.29531	12803.5565	10440.20369	3664.920534	8211.509044	7251.943356	6132.500011	5942.929739	4580.849335	6988.991314	9403.407053	5906.151942	5423.116858	8802.681327	10140.56149	4706.181579	8812.603606	7841.466341	12765.8236	9450.734452
lysoPC 24:1; [M+H]+@4.34	1910.822249	4621.688303	2557.314613	2335.783349	1992.555544	1640.723639	2517.2803	2518.991574	2802.234533	883.1518915	949.9425333	887.1010927	2639.790721	4561.123487	1415.23118	1847.028131	1604.363114	2475.797896	4719.063055	4450.116726	2202.071908	3572.655578	1813.277089	3418.718979	1795.954937	586.141443	1658.54539	2885.092462	3123.128234	1397.902017	1241.330964	1614.847969	3812.173827	1733.531135	1788.152036	2020.877262	3616.03399	2151.835459	1117.035614	596.313451	1633.938887	1746.931218	920.0543607	3129.813505	653.2702895	2140.167532	1494.564279	572.6500023	3077.743147	2408.436316	5593.54552	7459.681564	3679.804959	1849.11742	1646.624545	2547.306275	1406.644158	4312.066333	3611.150588	1245.908175	2348.097423	1357.605	1602.327479	2695.759304	6677.530232	2357.261815	2483.156853	2361.229031	6476.48119	4542.140956	8101.824065	5817.768988	3174.473821	3009.9059	2868.838079	4544.03145	6420.776646	2665.032171	2146.795515	2812.132919	4041.278319	4882.863066	2777.860002	2664.244759	2086.335537	3965.979631	2946.825385	3592.911549	2079.839153	2910.949896	2085.379924	2550.001279	3932.666187	1559.920466	1967.062362	3030.657195	6098.137115	3014.321479	5120.712111	3424.722277
lysoPE 16:0; [M+H]+@1.76	11544.64145	18600.99394	20823.31835	13007.31143	14366.73319	13315.11191	15983.75643	27076.13743	16802.08962	9052.925128	24576.17369	16119.79603	27707.0834	39080.04629	21885.10178	15658.70936	11987.76567	11586.9986	29696.93371	29966.84368	18491.1256	30405.93852	20703.94101	44221.4027	12158.43355	10052.30076	20907.27883	21530.18497	33761.60741	15459.74495	12612.67434	31255.81266	23956.928	12932.24014	45809.22377	34616.47289	21189.29424	24545.82964	17511.14744	11132.07449	17854.64012	21949.57371	16267.39885	16775.95656	16639.60279	26407.27314	10369.34151	19680.80568	26323.58946	16677.47215	27985.62389	61082.99443	30101.62617	24627.31752	18388.13405	20667.32712	41428.93687	36262.06427	22527.84394	18950.93633	18197.05603	19181.11683	18349.25226	25735.77557	43616.88922	16760.30008	15376.7545	27170.06804	32669.2138	22397.78842	35088.38661	28439.36469	29649.53885	15980.93891	29581.13687	29476.60193	19726.08008	29207.61443	20932.72426	9752.09243	27828.99119	29323.49847	22925.11282	15060.71804	25788.68079	56327.54421	28786.78223	24869.16334	15342.48696	29584.13903	13343.14547	16999.9872	26470.61756	33119.70481	21258.45014	30687.20572	25474.45132	22598.97951	19698.83242	13965.85467
lysoPE 18:0; [M+H]+@2.51	22899.29525	40317.98624	60461.32808	22358.02272	47816.62147	36914.21745	45152.16488	44806.30092	53984.99704	20179.39315	51248.08537	32654.61412	52272.0337	50291.84309	40205.11397	31968.373	29056.71081	22617.06722	40720.09831	42358.05282	49404.96388	44151.27798	46615.52518	70588.51277	21920.57677	17722.199	40066.52171	49930.52244	66786.38523	28180.27359	38106.04341	128163.2567	41568.58419	25983.21128	89715.90127	93308.62987	41269.65263	38637.98855	56012.4888	34718.36748	52230.77552	74657.71558	25742.32234	46144.35822	41122.19814	55241.88188	19157.67931	36632.95805	39346.21114	45177.86393	65016.63569	103741.5252	53005.31817	98535.76128	52720.36911	67610.39861	55763.6008	77534.22118	63947.99499	36700.08494	36330.50123	38857.47529	44592.34736	48595.93349	80678.21347	51272.52284	34408.81703	58084.90204	79453.75272	55682.59511	88489.70944	58889.01886	70697.92171	54777.81393	79700.16587	53570.26532	49243.08031	63189.84866	53096.71044	29020.75678	72691.35452	57274.66245	67389.1752	37824.63335	105204.7835	105152.3257	53820.09403	48006.50538	42962.22304	50923.69561	53812.79994	33271.36874	45349.01467	75799.28656	53763.6357	60657.85098	35170.33628	61800.38007	66141.58329	58753.86861
lysoPE 18:0; [M+Na]+@2.59	1979.77238	5582.857456	6931.598447	1718.106672	2779.57352	4229.363224	3206.324749	4893.286929	5265.179025	3069.774452	3401.030213	2968.350688	3276.078857	3444.012318	2728.789027	1291.018426	2659.687714	4995.427642	1509.337805	1831.072732	4130.867417	1364.573781	6457.492131	4177.458162	2271.409293	2016.849566	2316.035377	3449.816241	5672.608217	1733.378948	3202.393737	4242.607552	1770.588168	2447.647642	4656.690386	4887.765423	3097.139572	4375.43815	4694.992182	3245.788919	5316.282929	5194.494344	7040.272698	1967.175353	2360.707915	4056.520327	531.9719353	4917.632829	4359.560564	2507.087666	6446.531098	6979.390356	5964.505823	5607.870568	4247.094652	2940.184528	4349.06612	4844.165044	2047.347174	2985.081046	1392.644047	2853.796352	2423.770334	4552.74717	3465.563436	3112.645099	927.1134513	2076.72024	3868.844549	3801.661227	6549.854835	4522.005751	7271.522664	6310.39335	3321.423573	4294.469192	3361.896588	3064.302132	3355.933514	4185.001061	4442.654068	2021.668539	4788.265069	2532.947643	12594.73788	5267.610368	4710.437693	4809.502789	1968.043889	5692.94728	3202.371509	559.9689272	4216.576697	5923.128683	54.29603374	3209.164862		3321.02823	3956.535582	3190.104056
lysoPE 18:1; [M+H]+@1.84	10774.92659	37404.29984	63338.60349	26686.31331	27794.92957	38559.5578	19563.05883	26409.71214	53432.92587	27575.2183	48471.73149	20164.42266	48748.22242	42246.72785	32059.37974	34278.88135	13610.18071	17306.82533	38275.91367	18510.41394	51558.00082	30356.11306	24058.07305	48104.83443	14169.3307	15852.15009	27400.23707	38748.58292	35531.6593	10645.8895	35583.56555	70503.37118	52779.99167	37921.02508	90426.0053	77653.56654	23488.60169	25721.64942	57093.85764	23284.02066	47492.2947	36634.95372	17596.23349	63164.76789	35702.99341	46382.98845	17360.81273	29893.27385	54953.37979	44032.56142	56942.36398	61932.87581	33108.91937	44283.40304	52070.3888	66594.01905	63915.00618	47334.46189	87461.12767	21700.83105	43898.66363	24624.41442	37028.17517	31165.09143	91592.82637	40811.10137	51257.78862	56207.97011	100982.8453	122133.3964	71580.85114	55725.89406	62950.31373	152537.9329	70132.49699	18166.79608	32524.2465	65808.5941	41489.38409	38077.46122	37121.41009	31224.71919	46068.88417	24652.07146	51192.62815	56363.67034	38463.02214	28881.83539	45353.87779	44856.48817	34540.24908	32544.04751	34804.62194	62697.4793	58954.3103	42783.42	25911.30507	21091.53685	49663.86394	26707.28984
lysoPE 18:2; [M+H]+@1.39	22091.09648	83600.77002	65852.75334	46959.18758	55018.93366	60046.95238	22138.17154	34430.31853	71523.42937	27613.22968	68234.96439	37416.49268	63995.56412	58811.73102	56384.41201	46288.48045	20562.71769	19789.31489	65580.82581	49079.68445	94603.37847	37762.79035	51598.00296	82783.99873	30973.33505	25957.36695	35175.85619	49289.64777	56605.38224	18328.35819	60309.97386	77586.24726	92197.36759	57817.28587	80757.11163	105306.9278	26927.76436	41214.56788	43669.14895	19832.809	64356.88111	31636.9239	15351.50588	92324.51905	51776.9188	73662.4059	30462.1605	40800.00143	45613.24806	81261.38212	60400.36581	66702.0303	31584.13663	60391.92483	93432.25012	60242.64068	47793.32173	77703.3151	107150.5457	21837.91921	59166.22001	37776.68505	47446.87134	57145.1163	120778.2516	58805.43233	86905.71657	64842.83947	140486.5965	164844.8319	66902.12168	80378.89058	111406.0465	172515.8079	77044.08673	30146.58828	48359.33572	94147.58922	43993.31159	50283.10388	66177.01928	28352.62971	67332.91758	26305.34443	24606.82416	102281.4506	66154.22989	44236.39394	48209.33512	41057.87406	48441.13887	41362.69942	47161.43196	99334.71081	85648.82424	59585.9046	29162.5325	34896.84095	70992.68412	20864.89188
lysoPE 18:3; [M+H]+@1.20	1363.01563	3053.894174	831.6637627	608.5704668	2366.80238	2106.417901	2288.632826	1194.158043	3199.689881	945.9412357	4713.325049	803.2306246	2264.153595	1369.964287	2092.412291	4242.94414	1100.328269		3888.443931	1337.105932	2379.389867	1933.686755	2436.278616	1903.74347	723.6686328	332.9052961	951.778666	1299.327509	3484.734667	670.9342563	4704.103708	6539.424659	4511.024316	5338.787435	3335.832685	3113.591288	2293.51278	1754.157274	3424.235384	1613.571755	3402.67723	985.2663774	1153.338515	1575.071507	1330.101894	2475.336021	741.1458727	2452.426507	1228.353997	2419.460171	3153.842	2454.598613	1384.705384	2452.072682	3089.412208	4641.373607	3626.299242	1656.579872	2688.774408	865.2500701	4393.528863	939.7159171	1027.373125	1743.491344	2502.428942	1517.852436	4329.517836	3850.506998	3469.749091	5037.546218	3666.482552	2951.843906	5487.79072	2170.898489	3905.818858	4433.282784	3008.06037	7324.463139		1244.279546	2722.315854	1509.125737	7484.53303	815.8338391	3307.313626	5659.969254	3958.230928	3007.31837	1569.838721	3163.889104	4584.605309	1900.07033	2556.56503	5651.200709	2016.47082	4268.034946	4264.246201	3773.821114	5371.898548	2731.335116
lysoPE 20:4; [M+H]+@1.36	15746.54583	49030.53135	46129.37072	18324.62674	28399.71552	29913.26723	28631.77585	48223.43196	38226.01191	22489.95044	37729.47747	33486.23526	35558.82633	46295.2816	40873.34347	32815.8713	26501.54212	29720.63549	47552.88454	28380.85945	33199.17105	21238.0586	40455.76302	49815.55104	26219.70079	16359.98447	26280.55149	50349.41459	50608.4866	20918.71218	28189.45108	36273.34324	46842.84221	27604.18175	51327.6894	64274.71505	33462.35519	27229.12308	59068.95653	37183.20706	30847.24517	36446.23668	12541.27591	35322.39537	30163.82152	41748.49155	26257.32728	22291.34236	40485.93609	46894.8065	89374.08647	70692.92873	42447.29924	44612.80511	43058.35068	56817.36244	36202.29826	36205.33564	65361.26404	24866.38837	15906.3718	45360.75252	42058.33355	45750.20232	68401.2161	30454.68902	46701.78534	55176.43852	48639.3706	76246.99507	62857.3881	62749.11014	50477.38603	60011.40852	41179.31787	32396.17609	31014.28946	38219.59797	31498.5734	30602.40735	32060.18137	72544.0827	69897.68225	15442.6018	50894.21414	57190.86029	61502.91444	43229.71128	52055.10902	31501.72856	31197.48785	38514.78544	26227.29038	39590.29496	50188.86875	40521.80976	29320.77697	41809.22523	39944.78196	35108.79737
lysoPE 20:5; [M+H]+@1.11	2898.351632	4612.14897	6781.595004	1683.677063	1394.883913	2747.767398	1095.78483	3764.404403	6973.396953	1951.050538	7601.320174	3131.254178	6885.933282	4889.534261	3648.51942	3537.274276	2876.427539	2569.722127	2973.178292	1845.805988	5890.029261	5081.456904	3988.205889	7662.793534	1437.779713	1394.387577	3845.053078	4000.201588	3954.235193	3948.87298	4487.043787	2668.987337	4583.440013	2703.339623	4473.09399	4292.14047	2447.679934	1324.83753	4374.989637	3830.648034	3719.492405	4410.690614	666.3095518	4104.209326	4772.661355	3628.482013	1004.24193	1537.538816	4044.303815	3966.724626	6232.193174	3264.043896	7578.315358	5186.88389	5373.830029	1728.508836	3498.715931	3824.961279	3179.632139	1312.872968	1876.17162	2762.31187	4565.821962	2845.761605	10429.72152	2513.112838	2069.156093	3143.796159	10260.29155	7199.228252	7430.966625	5027.135132	6686.912965	3384.622992	5094.908196	3675.176144	1767.273383	5947.054145	4481.089585	1908.893353	9688.354321	10490.97481	7438.364892		2812.558136	3845.710768	3763.061882	2862.863944	3159.533948	1991.568544	3914.691562	2568.542464	3254.439299	6310.819448	1459.806136	4150.121149	3478.486397	1844.897446	5763.203292	2366.936069
lysoPE 22:5; [M+H]+@1.60	966.5377975	10946.42797	5071.226216	3802.568524	5759.222566	4564.216607	5444.686501	6568.949831	7674.207052	2676.81693	6835.697643	7871.987952	6873.039589	6567.167535	12140.69475	7390.22797	5726.215267	2287.805684	12736.95181	5349.050643	5593.539003	6431.905401	7196.343478	9634.67023	4568.9479	2319.050996	4435.318804	7706.898381	10618.76312	5446.005875	5298.148017	9739.110459	7988.580203	3159.339508	8235.662121	12289.48521	8326.937579	8694.894148	6451.251991	6251.336929	5119.742883	7639.803543	1470.685319	2893.594514	6636.357111	4945.488646	3000.826541	3192.482593	5564.71782	6450.007839	11225.87301	11690.23676	10581.6099	8744.094213	6059.699342	19545.02858	4352.960652	7457.585033	8689.084145	6604.929113	2094.377757	7627.194442	12479.57689	10133.32	9571.379833	5640.169373	7277.273287	11189.29327	13293.39094	10650.75545	14148.40863	9721.682555	6876.268194	14440.11619	6611.335325	3192.065994	3869.619075	5448.582301	8445.657073	4422.029102	12279.01366	11477.35052	8345.368167	5339.148966	12955.2268	16083.45409	18866.56511	8162.876265	5029.980658	8402.889895	8573.903406	10752.47067	9637.884038	8293.520797	8298.781058	5643.123821	5164.980243	7051.20747	13325.84183	6619.810067
lysoPE 22:6; [M+H]+@1.32	15848.76635	64315.41672	26365.33549	12365.62337	11522.57027	10428.48113	17058.77089	36437.33415	32209.365	14065.01754	24044.74942	21036.24238	27658.2403	37902.26774	15616.5915	22413.96624	14411.13641	13532.43714	35473.63095	21711.67998	24952.6135	8375.615125	34962.40849	19705.21964	15330.33975	5718.097573	16178.5361	27955.68678	28006.148	20731.49587	15315.07806	25795.03893	21255.52462	9657.153109	15825.42371	27384.95541	22280.10329	18496.07305	23380.97045	11631.16368	18267.52995	20321.07296	10668.06561	29040.9926	10068.67202	10327.49772	10195.19443	13369.955	35655.09283	16504.12997	42230.7742	39848.11825	37365.41208	16636.28115	15614.81574	22539.14619	40928.73576	21195.97671	16779.55196	13874.48332	8307.770134	18559.63046	26061.91413	20928.33125	47779.38796	32773.9567	30164.05953	21113.64246	22370.84236	28966.41231	51564.55814	18733.83604	24003.9433	18874.92282	10886.90955	16849.90999	18195.02511	23179.48746	16228.21956	15923.69742	39236.83548	29650.76974	19577.6866	18053.95477	17390.84555	13094.00704	17768.87853	13006.22376	29998.93322	12457.08403	15035.16167	15857.55984	16923.24103	23376.85779	25131.08928	11909.33162	9358.582546	8096.575165	29911.95972	11430.82154
plasmenyl-PC 18:0; [M+Na]+@1.85	103857.1782	384823.6675	921260.8197	156456.4693	620160.581	144668.6864	141479.7371	722979.1104	151657.33	101092.1168	150215.4604	135573.0082	289701.1095	227443.2481	421147.9259	200988.7378	107298.0879	110627.0874	255642.2524	135667.1566	154646.4359	163497.5274	665695.8412	655348.3784	116397.0699	50866.2193	134351.3902	168776.677	260633.2291	86097.70306	410806.9697	390252.1374	177362.1771	76801.87185	344330.103	778066.6044	157025.7151	132655.3482	192517.1374	177958.244	366542.2561	351889.5939	142434.3842	282283.4409	295171.7113	204707.5798	101240.2294	120420.9107	228816.1739	660527.7256	1081637.281	1394441.525	1334135.699	983607.0124	192129.3788	1113038.944	453472.5241	371749.6961	789890.9328	417971.9011	287003.4711	642608.1429	867029.151	554038.3044	861065.6998	510448.0844	742533.5415	626909.0681	658772.3616	726814.5176	893916.3222	610891.5899	179802.4526	533063.7156	623756.1496	520505.7393	677344.0712	598718.8245	498016.2726	478423.7782	326560.6241	897146.3025	229800.5016	304345.855	1031655.184	613409.6196	1105331.172	102985.1837	881095.3325	434840.9128	582241.5865	633450.0769	386210.9392	587129.9591	754490.9175	514303.5059	136561.1839	130735.167	1014290.04	784775.862
plasmenyl-PC 20:0; [M+Na]+@2.58	2768.945449	15248.03677	6502.323073	1265.410512	5392.911772	5127.578889	2203.353201	4008.356977	4523.921481	757.3666056	1896.791723	3191.902705	9296.924662	9153.292056	4856.556362	8063.361079	1934.759116	3342.618043		5499.19504	1687.768687	2250.566369	6049.106273	8942.711734	2059.357745	1322.072898	3684.689339	6485.365213	4663.253078	1996.951619	4475.81854	8585.284867	3775.064133	4149.225071	8365.303337	3109.978628	5040.63172	2830.035521	3285.92237	4863.770244	4399.434453	5058.237063		3793.638375	3814.000727	6010.245476	1448.95475	2712.519909	5301.360927	4537.024017	12809.63441	14020.84661	6194.17926	6721.555159	3872.982008	17030.18506	3648.618004	3542.658244	4864.681272	1667.397631	2471.991819	835.802904	4156.198675	1678.109239	3356.601169	1937.120367	2714.885815	1.08442549	3327.515954	6110.194151	14483.61657	5501.164442	2795.141302	7262.306022	6899.696464	6142.75387	5441.335707	3627.281157		3327.794992	13755.52306	3503.510117	3926.95704	3044.241798	4546.57055	2985.711795	3501.359316	2456.028095	2196.682018	2816.663989	2612.73645	3714.345696	6442.855838	3793.932353	5595.7115	5485.848927		4103.008898	10217.75444	3902.732782
plasmenyl-PC 34:2; [M+Na]+@6.61	28910.9364	29395.41297	36077.80306	23546.93437	31959.40946	57570.80119	31758.66626	42676.71818	44828.307	15731.99954	75278.82982	17742.03611	45808.3494	28896.11925	28817.45946	59209.79959	50598.34907	50969.20191	34141.05065	23680.79827	69754.92462	35900.81623	16932.9861	30605.87524	19722.31615	47823.5252	59203.84838	21461.12998	45964.12426	115729.7109	43057.30257	45216.29737	38286.75548	15631.33823	39534.6469	53406.78971	38365.57091	35653.04273	86564.18561	39348.03348	68539.01075	34860.41103	7528.193804	27103.70933	47064.51459	49331.00619	25908.71214	47174.37037	54702.04382	56405.47746	41391.3452	38016.0483	99581.20607	57133.66265	44282.30337	42010.19517	44560.47856	21746.70852	49246.49352	24939.96066	26922.69589	19099.81692	26418.99509	25599.16174	36066.72584	36994.05338	57092.42565	49319.05506	94309.45995	62143.41459	52776.52829	26673.91686	51542.80427	22394.43225	33569.70619	17957.96875	59295.79369	35578.4063	34756.79266	34563.51321	130200.0259	104788.1254	59248.31315	62524.98811	37144.77236	38043.85915	33706.22601	27263.59634	74538.04515	57208.33036	25091.52318	44375.27774	13238.31202	30466.88683	47882.17032	35809.37468	14938.90221	26772.66002	59069.10542	61458.27997
plasmenyl-PC 36:1; [M+Na]+@7.64	4990.10379	111750.0089	1810.465284	5356.823768						81111.79149	766.9509599		1302.689532		130001.6068	1626.209437	3353.362565	133654.7167	3704.211279	1160.450075	175781.5174	111420.7874	2401.684659	7403.107866		2197.439032		112767.7283	4200.588441		5794.528275							2994.158475			78066.8924	89046.32483	14813.86844	10003.02406	103548.8747		1343.006525	48566.1935	6134.006562				185075.0323	118369.4753	5846.474698		91027.82658			6799.72092	4710.665451			6136.258659	7428.389319	120881.8965	201192.0682	130179.3786			7034.768681	9528.291999	4893.540754	132353.2162	80723.572	7814.453411	25129.33128	6488.319503	94869.32617	116027.2494	13958.96787	10753.83831	183182.0752	130510.6218	216707.0714			57269.43143	10374.21686	128358.6626		144551.9143		14186.86887	196091.0438			128248.049	215649.5089	
plasmenyl-PC 36:4; [M+Na]+@6.59	10734.19242	11290.17594	15892.6994	11409.09192	12634.09566	21532.11032	22647.43892	19835.45469	29585.44643	19949.982	6847.10324	14981.13413	12764.32198	14876.72669	11629.52457	16378.82654	22164.64824	23777.70618	15835.99515	12799.17343	20342.80178	8099.41865	16847.58359	11460.48813	15045.60101	10303.39451	16605.27924	15268.95027	13369.25471	19980.75838	19188.0332	10546.07658	11019.96887	13443.27188	18536.84414	9178.574699	33338.03514	26593.50752	30359.99397	32392.95713	8789.590479	19526.96063	16712.85862	12564.41301	16381.89434	30596.23947	32319.28121	10473.78077	15308.78334	13507.05227	13631.41209	14831.66351	18070.88182	9533.33976	24636.46647	9864.384056	9421.387085	16203.82128	10586.36876	9645.997124	7379.196017	14312.79586	10388.75979	19035.95057	15357.90615	14744.45242	17582.29664	11737.05197	10906.52957	13268.80643	11457.6815	16658.33735	12662.27311	12837.17239	13372.78211	11217.27859	21303.46345	18381.30002	19855.53003	11031.53623	17278.94914	16880.91973	22623.44873	17579.81838	14720.63253	14144.18052	19302.88347	19597.53971	12120.72293	11473.85832	10999.93873	6869.865207	5665.355885	26365.50409	18435.3525	18634.08965	17314.42555	11514.2097	14459.88648	30348.73745
plasmenyl-PC 38:1; [M+Na]+@7.46	61808.84686	113404.6072	130622.2961	104841.5584	105629.7625	74668.45676	106796.9	131667.5145	86574.16995	65707.95643	116485.2476	50285.44831	139279.3214	105868.8257	122332.7198	142131.1533	97489.03686	62279.39447	162218.3724	145890.0661	116896.5167	109339.8717	83180.99053	88326.71985	88725.7467	30799.29115	86589.12939	87540.54906	122758.5912	48662.03239	82222.93205	93319.72353	108143.5438	62435.23309	61965.79873	84491.36734	89681.24876	62348.07801	78616.80522	67151.31597	60098.95112	46692.37039	26992.67501	63457.2892	99215.19886	98964.37123	46586.32848	48987.18432	116172.8752	57259.55468	115418.7618	63557.01039	142717.7898	89267.81743	104320.4705	133773.1504	42636.30209	85200.24654	161554.2555	88218.32308	84367.2891	107519.0199	92784.90002	119156.177	97662.22193	126572.8312	166843.7683	153522.3393	140087.9664	132773.2434	167614.2266	150504.9214	62162.20881	170901.1632	121591.3511	46746.60118	178406.9861	119267.5624	76057.54158	132997.9993	141206.9553	124725.4971	126565.4076	107265.467	119280.0581	116971.7246	111922.3069	57647.49478	112646.2118	100086.3074	140080.6331	88086.73567	76443.04268	135573.448	140151.8709	125064.1812	95541.27707	102611.0902	161316.4229	106691.6365
plasmenyl-PC 38:3; [M+Na]+@7.11	39282.68003	43178.62674	36695.83313	40312.73767	59734.18841	50521.29301	38408.61465		36188.89536	97357.51817	51667.92978	70036.96192	67322.61463	39222.17216	78775.16934	37695.84841	31527.73285	24642.31819	66709.89925	49716.3995	59136.63318	46770.87793	73744.35014	60379.31633	42053.81748		72178.29366	27561.96245	32111.83863	62580.5205	26756.87577	63537.22567	37722.11673	66301.90809	50879.21064	64120.9065	54226.5594	61774.00362	67333.25624	24488.08794	46663.80068	34382.56302	25166.24148	144890.2538	34088.45814	85954.77433	27146.48955	35516.28379	130354.5409	70433.70572	115787.6084	52132.86345	152590.6633	45137.611	65667.58026	79857.92404	77856.10999	53518.96952	60301.47345	61742.96968	55496.49176	53999.46366	69498.97807	92991.32749	55383.39028	156650.771	93096.43232	58499.68645	104119.3367	101575.1419	214516	66968.17455	65828.6233	124084.4998	74471.81895	28206.69617	164607.2528	139365.1188	45989.31438	124320.0549	264811.69	109042.6273	122258.7528	158904.1871	43723.60224	72111.35482	57884.88213	21544.0609	74815.6364	39842.20955	71137.34076	55657.21334	73975.74845	110539.4968	114764.6679	58260.81819	50965.47437	57864.7634	96842.19113	82209.99435
plasmenyl-PC 39:0; [M+Na]+@7.75	16632.33512	14385.69534	24607.78464	16105.19592	1941.060399	20419.29544	8103.706296	11010.56697	20446.03211	14759.05368	20064.33291	22584.60637	21121.69685	16787.41785	4034.686097	14701.185	9428.069327	13473.1376	18025.76985	14113.98833	8759.208728	15644.75183	24382.5109	1258.618389	26475.77571	8893.570015	5758.495254	24678.56517	23457.52725	11285.98631	4921.648922	27331.04738	27485.20821	27424.43786	19080.42393	8690.173275	26270.83523	20550.36496	21960.1145	26983.40181	18248.86688	8526.625485	14390.68498		6529.665012	20735.64953	22687.30895	12985.87886	21169.76537	28652.60621	1974.022686	5042.636158		4105.09767	1011.354534	5798.612737	3522.783244	9236.631703	7922.524445	7587.757443			3042.887755	10316.25941	1509.730078	7824.521176	3791.521169	2862.445881	7603.198358	8703.176147	4937.924313	6151.234625	7497.000373	2516.763646	4160.165794			7286.279729	5107.347247	7393.599797	4299.880969	8289.639285				6080.825008	9835.837472	4837.040287	20.17565019	7465.410457	4650.828349	6462.224767	7965.794055	1763.248531		8781.740071	2518.993668	5408.213082	11086.44269	10612.74867
plasmenyl-PC 40:3; [M+Na]+@7.75	3597.062262		5414.411312	20018.16108	9602.074043		8152.9601	8399.362565		9425.955323	7955.061161		9052.500691	3343.652128	18501.70595		17646.77711	3571.189655	15219.691	9956.362706		18854.1523		9856.831793		1837.028568	12922.20535	12258.41444	8549.151349		5278.774487	17346.84283	8906.252368	3023.992236	10951.59636	20564.25343	6836.081196	4475.840655	4875.505619	7526.742146	17274.97513	708.4809773	7301.032105	24001.24763	9615.967509	14095.61227		6750.90431	5455.170839	11644.31112	19731.66559	2881.474218	24164.67185	8135.406897	29986.73372	28357.32486	11414.93402	18267.9689	30120.93883	11098.17609		13872.7833	13230.88319	29655.20846	18007.36705	34273.21139	20777.65019	11639.9967	27067.12696	28391.81451	46403.38897	18889.92664	13450.82536	14296.09239	19901.83758	11887.65381	6822.611541	29691.92635	16718.04619	18009.56198	8492.923562	22257.0462	27820.28025	19975.92255	20159.8948	5759.672542	20185.49186	6577.686538	16801.3286	19402.23491	17509.22897	20014.49232	11266.87347	25772.78898	28595.57728	13314.85507	27690.82889	10516.6075	25200.22807	26935.30451
plasmenyl-PC 40:4; [M+Na]+@7.56		11865.58261	10294.8697	12015.55255	7226.865695	1359.258142	13130.80032	3286.506052	9815.670684	6683.336089	7334.428601		12044.01422	17233.35774	12020.04948	17313.76459	12141.85098	3612.562625	32903.13478	7124.723327	15094.51926	10526.11587	3065.834354	1801.590642			11555.6216	8750.773086	513.3278976		8099.57077	7844.364579	4994.990773	1793.424333	11951.28301	12352.05045		6085.653054		1839.554779	9330.333255		1589.089516		9629.160154	9186.6393	4328.30356	3916.329003	1234.843698	3522.827725	7132.854017	824.128607		3358.886924	17228.37456	6080.526233	5505.613172	1496.716447	17224.08626	3108.695033		1253.892157	6754.067374		2927.538559	7498.718363	11943.37513	10444.64349		8832.921258	14775.05995	19898.47271	7636.08464	8651.763337	8273.159046		16862.2784		10802.71183		24278.56118	18917.45689		9932.503723	3148.08982		8963.611651	2255.16409	14630.04031		5480.329543	2323.616223	7597.793164	10513.46931	14621.18317	18553.13606	15432.39359	12019.43988	16365.3163	3377.993378
plasmenyl-PC 40:5; [M+Na]+@7.22	3273.670218	2425.690543	3785.798383	10404.12577	2306.914368	3557.798803	4682.534152	386.748102	3798.135046	3244.978829	3020.295006	4050.59408	5285.256271	77.45767426	2959.688857	4289.541011	1869.306158	3123.304258	2329.669588	7124.595211	8265.171369			863.1553692	7166.107572	1489.212884	1216.806656	6310.913543	4484.075318	1950.321616	841.9131235	3044.497453	2921.209335	2885.767981	1976.293606	1609.913963	8630.413424	6840.032202	2932.694848	2076.44771	561.6107059	2053.157266	633.871638	1746.273717	4016.028488	3096.172372	2308.451078	2286.897904	5748.728918		1908.764725		1624.94932	1661.907383	5187.603368	664.2319604	1943.552704	789.1262091	3251.49797	4694.638311	1418.289073	1231.127374	1299.640148	1598.367793	819.9746378	5449.014134	3209.799235	4352.660078	2596.52611	2602.776548	5513.690859	2851.590281	1500.768331	1646.391935	806.5869933	1607.294602	5463.584254	4813.320427	1603.835272	1717.506909	5955.485548	1409.531464	1870.048178	4713.131868	12420.05373	544.3178366	3393.011488	1316.14875	2223.549331		2786.887705	1488.149614	1995.113672	2575.071589	7879.141185	1696.07818	2871.718635	6005.219728	3929.912492	6738.984138
plasmenyl-PC 44:4; [M+Na]+@8.11	6106.053486	12398.11377	10415.97817	9257.555983	18135.22277	5877.307433	5683.346485	8519.711453	6761.228547	6910.87038	9229.383918	8455.361201	12113.83586	7060.45133	13717.72239	8505.902584	12177.56511	8443.714631	9809.758444	14601.1849	9332.105267	12980.138	5370.909571	16551.43586	13800.72835	4269.019384	10860.64165	17419.42222	10601.26678	6299.188892	4317.333459	11266.32196	12117.06425	5452.488133	3866.933766	7054.271837	7235.334701	4391.65455	2779.966765	5371.506588	4558.071172	3213.441834	3675.35977	25712.83447	8371.286978	13758.03086	9787.886555	4043.748966	14058.46079	6661.89573	9299.83723	4272.680909	26544.25401	7498.668088	7595.875872	17317.67426	4745.981197	7122.43161	20193.06872	13152.58066	5260.954267	9634.594973	6994.202282	11561.88562	3992.768938	10452.52957	11783.90781	15076.89854	16299.82819	20523.65317	19766.45355	12565.22562	8075.133946	19800.37552	7587.47081	9370.52446	21762.19637	16288.63373	3441.695027	10759.62639	31151.32287	11483.61954	27322.82139	8705.405524	15738.09031	12868.27286	9795.029745	10045.57428	8130.773421	11619.26391	10237.9734	16101.33901	4201.849115	8335.363286	18122.13835	13454.53228	4672.527263	13891.49523	16681.06654	17546.8057
plasmenyl-PE 34:0; [M+H]+@7.68	3062.092027	2639.557645	6574.731554	5622.321128	5678.513136	2574.69052	2454.185246	2158.722777	2427.996047	1077.772788	3264.733653	4900.500714	2558.942667	6302.491218	4328.364395	3689.490898	1800.016057	11557.08361	4152.481228	698.0480073	4474.92651	6790.128801	3666.370661		1419.441687	4928.625993	3663.076162	3510.753461	6697.918032	7618.302358	1456.100957	1355.011846	3614.138117	3395.466951	6499.733037	4379.507572	3363.808101	7683.593279	3078.244411	14269.45145	5925.632374	6345.028968	6393.907306	4169.197868	5227.698284	8146.42613	1648.654555	2161.436744	7185.086157	9856.257583	17085.65963	23662.51861	2726.629015	32925.45401	6174.201573	3677.917113	27348.56175		4347.302688	4800.719921	5040.916506	6561.343355	5469.399417	1809.539788	23318.03079	8888.068725	7440.278257	6164.230006	5510.368501	4352.92702	7556.547862	2745.558447	5229.96932	2987.629719	5852.96523	2862.873639	986.6793486	2061.459625		6609.205666		15366.10809	3009.782493	5458.351062	12539.44428	6368.815782	8980.347761	6609.742491	5001.969431	2632.722698	6415.127984	4168.422055	2319.918151	6447.147472	4776.473252	3019.613848	8810.39183	9493.784582	4219.243981	3373.145895
plasmenyl-PE 34:1; [M+H]+@7.20	8494.376406	10433.0279	17375.11531	9081.164076	15340.2958	6810.140631	4547.30041	10159.06371	11019.52881	5914.254815	10211.18827	8407.866747	12580.60367	33503.38754	20034.3045	18743.74072	7635.482942	6581.608901	21475.05676	9439.271162	13323.15086	17679.29247	4886.506322	13400.96424	7559.453442	5873.118262	16381.35314	6524.853778	8800.770386	9329.889748	16687.99451	15533.56969	13510.70228	4366.004051	12345.98626	13792.61075	7070.807301	7794.677033	12240.44602	11881.96186	10497.82163	12429.003	3701.179486	9319.122195	13764.99139	14155.51208	7062.898877	4928.404782	10616.74357	10119.488	18165.09087	8605.748389	15014.94138	7060.277324	9752.936155	8134.933295	13487.59553	11098.17399	13388.37402	3389.021743	12945.50265	4873.716993	10403.24059	7198.936495	15439.17211	7714.150378	23350.37228	9779.342203	32345.66282	15473.24412	16125.6764	13292.72912	14236.73791	16349.77142	11127.84726	7981.354872	13002.80538	12453.92698	9765.913802	9140.619316	8253.42893	22548.41042	15579.12933	13562.62601	17275.4085	7232.10286	18022.19396	6110.460545	9798.690976	12473.88691	9407.988769	16029.69526	2707.923891	26854.60889	10282.90617	11117.43966	14400.04254	7048.774102	18302.08425	17945.4544
plasmenyl-PE 34:2; [M+H]+@6.80	29595.19512	24748.48817	57038.0849	37196.54054	46122.37267	42184.84675	24730.27163	23014.03247	44531.10328	24599.16022	57076.50821	22551.03971	57864.72044	146709.8479	75020.90021	73043.54569	18017.27444	31538.55363	64755.84263	47590.96289	64648.39706	32250.42822	35677.50006	32554.83414	25672.26762	10556.30631	31445.40539	14445.6751	27210.93063	19456.3409	23666.83051	40675.10827	44132.12449	29347.07531	39167.04241	32520.38321	40801.10752	22454.26134	32702.94502	27659.40215	41306.85788	28440.73113	7542.127984	39685.0393	47605.02194	73364.30854	27465.86132	24691.90529	29454.53437	47711.54217	47045.62765	13143.99298	26245.85384	37151.21967	47362.79004	19382.97279	23983.87145	52522.3899	27809.43578	23621.02896	68786.10852	23489.89005	18159.34689	25535.19902	50543.17538	41977.38863	49812.38507	46762.12222	51816.79899	37935.84028	57793.41771	40380.86307	64444.74723	70404.57878	32641.73005	11594.31274	33744.94678	34042.57601	32860.77184	41226.29025	26823.28186	43238.43095	57947.38187	41608.44804	38691.61072	25325.79269	29617.71367	17268.02836	24939.443	38578.60741	26117.46416	41730.72548	11354.99057	41592.63743	68366.86483	19231.95404	14660.25515	16684.14109	56044.26658	52373.85108
plasmenyl-PE 36:1; [M+H]+@7.74	7003.803541	3782.472598	6363.372335	6770.759814	10369.41726	2898.181647	6168.11279	5774.445766	10304.64475	3311.404981	8185.045936	4013.561652	8366.037345	10552.2964	19088.57816	12499.86174	4852.422509	5756.670192	5409.129211	7218.270947	11269.24754	9671.236428	4177.274245	26589.32647	5136.68712	6007.47498	3168.534043	8727.668841	6859.374906	8368.674765	4879.441664	7439.001028	7047.869562	5574.776206	8993.992688	20261.13673	6395.913495	7634.589459	10705.23249	11943.48872	7140.60603	7134.324288	6729.195295	6953.382554	8584.389295	14230.76152	4807.766014	7544.521336	7778.921833	20407.63744	20910.17829	25724.46362	17160.70231	28065.71499	13976.78568	17254.9191	15362.10472	34379.78767	24333.59846	5944.51869	10855.52089	8762.293542	9101.232097	9487.701396	28073.24281	12338.89894	16393.18552	19816.51067	26457.94405	18101.40322	14930.75918	16503.74534	12198.4405	14609.98173	17096.06139	8377.729235	10981.03973	13141.01558	20615.33369	11811.11632	16005.29003	17122.92394	14697.23369	10638.12015	27656.02238	7667.001571	14337.6826	19445.07159	17227.78145	12536.73548	8400.093718	25978.67993	11310.96497	39923.10109	22036.46307	13689.08772	11442.17844	13695.07125	32558.45036	18006.53341
plasmenyl-PE 36:2; [M+H]+@7.35	25904.45115	32531.88477	58616.72455	33915.74224	35465.79996	33049.63541	28036.45598	18470.6909	46687.44045	28199.66825	56110.08928	21144.7842	77597.08309	64669.77722	71814.63924	89362.51394	25709.44209	28247.82658	59830.39898	30376.84754	72873.59419	36737.32908	24569.22911	52054.27943	18428.39254	11956.26497	20562.38689	20410.07032	23983.56915	15797.7381	19521.09322	30457.41219	26473.24405	32341.16043	37683.725	44303.16092	30693.91434	17812.16667	32904.6452	26126.50473	32952.08067	32710.02362	12667.85758	41474.96702	41904.34735	70857.37462	26458.06844	36444.88447	28147.83257	35011.2818	33619.38279	16259.50252	36484.05784	48842.58398	35811.65707	44231.07797	30436.71627	65340.82771	50053.57031	20778.71967	54610.29325	29054.59871	30621.55671	23454.94929	60385.95115	40814.63202	58226.92394	62186.08641	67813.71838	38518.63604	81917.21924	49184.9865	68446.12424	74163.95589	32242.39586	15146.59461	48636.89331	33615.59293	58575.51325	49398.82553	46395.44999	29749.53493	56725.36129	60652.51516	70925.23191	29061.83081	38492.60974	40353.92129	44416.50753	36262.47266	42045.38996	46426.92141	29573.58215	94850.65803	60932.84495	33848.12061	23410.46075	28205.40808	70745.5512	52523.88224
plasmenyl-PE 36:2; [M+Na]+@7.41	580.851322	562.5858252	1062.317715	240.5824817	3299.759168		469.75156		3097.625444			2097.613596	2312.557836			697.0829948	765.8437186		3092.11762	205.5829079		1183.561539	187.9846626	580.8170076		815.1185261		926.0926614	1504.096925	3360.36881	1450.076565	353.9094535	1533.557987	1028.172322	328.1628052		3824.613347		2279.042467	1556.121019	2798.037494		124.6533982		2991.236224	3264.425431	3562.214049	1526.896212	3447.255885			695.6615598	900.5137782	5054.86344		920.8576204	388.9893742	329.2301777	496.2808715	672.7101753	4894.175923		1129.15794	3395.325262	3655.607735		2253.143495		511.513673		3930.244847	2064.484492			821.977981	1133.694986	1336.552056	312.9686711	1138.877384	1150.002834	469.9150494	2959.892381	2513.022461	4340.524549	489.1079182		2976.081698	1236.416566	412.7847397	318.5091797	513.1277713		1633.280177		1943.219229		1305.304375		801.0034386	4405.994949
plasmenyl-PE 36:3; [M+H]+@6.90	35790.0281	31594.1854	67140.2726	55658.31218	58310.49545	43099.85149	42858.33538	21875.85016	63860.72046	27306.39656	89818.26211	21637.86261	55935.4758	103475.3355	109216.3401	81256.60972	25857.89861	42150.93275	93827.07606	69623.68696	78243.15564	35407.89001	30561.25584	42678.66976	24544.65506	11792.43754	23538.67643	27649.91212	39404.08219	25484.50051	33092.1205	53723.20317	31862.11098	25095.77393	64256.55206	59665.35648	53308.61641	51026.75778	42364.33605	28417.41508	42432.74012	37804.57011	12104.66137	50224.47498	86765.97163	104670.4429	53856.38393	42808.25478	44756.00386	46409.49305	48723.34794	38992.4392	54703.10568	53962.77411	64477.67968	40201.42228	42276.42081	57561.14356	57429.92536	34175.10443	77319.91073	37655.72324	24463.28929	43348.72885	79359.0215	56434.46497	51329.99798	63560.84952	96065.25825	43769.99057	106907.3524	80825.87575	70903.68298	101500.5693	49449.14171	32870.53957	64149.19823	52022.53927	43619.01211	66845.55421	54699.24582	83859.60162	94984.74066	55455.88309	79797.45044	42425.62336	48320.675	24164.48225	46238.16694	52488.64873	31771.84939	58174.19646	17386.09613	88374.09402	68890.4474	36571.87922	17028.21112	30666.63104	92420.09663	68000.45273
plasmenyl-PE 36:4; [M+H]+@6.72	47847.20623	55560.80072	110223.2587	92526.78815	149192.2913	116850.8656	93844.30343	60208.41842	167827.3548	55743.6658	160213.5497	50079.90777	93428.38586	148618.0468	140757.6905	162712.1939	99540.36757	69093.09397	146998.5581	111335.4482	114537.0937	71267.91901	82646.19392	97218.86757	62189.81112	27264.59134	108830.4796	74480.25809	62733.1269	48722.22019	63256.99089	81297.2575	71234.35716	39649.19046	117421.0676	101479.4708	167535.1935	88933.7835	207614.1073	102325.3085	57160.92705	77901.0479	14921.1417	55979.02885	178872.8131	170686.7876	110084.5099	34759.70942	65465.18114	73947.14678	124636.1046	28328.81878	320329.437	66428.62924	143278.4039	108392.4667	50949.74026	52404.90369	71345.11025	57904.31661	112129.5451	57599.59662	50278.45221	67084.63554	74208.77616	94062.01947	168342.8565	110714.3007	123997.5396	83709.87638	122204.0708	100517.0825	163199.1611	92953.19356	67211.6934	27633.96764	108783.21	100312.7274	64770.95624	161936.83	77993.12198	245777.0285	262776.6904	91408.98265	174689.3681	81542.54716	85529.49704	44365.35975	145683.9507	140447.3803	66358.15203	99832.18241	19320.36911	112574.2187	168894.3242	51363.67535	27340.79199	69029.98211	232458.9814	179684.1246
plasmenyl-PE 36:5; [M+H]+@6.39	10922.97693	7786.205026	11578.96674	7089.455168	4078.655383	9974.652442	4993.811509	4074.610504	14725.43791	3422.766634	18757.41083	1698.731967	18091.89294	17812.71075	8069.309831	22105.24022	3021.116745	10133.33057	11714.67945	17884.52989	4747.195569	6304.42894	4782.431548	10117.62335	7303.843239	3229.762818	20428.84304	6705.887288	6892.536842	17035.24093	3271.406143	7523.072755	2858.642577	657.3738389	6940.413604	2212.259839	7257.091471	8204.863914	9718.886645	2271.720118	8571.774293	6368.760775	402.9589309	2843.275857	10642.46576	19008.50428	2711.268822	2961.558664	8060.535395	1825.645427	18696.31544	2507.524786	39776.72723	7591.445234	6279.630762	4273.770537	8813.624415	5834.891933	5738.656332	2907.242979	3556.559372	1689.781582	2788.490328	3026.748667	10708.28408	8753.991874	7497.488114	4901.979356	18547.65217	11021.02964	7424.539572	2521.771202	8989.031707	1382.132709	982.1657098	959.0952138	8170.364038	8322.938464	3249.807693	9196.698486	28023.60761	30820.03882	17404.49241	10694.19835	6732.015073	2592.844266	87.12692072	1849.897461	16048.58725	8974.796091	2513.554409	5201.099239	2606.671795	3221.639922	5377.898729	2227.958052	3441.5787	4800.830076	11269.76425	11723.97432
plasmenyl-PE 38:2; [M+H]+@7.92	3130.681768	3254.029771	3224.752685	2675.045445	4127.887685	3673.053979	1833.747782	4253.778217	4226.611034	4788.614916	3491.148914	1097.61229	11109.9241	12286.34271	13243.1243	6599.251984	2821.481709	6325.756909	4698.909054	4196.672387	8069.193622	4368.731366	5488.973489	18818.08518	3750.299239	3474.071328	4767.710819	3535.736737	4294.245874	7298.468403	3943.205754	3452.513616	3751.02116	4904.403701	5996.872117	11404.47065	2399.981271	2422.801113	6103.456896	6576.858264	11363.69029	4377.031383	18397.78784	10046.45087	766.2541718	6581.135503	3727.272833	8588.135258	5000.137055	8447.648194	11487.5313	12083.76018	5029.51036	13451.35102	8728.613738	6294.601624		11162.61231	12978.62143	4570.358895	19006.90208	4628.310903	3549.199852	8571.012939	32970.37152	5835.748415	6979.028684	10598.90615	12343.79029	16693.50245	16188.66951	14633.12626	10733.9149	19878.30111	6606.20169	11127.14981	10028.41878	8534.289205	20232.16404	8711.8075	10680.91058	6850.689578	9079.102751	10712.30167	6143.622031	5854.890688	8918.244053	7654.45018	10112.94807	6340.118315	8105.604618	7164.350615	6829.241899	19921.36392	15524.79009		16880.10132	5028.321581	18950.86477	6019.680587
plasmenyl-PE 38:4; [M+H]+@7.17	58495.57609	61389.06767	101723.4145	74424.64554	113010.9882	76419.83408	98317.30903	102013.986	164165.2775	72281.58447	153056.2408	85080.0365	94042.24633	101051.4121	144554.7654	203473.548	115279.1675	97423.41498	171234.7735	152468.3218	175911.9865	74614.75275	71183.10804	85650.96465	60799.15385	24353.84594	78724.9704	78165.37216	84690.17311	55267.18962	42487.66195	94119.68118	64455.58514	38523.36812	118946.0915	127384.5028	142476.1788	84529.38905	190601.9348	96262.83335	72478.66076	89597.28957	18782.60046	34712.4359	132781.1531	173803.3518	76372.1565	38420.5723	44696.06651	62998.86065	114517.6544	21124.4743	187013.8014	88614.43721	151605.6423	99579.13059	77239.67256	96453.49729	102293.9173	46622.35794	76904.05696	82066.63915	76156.66027	94963.29399	92491.31055	111227.8685	173359.7067	163617.7401	209943.8812	91514.75814	148515.3826	138381.2483	139021.2521	123177.224	63444.96108	41142.34678	107981.3095	71914.65413	89573.4434	136793.7185	44834.28632	149861.4158	203162.2124	107592.8393	235623.2861	90439.63477	118034.4695	50698.17489	165317.5944	107763.5856	80525.60367	161085.2293	35004.68736	193492.6797	187065.8834	91910.00997	27992.76881	67162.77106	211979.7913	172200.756
plasmenyl-PE 38:5; [M+H]+@5.75	2634.404932	1340.293108	4342.744496	2762.503519	6322.7963	3102.437368	3788.380232	4040.094045	7593.010379	2287.083811	8215.066762	1899.989596	5063.794368	6610.808429	9147.163237	7196.351489	3728.315257	14035.94826	2130.604644	3329.680145	4751.332287	8933.818068	2501.298808	13895.05425	4272.537216	3051.996046	1900.899042	6844.080241	4074.369536	5035.083949	5970.245955	3000.977882	5900.260521	5281.932255	17935.05256	7751.412753	5016.171358	8060.320398	2832.174465	12353.29967	9911.488452	13800.53192	4847.723644	4754.795478	6474.40347	6289.851876	2871.779062	5116.184716	4562.363452	12401.10747	11329.48809	13441.82757	4750.681996	13006.01935	8484.833207	9532.206661	22756.23318	8262.326641	7796.50628		10886.84436	6250.909409	5178.43759	4443.366528	31844.23732	7624.406849	9996.960032	7949.653601	13611.29141	13164.53014	8889.556237	7051.493796	14882.72902	3995.136579	13122.09498	6124.178398	3113.941348	7177.684478	12642.87863	13538.90184	3007.562936	10920.45099	3755.3796	3859.409373	10996.72173	2577.349806	2855.934088	7762.633295	5611.383126	14481.7495	6741.591246	10106.77312	9175.98895	15310.31059	6843.270294	9346.654745	10274.24636	4226.794099	4672.422606	8335.145132
plasmenyl-PE 38:6; [M+H]+@6.66	66557.77229	70772.87586	64890.79691	77477.87705	53450.81934	46542.18999	48674.17123	50560.82854	81729.28797	46855.21922	93366.98141	42057.95452	106199.8823	164864.4301	77045.32079	119747.4196	55575.41241	42875.4788	134716.6922	137241.696	128656.5268	56195.33066	75605.79775	62216.25247	61476.7913	20025.87351	79623.10173	47757.24577	68901.88285	59517.90596	43904.9691	51146.5378	40343.61096	27837.08051	54702.24391	72550.4862	96922.16532	51964.9186	78252.61583	37461.05161	29517.00325	38740.62323	9084.276493	83489.42303	75745.08195	100628.4609	66959.2	36804.65393	63618.47991	64905.8009	48433.00589	24595.06944	204356.2902	26854.9064	68674.39436	47283.67989	60755.06162	45361.55108	34632.74354	37808.79791	49807.34238	40849.35198	31414.72266	52526.58095	40107.80949	94969.00259	85051.99701	53795.45641	112871.0874	72679.92409	177036.1135	56580.30254	73400.75582	78790.89592	36016.62952	19719.38827	110232.6634	65991.72443	18982.64984	87190.6021	189578.0729	140493.4154	138178.1561	109328.7289	96734.50023	30502.83864	50574.95121	16619.20005	92908.89563	50125.83978	40440.0583	47739.72348	21469.70151	122836.9627	94954.34263	26211.57583	8454.569515	23231.52899	108429.3601	122459.1705
plasmenyl-PE 40:4; [M+H]+@7.78	3994.070213	3258.56228	12959.46448	7069.254193	21465.27143	12234.91344	8589.09972	6831.411798	13523.51487	2894.68653	14733.39545	8892.324515	10128.64395	12791.7956	24842.32945	17648.71676	11245.55213	6117.149794	8949.869763	11058.56301	17821.14873	8354.945636	6645.329658	15993.53703	9791.413582	5813.848428	7742.062429	15154.83669	8868.558639	6607.833723	7615.009963	11651.4228	13010.92303	4698.406176	12061.54028	30447.07001	15119.20542	12968.70622	15882.91452	8240.169677	7070.98413	6087.965984	6777.558078	16353.98671	12834.13897	12886.75268	14646.87534	8445.668676	7893.257397	12577.89593	21308.77162	7784.759153	24318.80818	13919.46848	14742.43917	29828.79379	12821.29256	21669.12774	19268.53375	18055.96338	27171.16111	13669.51393	17415.76601	17568.07685	11644.08532	19213.71319	22122.99376	31236.16984	40868.07311	15002.11801	20587.94557	30537.94187	48339.32432	19483.64231	21781.96172	10750.72152	15154.69508	18896.55967		14072.62511	14203.9652	11244.506	27461.13212	11228.0029	47327.09681	21745.31077	35583.38096	5272.056139	21396.02875	15459.36233	22834.6531	9769.584852	9884.327393	50305.17397	21847.04557	21143.42221	7890.370226	5560.397693	41906.23969	20763.2116
plasmenyl-PE 40:5; [M+H]+@7.36	17873.34715	17635.5703	24165.37657	21658.09285	27528.37238	23897.32088	16660.08051	19008.30449	31541.62337	18011.90991	27860.87017	20500.9283	29443.92322	26317.74297	19521.54404	98691.29704	5917.628735	13412.38479	33728.53893	29737.77757	30832.38096	15428.81715	15833.64352	16055.42727	12201.29179	5401.731922	13165.33516	16985.19656	23863.37877	13143.31133	14002.212	35155.95787	10716.86996	13532.50365	26088.63343	24545.3917	23717.90116	15696.15033	24452.79177	13339.79594	8127.707177	14337.07167	3473.203472	13002.47045	22939.41363	40023.72289	11821.73967	12944.87507	13090.67234	23626.97552	20832.37811	5305.752109	34813.94887	13713.65806	22731.31597	20930.88559	19189.67312	15922.82625	14756.12001	14480.30992	29574.67923	16319.0245	10453.63052	14406.62374	16160.4916	30154.95972	24334.86498	29216.34321	46169.98496	28320.19509	51011.64089	25216.25745	33523.22459	25940.7948	9199.856804	5447.416974	23306.5427	22774.9832	16794.57928	23928.456	49568.90883	32466.76105	35818.61793	37494.40909	44645.17319	11412.52186	23804.20335	8437.790943	49810.49813	21116.58167	14301.27051	19157.86984	14087.95366	63108.39347	30024.92385	24068.10612	5713.779526	9122.717632	42487.92531	27464.76711
plasmenyl-PE 40:6; [M+H]+@7.23	33377.80716	44741.36252	52732.24811	17983.81681	36559.3212	32505.57352	39187.23357	47447.06742	67036.60654	20915.94682	46949.59189	29843.54672	53543.51634	70138.07246	49993.79511	120129.9045	33796.12788	17152.57301	95731.82879	68367.5039	84806.36086	27440.26399	45052.93325	47106.25931	27444.97226	10213.85701	30883.71801	23610.41916	17530.1425	15522.20608	23558.0928	29196.82485	20648.74627	13601.91696	49547.75831	30628.01758	58988.61576	31708.6916	42399.2688	12223.23509	11286.39473	15060.40674	10150.37541	26216.42524	29856.96796	61918.7893	29150.13906	19795.96531	20594.10063	22941.7614	37001.7802	15225.7686	72505.78865	13715.00933	51380.4433	39689.40916	43250.07961	26939.97715	33827.23542	30671.40827	21494.24034	35030.72818	31506.24168	15123.156	21271.75614	61038.51818	50077.42093	51030.52997	90201.64587	47879.00813	104252.5053	51555.78214	32582.15588	62745.33646	11233.68728	14537.71318	47067.64161	38983.71442	24513.01556	57215.08524	91343.49231	55290.11081	39753.82141	90936.17476	53759.06763	12110.54793	33999.12531	9495.768078	68469.81402	37652.42235	25711.70457	30180.18008	6491.526112	114581.2151	52317.63617	15307.7818	12420.67481	12270.95402	93799.32874	46545.11085
plasmenyl-PE 42:6; [M+H]+@7.75	76.24169205	2781.229449	1601.930397	342.7077242	3602.731696	283.6523301	4001.65451	1955.311778	3645.074845	1802.079768	3148.776423	531.3348221		3010.237619	6351.951182	6841.724035	65.31916221	1728.920852	3214.112725	2658.544411	1412.883374	1901.54585	4449.880994	4691.862031	2403.802035	1569.180428	2656.51061	2863.681369	945.4392634	1096.206826	800.0933923	3834.536511	1445.466008	1126.499915	766.6485488	3494.802782	2059.754445		2713.133662	2492.039792	2891.555112	1923.736756	1358.339279	3383.726407	2151.23126		2040.85513	2491.584002	461.8089017	1314.181729		871.7662352	9476.015063	4702.584551	4141.525455	4021.362042	2846.11867	2331.112822	2888.019389	3154.78086	5715.589654		5155.392616	3754.540114	3775.757532	7903.935876	4007.182883	5110.708288	5390.399221	1510.269042	5716.988942	12537.43221	4625.704494	4064.640207	4138.392047	496.8071756	4459.147095	3687.869983	4568.397585	1857.857313	11479.8325	2384.001549	4467.366864	5811.725446		1496.965219	3160.655027	1024.506865	4188.518227	999.3959046	2431.637833	2299.152	2005.505773	13663.84167	7434.938198	2427.694796	1408.026992	1227.838783	4628.852688	4975.939872

