Sample	S00017985	S00017986	S00017987	S00017988	S00017989	S00017990	S00017991	S00017992	S00017993	S00017994	S00017995	S00017996	S00017997	S00017998	S00017999	S00018000	S00018001	S00018002	S00018003	S00018004	S00018005	S00018006	S00018007	S00018008	S00018009	S00018010	S00018011	S00018012	S00018013	S00018014	S00018015	S00018016	S00018017	S00018018	S00018019	S00018020	S00018021	S00018022	S00018023	S00018024	S00018025	S00018026	S00018027	S00018028	S00018029	S00018030	S00018031	S00018032	S00018033	S00018034	S00018035	S00018036	S00018037	S00018038	S00018039	S00018040	S00018041	S00018042	S00018043	S00018044	S00018045	S00018046	S00018047	S00018048	S00018049	S00018050	S00018051	S00018052	S00018053	S00018054	S00018055	S00018056	S00018057	S00018058	S00018059	S00018060	S00018061	S00018062	S00018063	S00018064	S00018065	S00018066	S00018067	S00018068	S00018069	S00018070	S00018071	S00018072	S00018073	S00018074	S00018075	S00018076	S00018077	S00018078	S00018079	S00018080	S00018081	S00018082	S00018083	S00018084
Factors	Progressors:Non-progressor | Visit:Baseline	Progressors:Non-progressor | Visit:Followup	Progressors:Progressor | Visit:Baseline	Progressors:Progressor | Visit:Followup	Progressors:Non-progressor | Visit:Baseline	Progressors:Non-progressor | Visit:Followup	Progressors:Progressor | Visit:Baseline	Progressors:Progressor | Visit:Followup	Progressors:Non-progressor | Visit:Baseline	Progressors:Non-progressor | Visit:Followup	Progressors:Progressor | Visit:Baseline	Progressors:Progressor | Visit:Followup	Progressors:Non-progressor | Visit:Baseline	Progressors:Non-progressor | Visit:Followup	Progressors:Progressor | Visit:Baseline	Progressors:Progressor | Visit:Followup	Progressors:Non-progressor | Visit:Baseline	Progressors:Non-progressor | Visit:Followup	Progressors:Progressor | Visit:Baseline	Progressors:Progressor | Visit:Followup	Progressors:Non-progressor | Visit:Baseline	Progressors:Non-progressor | Visit:Followup	Progressors:Progressor | Visit:Baseline	Progressors:Progressor | Visit:Followup	Progressors:Non-progressor | Visit:Baseline	Progressors:Non-progressor | Visit:Followup	Progressors:Progressor | Visit:Baseline	Progressors:Progressor | Visit:Followup	Progressors:Non-progressor | Visit:Baseline	Progressors:Non-progressor | Visit:Followup	Progressors:Progressor | Visit:Baseline	Progressors:Progressor | Visit:Followup	Progressors:Non-progressor | Visit:Baseline	Progressors:Non-progressor | Visit:Followup	Progressors:Progressor | Visit:Baseline	Progressors:Progressor | Visit:Followup	Progressors:Non-progressor | Visit:Baseline	Progressors:Non-progressor | Visit:Followup	Progressors:Progressor | Visit:Baseline	Progressors:Progressor | Visit:Followup	Progressors:Non-progressor | Visit:NA	Progressors:Progressor | Visit:NA	Progressors:Non-progressor | Visit:NA	Progressors:Progressor | Visit:NA	Progressors:Non-progressor | Visit:NA	Progressors:Progressor | Visit:NA	Progressors:Non-progressor | Visit:NA	Progressors:Progressor | Visit:NA	Progressors:Non-progressor | Visit:NA	Progressors:Progressor | Visit:NA	Progressors:Non-progressor | Visit:NA	Progressors:Progressor | Visit:NA	Progressors:Non-progressor | Visit:NA	Progressors:Progressor | Visit:NA	Progressors:Non-progressor | Visit:NA	Progressors:Progressor | Visit:NA	Progressors:Non-progressor | Visit:NA	Progressors:Progressor | Visit:NA	Progressors:Non-progressor | Visit:NA	Progressors:Progressor | Visit:NA	Progressors:Non-progressor | Visit:NA	Progressors:Progressor | Visit:NA	Progressors:Non-progressor | Visit:NA	Progressors:Progressor | Visit:NA	Progressors:Non-progressor | Visit:NA	Progressors:Progressor | Visit:NA	Progressors:Non-progressor | Visit:NA	Progressors:Progressor | Visit:NA	Progressors:Non-progressor | Visit:NA	Progressors:Progressor | Visit:NA	Progressors:Non-progressor | Visit:NA	Progressors:Progressor | Visit:NA	Progressors:Non-progressor | Visit:NA	Progressors:Progressor | Visit:NA	Progressors:Non-progressor | Visit:NA	Progressors:Progressor | Visit:NA	Progressors:Non-progressor | Visit:NA	Progressors:Progressor | Visit:NA	Progressors:Non-progressor | Visit:NA	Progressors:Progressor | Visit:NA	Progressors:Non-progressor | Visit:NA	Progressors:Progressor | Visit:NA	Progressors:Non-progressor | Visit:NA	Progressors:Progressor | Visit:NA	Progressors:Non-progressor | Visit:NA	Progressors:Progressor | Visit:NA	Progressors:Non-progressor | Visit:NA	Progressors:Progressor | Visit:NA	Progressors:Non-progressor | Visit:NA	Progressors:Progressor | Visit:NA	Progressors:Non-progressor | Visit:NA	Progressors:Progressor | Visit:NA	Progressors:Non-progressor | Visit:NA	Progressors:Progressor | Visit:NA	Progressors:Non-progressor | Visit:NA	Progressors:Progressor | Visit:NA	Progressors:Non-progressor | Visit:NA	Progressors:Progressor | Visit:NA	Progressors:Non-progressor | Visit:NA	Progressors:Progressor | Visit:NA
CL 70:5; [M-2H](2-)@6.12	5837.78277	11523.41546	8246.320128	5550.677345	6325.76469	7427.110805	2738.157722	6376.805484	10391.16097	2777.073703	22355.80562	4442.077259	6739.510901	8845.056181	12697.60182	6897.46732	3239.647843	5459.905736	5859.857665	6628.689064	18276.98753	6415.678141	5591.160447	13885.65839	5741.603508	1087.491982	6455.733876	13616.69429	16968.24156	9202.889217	12369.69904	14223.95672	20158.20646	8026.213303	20864.80784	21263.4617	9477.074258	7256.999389	15892.77264	12159.70197	7320.814121	4507.396998	14536.80221	150.6478741	8374.849197	17504.66175	2694.639774	8634.585382	8917.848354	6724.228374	13166.18028	13860.47978	6120.989883	17141.96342	9301.695863	7296.363177	19614.47948	32069.7619	6212.329828	4677.32008	3714.371173	7936.988425	5730.695347	27346.71876	12441.42096	3934.57161	9210.967689	11142.43579	16459.29555	9622.461388	19016.22191	5998.068623	15865.72408	7776.470396	14878.61363	15275.33715	4627.708933	20422.9049	11904.3419	3091.768488	4807.041784	5441.248626	18004.18689	8317.12593	11065.93364	34327.08271	6873.312317	8555.774788	4632.389065	19690.40251	3043.079814	3645.300823	4103.636239	25960.76972	6021.752901	4330.563156	16607.00725	7956.261185	6396.312571	1825.92383
CL 74:1; [M-2H](2-)@6.80	39440.77376	78813.81616	32163.96271	3228.113134	42644.98658	33572.33731	60960.56706	44699.47974	53147.19926		68009.8134	55193.80612	34331.10335	41538.83249	39697.00921	35437.82402	49584.7956	41991.07586	2672.779834	35651.46284	57278.25813	41702.83645	40181.94982	4921.644279	51530.27529	42869.17615	6447.449091	58204.22254	100011.8062	42837.14354	68726.08758	151136.8808	46169.35811		61272.13204	70303.90355	66760.63061	2812.987549	59436.62367	55052.31263	58608.52662	4629.532033	46498.45486	94.05360351	2659.106096	63336.25515	31369.10131	3955.081435	55650.46115		43102.50371	52926.2725		23671.1493	44245.80817		5414.959099	3618.490813	34443.92314	28948.95559	43192.93371	33981.28666	44963.5307	2978.4152	68172.78237	57232.63921	42859.23473	66553.34684	71803.17107		5330.053509	42239.926	58810.49106	66529.84834	59167.93844	55505.56712	36280.774		34031.06754	68764.11846				12474.83819	39589.51229	68447.76088		37953.9139	5356.824696	65455.00406	69675.6028	34424.18834	59379.88005	73347.71655	45174.5421	61438.96614	30715.48895	46505.54263	35292.97523	93184.93812
CL 74:5; [M-2H](2-)@6.59	26048.65545	96973.06201	109143.1277	60944.4801	62315.5543	84068.48338	45607.85512	48364.3975	145511.3134	53238.06277	191304.0973	64818.50858	101159.3927	123809.689	122562.6179	78277.61785	28466.41122	28194.2205	67225.19677	67427.65054	186751.7323	91072.70314	110881.7192	87672.98465	75065.78205	14448.77001	64804.63408	44615.75421	150841.6799	28239.26185	68193.85001	214352.4442	148475.5356	109585.6106	145199.505	195061.4377	70409.53568	56885.21041	169196.3883	28932.91813	61481.85607	34524.56321	37543.12622	88.81073342	69654.58941	152352.848	47039.57413	67160.15734	101894.6804	122618.1912	34398.91143	30990.61744	50209.38009	44161.42144	150980.1725	74217.92047	89528.81567	214449.6907	90012.9513	54990.63141	80034.0294	69376.38318	75166.77482	220395.9854	71512.64944	50234.99614	119261.503	107539.9776	208049.2363	145478.2318	194551.3977	107448.21	204335.1105	308084.7151	147247.8674	37840.99053	72802.93247	149407.2472	74957.03695	124349.4012	101034.8829	40284.20625	82516.34524	108571.3825	132888.2009	227917.7312	102912.8877	54111.80772	86385.67181	152003.8772	56150.58155	70417.45451	40567.65314	175007.7865	88102.36497	90147.32263	47404.08349	39704.74872	83712.18043	63921.99418
CL 74:7; [M-2H](2-)@6.14	31088.78717	162314.5554	64426.53638	53431.26356	50196.18682	63733.50265	39881.12593	66737.69363	83054.1736	36780.06406	135974.324	77219.39725	76401.15131	142703.7778	85942.84434	66580.3471	33367.72845	20314.39512	47089.75482	73542.6078	111237.1278	46184.19102	82185.57657	47247.20826	57444.50112	10778.10701	49945.08363	38919.52227	159332.9832	20699.87433	97759.30413	181072.6483	165088.3454	84893.11851	134261.6024	179003.9322	66890.32489	38597.45294	121923.0214	40841.43228	45641.73535	28993.63368	23021.2334	59.73310809	74425.19287	92617.53226	46682.17295	26905.11656	109471.5865	68007.66135	45754.27591	31026.33539	60851.01325	24930.18452	78010.34253	37952.38775	53315.24275	104796.109	55908.99466	37968.68074	31615.94055	66477.97091	76392.7259	133149.9002	34531.23791	30310.21244	110216.8939	56809.78655	212558.3213	95066.84544	127084.7543	89735.99945	79689.15691	94958.13517	59641.26438	46894.38197	53053.02204	98828.81617	33030.74691	70827.97843	68074.85779	59535.68568	99812.50311	48045.76781	210168.2698	175741.3907	124167.6549	48536.79239	62205.75479	98763.08255	42147.33039	54765.23615	20679.88054	142898.1545	51707.58712	63413.6858	19610.61483	23696.89827	58984.69751	53050.95349
CL 78:5; [M-2H](2-)@6.48	16136.1299	7508.083407	25050.45666	3524.052668	6041.993683	4827.120183	11591.6397	5193.465808	5316.247194	9116.139801	9114.163065	6522.343078	15698.15179	13674.84141	32326.24018	11445.30947	5694.742217	29145.74441	5958.726783	9991.836489	12650.24902	14237.41796	4409.177051	11358.94969	9038.131616	6281.188682		13993.02676	15074.03899	12700.43799	20207.29314	11422.15035	9167.577543	11163.57439	28882.11469	12578.27052	9045.151928	29728.51171	12958.71188	81471.8386	31880.0913	22537.45076	38140.65805	144.2672784	19039.63485	14565.73049	12083.84157	11914.52209	17744.8524	17195.75929	70591.27462	15979.77606	16793.47432	23402.44505	12756.91735	14153.49801	21005.77113	33591.09741	12518.78308	5894.239223	14484.83322	8808.919871	10433.41848	2735.538581	19531.70537	17011.68038	6686.754099	7511.576079	24173.41354	6058.047735	28392.70679	8569.518221	12416.05378	9789.989288	17331.24448	13079.95502	2821.949833	3286.009135	15733.54111	9761.041825	4093.927365	14875.39578	15496.04948	7747.292655	26429.14471	17817.25386	11918.26072	33829.9937	8508.539996	9548.457887	5496.239319	3129.326848	8322.017188	30026.37435	6939.752013	5634.023258		13886.47928		3205.337306
CL 82:13; [M-2H](2-)@6.44	8558.819938	11670.26138	14072.62781	12874.31144	7887.809584	7718.309337	15310.10314	15154.28851	15384.7962	8280.629673	24417.40513	16049.9713	20839.27513	21449.83978	26050.60181	15497.68619	3889.241834	5176.616583	17266.1668	13302.56195	25354.9598	9799.541837	28927.19011	8318.224981	15638.33768	5321.777901	10023.00959	27269.94801	20122.24815	6666.073897	3494.808362	14858.36741	11997.06869	10147.61458	11842.81951	30558.079	11855.4957		35872.47145	10469.82831	2575.350576	7131.801587	3726.88239	28.15710181	15542.73415	29846.99521	9968.977788	6070.452864	22210.97583	9291.693615	10425.01504	4443.831116	26191.1461	6092.544303	16309.13784	18724.76263	12392.37188	26867.94766	9555.237317	10198.07342	8053.243663	10427.2361	11633.41522	35250.5156	6908.106694	9052.210762	10644.04959	18474.11639	25979.88685	17467.60086	52903.60746	13884.67964	12938.71219	18821.00804	8263.230461	7252.022499	22155.10349	18511.349	13904.37377	27074.08865	35476.94436	12066.62193	13038.14028	32472.27115	24008.80092	9589.784676	18035.85006	5470.576762	15804.39166	13305.59773	9930.022099	11515.75208	1972.668146	35692.33734	11194.43541	10093.99392	4836.654181	14055.76123	15075.5533	9493.23849
CerP 34:1; [M-H]-@5.89	1478.385394	1020.702409	2417.734544	2176.350631	1021.050558	2424.32555	3255.905737	3320.618036	3534.138141	1948.55949	2313.287712	4608.46453	4055.521475	2998.772482	1341.995431	2188.808552	2169.094503	3197.045309	3209.910183	2415.382093	1503.330077	2475.049378	4016.403259	3209.160075	2622.061126	1682.691529	3189.640723	3548.274201	1965.366574	327.0183037	1131.63782	2602.048916	1528.18505	1972.564052	1946.863434	2559.5223	2121.235024	1670.981487	2037.822789	1500.192002	3220.4922	1350.212756	2183.237379	95.73920143	2827.247952	3295.954514	1107.97938	958.7492384	2341.726594	5137.278787	1410.822808	3096.057867	1222.342811	1169.832015	2654.184133	2688.113409	2373.247297	5053.562159	25.12434704	2411.510691	3803.941734	1791.880209	1500.328259	2458.236245	4241.273987	4046.602782	3874.018435	2696.932503	1381.724916	2052.266215	3497.981525	2823.346368	2041.432884	2810.053846	2582.278245	4303.659983	2159.416988	1400.36313	1371.502701	3006.723611	3884.119063	3959.070613	1000.789964	435.6568084	2628.315462	3442.70886	2664.461925	2757.882411	3052.878378	1430.820784	3258.378464	3386.750083	3398.6992	1902.876907	1162.363221	1177.284365	5614.464676	2191.789695	1947.219772	2385.052229
IS PC 34:0;[M-Ac-H]-	169053.7627	163555.7706	150535.9752	154792.6594	241109.2425	145193.7267	205909.9669	170035.56	183379.4375	184151.1064	163968.2381	158280.0016	206872.1854	204416.6095	248057.6462	152333.9401	194545.2788	179107.6839	180431.4379	174347.1573	152443.0013	227331.5117	172087.1186	300513.3892	177899.9108	344243.2657	250709.4359	200740.0962	190253.6033	185735.7123	254688.1839	233656.24	216234.3378	246588.2364	243049.3037	251509.8984	244874.5396	233109.7525	249014.7321	220982.5359	210498.1513	182473.7324	222708.3974	1452.180929	196714.9119	264189.7009	281560.5999	280161.8729	284607.4109	283394.0596	219258.8359	248456.644	207146.0781	165617.7356	215964.7632	238111.3409	211646.8222	243477.1335	196544.9432	235254.6973	193513.3058	202525.0655	245775.1888	262127.7038	234186.2022	245151.9976	246602.6517	214629.7149	236510.3854	203582.062	230470.8843	245059.8521	235400.2477	233887.1028	231388.8721	259401.76	217424.993	220720.1351	242329.0055	226190.9754	232562.5787	271180.876	282117.2226	266098.8859	242586.6644	316120.1827	297685.691	263493.985	291570.3725	302619.3693	320683.8257	258238.5015	338568.2949	280122.932	352405.9788	282245.9413	299774.3403	304651.3979	292792.3921	262331.5922
IS PE 34:0 ;[M-H]-	368965.8048	466427.4462	342190.0256	332032.6268	549149.3056	294328.0631	429228.3808	374294.5817	419791.3192	385176.474	376169.7877	398233.3748	494885.8837	363406.8425	522644.4558	355857.2109	452246.0287	306256.4058	384469.943	355842.907	526278.3977	543065.2859	453224.0512	639790.9864	440075.6512	780520.6408	483862.8075	465643.4643	480454.5032	433337.3271	628561.7325	499559.0441	524436.0752	531842.7063	582411.3432	621801.4706	517868.3775	536025.1784	638046.4396	449560.4129	477454.1268	401634.518	496362.0321	801.8783733	458619.3666	412332.4249	677140.5729	599293.1451	614937.5971	449319.834	547766.8139	630374.5204	379725.9829	342676.2812	440231.7525	505016.6042	379908.0696	532124.602	378875.5962	435076.875	385209.7689	546412.1058	499878.6033	579977.9236	443160.8834	494986.8279	498359.2329	528664.6337	450772.9944	503470.0137	516781.3692	439061.0745	531463.7232	513965.0061	609822.7356	403035.984	475332.6984	525886.9455	467183.2363	422731.9991	536556.2668	562942.0747	572424.6641	569127.2413	512181.452	586009.1119	567147.3101	616539.2703	655375.9834	630416.2559	856135.3222	479516.4906	958225.4111	530002.7435	800776.9802	586104.796	431312.4947	572491.0794	606786.3113	573656.3589
IS PG 34:0 ;[M-H]-	803431.2337	577160.5748	580153.3832	336740.6047	865587.4068	755359.1903	968934.743	621625.5545	949674.0218	844727.5798	612570.844	697464.2547	647402.4784	743804.8323	662836.8113	705110.6418	663655.0949	887333.8584	472912.43	841798.804	1111624.009	871184.6852	715516.4356	554571.0218	856297.1064	1493354.584	747706.2301	995887.491	1011804.412	1084924.054	838732.5109	1042140.113	771719.3813	1240849.199	938233.0357	1097183.272	1231831.06	957672.3355	962746.1218	549733.164	963354.9103	464622.5012	637281.9507	1333.644834	757041.4343	1066751.864	1265790.898	1146953.341	766846.8562	797833.8154	815340.5565	971476.6262	965190.206	815977.7035	890815.9234	862349.6345	931320.2462	1134843.138	872022.22	1108842.121	1014514.277	862253.6306	1116955.467	1078703.968	783409.903	968181.2176	938018.4956	931789.6299	890719.2848	1039555.4	806900.7766	1187312.464	771402.5742	934342.2391	1092458.885	1081582.466	766546.9928	838210.0652	988926.3335	994583.3232	872185.1385	1037788.084	1159132.113	991674.543	1317609.814	1328028.154	1121132.746	931395.1368	1014578.256	1125165.298	1081007.076	1049172.974	1212991.016	1223216.716	1456335.215	1137578.994	1233668.471	1004775.181	1361669.414	1102033.757
IS PI 37:4 ;[M-H]-	30307.52814	15712.47885	11831.67967	8636.739443	19612.05773	29925.04761	40690.28216	18703.62121	28492.53128	39945.88762	16378.71699	34248.28482	10617.94754	19474.94982	16071.01943	18158.66076	26365.1428	31369.31387	12679.73089	31633.99072	19955.71829	25781.55295	18202.30002	14096.83471	33038.97191	60665.2922	30480.4629	15570.48745	33987.07825	65082.32497	38483.51413	46847.7722	14037.30357	59044.18913	26035.51395	27393.66104	27245.50956	42443.38953	36448.56717	10537.85923	31256.48361	14364.76292	18676.90254	102.1730156	20044.3431	34215.29928	43653.6845	50645.68604	17259.59305	20307.72506	23570.12967	26993.95321	29794.59199	21850.9247	58138.87529	44545.15706	34294.65948	22586.94999	51812.44292	78285.02268	51741.9582	28960.1258	44991.25269	35996.2479	20852.53243	59535.8968	24757.97378	52893.6612	39343.70182	26417.58761	28254.96287	43878.47344	20142.99184	31716.32904	45363.68308	30380.94394	25819.96937	30080.01763	27581.37698	36564.2455	24254.59663	20363.11731	43464.19982	51100.40373	31422.77582	32153.94259	37590.46824	20763.89706	28538.07281	54122.16809	24407.49145	44595.90763	33663.80236	31452.621	40371.39436	36992.73925	19106.96255	37731.98456	46653.71636	28537.59561
IS PS 34:0 ;[M-H]-	31534.75226	55239.58373	27926.43228	29724.71082	47598.18734	23900.33945	67945.27289	55787.82278	66069.56979	36395.48012	52095.27819	52356.74059	55778.50269	77974.75318	34435.38767	42005.11827	28876.67555	28928.44932	41129.83125	35301.5499	82964.19824	35851.26913	55935.5205	54488.35499	46793.92906	99876.03851	57016.70921	36048.24449	115520.3524	93259.77921	41067.29451	52838.07159	43681.43533	36151.45926	45135.18823	71700.35998	55546.09042	28465.7965	61194.25146	17152.62064	41843.08168	27484.60874	38212.85634	442.9870209	29899.54536	70696.56419	62506.13554	47394.55517	62879.32106	20390.02553	43885.42952	31418.36739	80122.90476	24867.25618	54527.66848	75820.58516	63255.69945	76775.01523	15663.49438	43665.86378	44280.4134	43221.61758	41771.41163	58936.43509	33105.0762	51789.26399	51159.96509	55652.34412	88096.52622	70173.55401	67309.83024	41914.08407	36090.07046	53412.03207	38202.49923	64631.82908	45095.20883	45125.30168	25244.93178	47283.37792	43910.29864	43691.711	40722.938	46209.96185	38690.34343	37785.64437	36519.28157	60930.40729	42240.91805	117973.3494	69103.31508	53722.43326	269948.3601	53415.31982	54221.65924	38516.65666	27378.93986	83360.83741	39429.24246	42823.21851
PA 34:2; [M-H]-@6.32	2171.558873	2063.242141	350.8554212	1432.421782	1979.005795	853.8698522	477.0360508	946.903716	5891.646929	1571.597026	1859.133629	1217.098368	3099.805848	998.819888	357.155351	1169.628852	1374.444731	1512.252247	1093.514843	596.1854379	5277.182262	6505.190441	1614.605843	467.9086961	865.6200466	2077.756918	2172.388355	2803.859132	1340.241242	1607.520726	3609.601662	1014.294048	1106.903411	1332.208232	1400.92134	3477.260337	891.7293712	584.0607165	2712.674826	6948.047201	3994.941954	2835.229776	2964.298472	182.6042945	1412.257514	1249.026839	3453.685103	3035.101989	434.6627507	7246.67566	2463.816538	4935.908483	1360.652869	6833.024421	5757.873267	1918.031191		3728.182046	1273.503492	496.8906673	1585.257317	2391.109985	904.0468589	2981.11161	5430.576883	2859.034379	3548.419904	920.7944089	3989.157406	485.9025969	1621.375288	785.3142601	1091.549172	2166.390526	2417.725375	2259.068888	1076.475879	1590.703405	7032.640415	468.592017	1101.298906	3632.41316	3763.365888	1114.617541	483.2525642	1900.241	1094.175525		547.0765183	253.6342856	1761.497216	1784.330682	1316.874157	590.2289861	2153.505391	811.3215224	7694.862511	2364.98605	1664.395144	1142.06299
PC 26:0; [M-Ac-H]-@4.55	1139.848559	4398.370142	270.9176405	1239.896431	732.7807433	132.2109701	515.4383387	105.4656604	557.9757244	372.3348741	1354.310933	291.229739	4523.719163	2825.699876	598.6178278	1519.131979	594.5567682	3175.6019	1270.52928	192.6286261	1580.170454	1496.308048	1388.8605		760.1124671	504.3710895	3085.447837	1718.621843	2644.71306		2620.708272	311.2157415	1276.881035	105.2923583	2820.270217	1019.081774	719.8972582	698.6057591	6263.605031	2172.405776	1311.21647	1084.025836	3526.94286	41.34788653	684.3086186	1272.1432	284.7043274	632.4260866	1096.518065	3981.692321	2553.726017	3030.100813	528.1494612	1627.799616	2384.877569	1700.129363	2336.691908	5572.120563	754.4326686	336.3763114	263.9218444	852.5403502	1400.004324	617.8188959	2733.41043	588.7318587	1163.541063	536.8944934	3202.30133	2051.498633	2169.953378	1483.849504	2954.798478	162.3478691	3154.952603	2278.823186	832.7844578	666.2974011	1339.994046	2398.949962	904.2259892	2162.979746	518.6633231	360.2153326	890.8994938	242.7470922	1540.0974	320.8558555	40.49790249	1759.468486	1077.423475	2572.862898	611.4354937	3252.688293	424.5237614	421.8013681	4669.483149	5158.745042	586.7914646	549.9239064
PC 28:0; [M-Ac-H]-@5.32	8187.708431	36770.11837	9857.732201	4127.2041	6362.270543	4826.999224	4323.817229	4858.292694	4676.503154	2202.705011	12844.08497	2319.503362	22195.75214	21071.75458	7591.234	6262.998784	3646.014492	9926.474197	15165.86633	6223.92764	16538.43443	8858.199337	10713.24385	7696.827062	5419.716877	2311.366885	6140.59747	11787.61029	20958.82024	4635.393383	7163.079865	7474.913962	9827.688375	5439.636457	29667.52172	16545.10889	6846.922428	11735.00879	26655.65404	9918.920887		6594.961964	12391.44871	48.05156495	6106.994344	7098.392692	2518.520221	3821.431173	8507.850756	8606.24737	6886.396692	6642.363718	4547.258292	4865.971632	7773.508036	3649.14347	6144.414207	32985.43098	12753.18714	1880.179865	4339.875875	5177.288482	8633.185279	10618.50855	11724.28164	6074.450822	6547.157558	4163.556046	8995.936331	10412.64249	11819.66327	7831.895897	13432.12978	4451.076496	15074.113	10405.19871	5020.849979	11240.86195	5376.440671	5169.061704	6082.866609	5571.96851	5030.120174	3336.371355	13826.72491	11925.25873	8110.554578	6411.680432	5526.948351	8449.671472	7448.790624	10283.40195	8475.549367	14629.07111	3149.535404	1916.206828	7734.046473	3530.777403	3281.099496	7181.925104
PC 29:0; [M-Ac-H]-@5.61	6040.242213	3236.674987	3298.249643	2209.618577	6583.576241	2295.491833	1522.494318	2405.804146	2995.188847	2234.915195	4732.355256	1865.526224	8515.836693	3160.165985	4564.270933	3033.957684	1186.767125	3164.530213	9112.710961	4154.082793	2293.106209	6969.808682	3900.020678	9755.2881	4330.241087	5446.699616	2857.316385	8190.321016	5747.60128	5029.673282	4296.148262	3100.155602	5452.599922	1842.762691	7046.709121	1964.145516	4491.61277	2825.802241	5109.839145	10878.23559	6821.383923	3519.475437	6304.50198	77.0068409	4304.291495	4777.106062	1370.655451		7355.662763	2309.256762	1905.340011	14366.9113	2365.499595	10329.57711	3851.511499	2695.337825	4245.823445	5499.018462	3169.976351	2720.669636	1692.652781	1317.476788	2850.653426	6585.033192	13428.14858	2599.727672	3875.911381	4426.194551	4174.721956	4493.147858	5902.520664	2270.751654	3452.354447	3244.426712	4126.239233	10765.69828	2671.64803	2974.930721	2771.640431	2311.829346	2305.3493	8015.13495	1877.942559		4393.485672	3754.798566	5262.093743	1358.28305	1392.63796	2899.773976	2171.464163	6851.989855	4090.549439	6014.712736	4485.787784	2386.391962	9233.802126	6995.6818	4780.658573	3468.479994
PC 30:0; [M-Ac-H]-@6.03	28500.64865	74111.52136	38612.69042	28946.83948	28025.00931	21081.36208	19956.2725	26905.95339	14450.77426	17086.71628	43361.84844	24560.59483	42499.68424	39204.12374	25596.08464	31802.43523	35513.99989	33436.04037	36048.5818	19615.65601	38534.55055	39328.45047	29299.77748	71943.37214	19663.52429	17603.51343	33509.43021	30974.14112	57621.07253	25881.1406	38898.56368	29201.36203	30593.82013	15675.64032	65884.46628	43383.15974	33595.19448	41416.11574	51098.98001	44073.81127	27834.09092	35352.71374	56927.81172	79.74254505	27214.63551	29024.62898	38296.08936	26826.05184	30313.50915	27057.11417	27001.93586	30214.01232	30376.71596	20492.06993	23959.83265	19657.89909	38547.43907	57338.15462	27362.37528	16542.11146	24746.29844	23302.64736	24419.91844	39202.02301	49490.73685	27920.12862	22137.43055	16711.6978	63508.81881	19376.86449	24828.45139	20643.61805	53666.62762	11512.84904	25841.14207	36235.72147	18898.93143	33379.78952	39942.5499	26293.57092	27178.16245	46959.96597	19364.92408	19068.62146	30166.67304	50231.24841	29431.7221	31895.42386	25585.19096	51856.16109	18935.83372	36377.81301	45294.16744	53105.88105	18597.84065	9811.330168	36616.22705	13258.22829	14310.2728	15042.08231
PC 30:1; [M-Ac-H]-@5.49	15662.60531	27385.21595	11840.84978	7044.0258	8893.248896	6501.302159	4657.347874	10370.58162		6439.188867	21898.43178		29829.86018	19261.62742	9512.999658	13135.42318	12666.61615	10932.81694	19338.88592	6789.607774	23255.25805	12248.7538	14572.83282	17387.96891	7742.400276	9721.981625	15659.70884	10173.98505	27573.31445	9717.332043	11955.66877	11569.07859	26599.59519	10585.12637	55560.89758	32960.52087		13380.4036	25914.57335	6638.107563	9009.563052	8641.510857	25263.63409	184.5882177	13055.39968	6767.488388	7793.887132	14781.02534	9674.837058	9712.401738	14157.4933	19835.55423		11681.19615	20470.30348	9595.810375	11571.27922	36550.37251	20188.66304	3238.902504	8979.551292	10799.35106	18259.90576	19604.2665	19281.5449	9714.738413	15991.57313	7473.655203	20220.13321		27678.72239	11282.88345	11652.53041	8796.998623	22745.11794	17959.0924	8845.260221	12943.63187	16989.57553	19086.94364	16130.74633	8381.354597	11421.65505	9165.16763	12615.28176	27517.52282	10038.89574	7024.479284	10792.7915	18228.39548	7023.040682	17118.9795	11868.27688	23887.2502	11903.20407	2999.058247	10827.25698	5424.004714	6193.213772	5399.138248
PC 30:2; [M-Ac-H]-@4.94	3830.844498	4206.708379	1342.528767	2290.698924	2450.370587	1049.953624	1560.481529	1696.618994	2781.004683	784.8322569	2117.09483	1481.68759	6351.021321	8419.179572	1123.947449	3049.733523	1452.275522	5261.698947	2896.711356	2265.313302	2806.73749	2652.323632	863.5214733	3428.299347	1301.797615	982.8415831	871.3501501	2514.494216	1520.620304	2034.043835	679.0566555	1177.588288	4078.740734	427.5587129	6434.967135	2104.10035	1871.270913	2451.168482	9567.868037	5132.560209	2019.335555	1426.507367	2606.070196	130.9018307	1380.207679	1943.679408	941.6128138	1026.673938	2643.685521	4091.488039	2341.486276	3602.291265	1300.209243	2716.42757	2984.378622	2036.091178	2798.304265	10547.85888	2731.654698	1312.24064	1021.450445	2333.163397	4274.258269	2112.732515	3520.028258	2116.359082	3131.878573	1506.059562	1447.763306	2400.906216	2637.433647	1206.479728	2085.185125	725.3629134	9680.847063	976.6485852	1310.892266	2759.843472	3328.377162	3951.01762	1464.651598	3296.058013	202.4748374	2672.542089	351.0770356	1606.738515	4353.64056	3272.8662	2662.002947	3222.816849	544.9004856	2435.651376	468.5799469	1103.627926	970.106877	881.1640545		533.630862	1040.361731	2600.915995
PC 31:0; [M-Ac-H]-@6.28	5009.778829	8398.466551	7534.55077	8351.721633	8552.028493	9193.355166	11698.21868	9610.748827	16384.1811	6883.162534	12499.96139	10285.80809	11448.40411	10151.78109	10823.28802	8234.647036	13595.00783	19133.45968	12810.53154		12549.77685	9170.313463	7215.630718	24934.91172	9157.672131	10567.97467	8847.409636	25930.82105	14947.58168	22164.74471	5637.635662	19227.94867		8115.016626	18069.03236	18484.95553		14256.41608	6774.712717	11128.09448		9589.862226	16899.35034	215.6175059	3235.289739	5865.927936	17791.20163			11324.60033	17304.77535	7986.471641	10089.40877	15636.52698	23459.00961		10618.34705	26292.18905	7504.523637	9611.440348	10215.45432	10935.32151	10657.80379	10837.90226	21383.42172	15237.37166	17857.63571	8476.987026	15188.71158	11857.92732	13667.56533	6185.881522	20477.91621		15226.50724	19823.33562	5531.365534	16996.03696	24018.59165	7367.912067	6813.356081	17823.71824	9824.885087	15480.75036	15040.84828	20742.37673		6737.053637	11439.64416	3773.849724	13255.64351	13594.66563	20611.09774	16808.39312	7279.849148	2437.131046	20641.36931	21311.34655	11120.4343	4535.84112
PC 32:0; [M-Ac-H]-@6.66	84536.24963	126542.9463	119096.8511	79400.71729	71390.35245	82703.74474	90371.76158	86012.6967	90865.69298	61081.47755	106304.094	77166.94025	117581.5324	120727.7474	97059.04994	78473.43948	128178.7652	95289.7041	100819.1698	134863.7677	101216.7199	119786.5515	103727.1492	146399.4594	78491.19675	67032.43874	114971.0293	130296.9755	138482.821	85713.88307	118561.2839	136010.9419	133568.1863	97542.18093	129670.9967	115026.2992	123354.2581	127116.2238	107182.3954	75498.68891	114400.3191	68226.76393	123829.7904	341.9800228	83867.71992	128219.0194	84585.47871	90453.87462	142614.2161	92870.97635	111427.4589	78222.13638	91511.40926	66057.51653	86287.52496	78516.09807	90121.79318	111781.0018	69816.91551	68342.98795	92932.76588	74112.36291	76359.68941	103014.4767	93255.92332	97329.3679	96091.81888	103056.6602	126175.4125	83460.44452	134032.7878	75989.61323	122671.2194	82505.84444	84906.72062	133015.2354	93660.38742	96157.98446	89267.31144	81841.82266	107022.9283	115699.7426	88241.04745	111769.5353	97423.53866	184829.8803	99399.39712	79566.64457	64334.00474	127723.091	88814.48167	89841.16321	95138.00306	112073.5266	92857.19659	74144.23226	113752.777	70866.83741	113785.3219	85939.89836
PC 32:1; [M-Ac-H]-@6.15	62941.83797	133822.8709	77637.89212	62569.36245	51759.31715	32710.59655	48636.93071	78309.00744	22895.0017	28577.46696	124138.2575	64796.89741	102366.8074	101285.9067	103290.1333	94584.17201	76925.12447	81143.93715	95825.3339	55768.83442	151568.9514	119975.5979	67088.33602	113285.079	39315.6567	33604.53361	95691.78533	60157.38033	222847.7591	65643.14641	90869.10922	83365.22328	109284.3782	47927.30418	260493.4983	134002.7611	99484.5971	78091.04887	99844.4526	64108.90227	65252.18841	63366.56985	114813.8079	217.1011401	46714.70203	60990.68879	37964.88505	41846.37121	89178.35763	57342.1208	79371.21884	93338.74981	52041.33303	54003.12193	69843.05286	85805.03051	102608.6453	178034.1264	108490.9608	41356.50675	39635.85039	51607.22529	79395.64137	83110.86787	81102.00967	37595.92604	50868.54831	46082.24108	170900.0337	47257.8819	76788.20856	71951.62785	42212.53243	92971.86826	99816.02202	169989.8476	52004.02675	69864.73837	51847.80813	72495.66326	54104.52862	53178.7712	40108.24752	55332.40616	80041.21951	240362.1846	71687.59409	64235.97599	43877.83239	98725.66928	71348.70664	104658.9882	80429.29531	167835.7252	55740.21895	26574.87475	79791.04599	57768.41108	65425.70434	34101.5486
PC 32:2; [M-Ac-H]-@5.65	112925.0255	216883.606	96278.29819	77786.51107	99278.38866	73563.59322	39866.01593	62568.74758	59345.87429	45091.49502	108362.4284	65969.35254	189525.2931	180029.2848	108171.1035	118106.8804	64019.64357	77157.81087	112768.5989	107897.087	142621.8933	106496.7102	102284.553	115890.6981	101180.3803	36723.10176	132341.2298	91006.83961	155670.9219	72731.86291	115066.753	135818.7647	99274.66947	85837.1758	139308.1389	110785.8026	99351.49462	69853.37245	185352.3293	86943.38191	74324.84704	64829.33489	103635.6699	156.5130053	83796.4802	88192.13961	71879.47703	62957.1685	54249.11319	76713.82684	62964.79682	71685.38044	68661.12138	73755.64481	112891.6461	115316.8595	82664.93709	245053.548	75554.82079	34280.57464	72448.1036	81256.30617	114014.4109	153562.1683	116707.6594	67292.16001	77528.99211	72162.03193	131958.8747	66442.08194	143023.2386	85790.49033	107471.7855	69899.32651	148565.781	92908.41315	62756.79231	113100.9977	63859.4027	140304.4224	104778.0193	49528.81265	51326.99198	79210.78124	79402.26485	80144.31872	72709.05545	39195.63666	40921.96853	114082.6442	75384.14839	80872.55525	52488.93694	200595.2321	70840.46224	14069.39836	85931.73557	42928.5857	69220.71644	94272.01208
PC 32:3; [M-Ac-H]-@5.23	1794.500318	7765.00316	1731.402419	2232.231881	3480.585232	2368.118575	727.4998723	2140.676763	1537.732718	834.4064091	4975.637599	1323.350596	10430.2781	4228.249294	3346.226481	4082.187191	3429.730827	2897.145401	2877.20785	3661.540405	5319.979498	2250.222005	2027.641346	8703.478068	2926.929565	780.6318943	4555.90918	3897.753565	9265.840015	1363.624572	4996.210184	4953.091422	4502.467749	2211.489324	4490.36678	4487.389832	6744.034404	2555.081773	4540.094975	4986.406868	2743.728835	3132.836281	2661.986081	99.90492719	2106.968033	3512.169316	2340.798927	177.0264292	1546.94068	3973.31885	3147.6455	5157.54732	6453.850547	2969.24955	6560.249719	5566.164503	9219.546332	9951.348089	6207.793521	1181.261464	859.5367028	1445.579379	2189.715552	5207.995931	6949.748655	1330.894419	1724.029457	2731.853892	2429.695576	2224.926902	4798.861844	2372.979977	3488.767994	1415.05465	4902.715637	5825.732694	671.3692992	5638.229374	6633.264287	5148.27034	2794.093159	1766.317048	5189.452725	5027.527469	850.9212864	4540.381249	1778.737004	761.728177	933.5503564	5891.078542	3713.050088	3077.395031	1798.088863	3832.153459	1500.77924	958.1471583	4945.784879	1078.62645	1121.534815	1307.678476
PC 33:0; [M-Ac-H]-@6.87	12982.0811	17048.29466	14176.22486	5933.941462	11300.085	10243.2636	17677.08064	6986.439878	9451.302811	15933.97804	11234.14069	11493.91886	18405.49111	9513.21577	2050.198922	10992.72543	11603.00735	7793.305211	13283.35673	7599.20487	6431.90555	12693.62861	10588.65195	11753.88862	6493.545794	12093.44867	14701.72131	24177.70684	15542.91625	13982.8525	25921.07239	13279.57317	23170.25331	9006.559455	20156.18545	9692.325332	20732.80708	15174.6293	11093.07751	11017.43897	16084.82143	11914.23814	11590.54882	94.05360353	10639.76447	8380.190809	8152.021551	23971.11653	20779.26488	9071.286862	28923.85711	28329.17431	13193.55805	12169.93439	18706.42017	19498.2733	24690.38136	21695.66579	9470.388486	7144.44619	6441.58759	13446.17926	8906.951658	15330.87633	12886.66667	12384.23157	8808.72053	21935.36144	11238.56931	11609.22241	15567.63441	19762.70815	15875.99345	6314.667062	9292.943531	19681.61025	11656.51228	8549.721084	23703.48833	4506.956435	21127.70051	8640.112979	21866.80599	9315.952557	20037.07201	9174.985205	10397.63816	22350.73698	8828.975019	8102.992155	2829.993075	11588.08685	15881.99209	35199.8479	14540.54677	13459.82268	29329.9615	23913.87507	16899.97686	9648.434837
PC 33:1; [M-Ac-H]-@6.49	20967.18859	51938.19537	30854.59667	21215.9856	18897.70453	16952.38949	27044.17587	26505.64063	16938.69659	33164.62077	32387.72397	27081.29338	28578.49497	30633.98999	29789.17127	31824.64469	28596.2556	28269.77134	31838.95307	21297.79946	29885.53	65451.86363	20739.28886	31511.48673	14141.04325	14230.45498	28348.41011	26295.86018	48361.8619	30940.73507	22780.25547	41884.00179	26136.80281	23128.55833	42620.79196	32591.15426	24533.59223	19698.09971	23803.05061	34885.99354	29665.68134	18729.23018	23020.91601	632.3718126	16166.92999	26834.46092	14236.2037	18760.82547	36124.78816	65708.49739	46417.53555	28618.06553	19883.64003	21902.40549	27500.31478	22821.76444	36951.31594	30548.12568	55861.55189	17553.88867	13666.61962	27896.86132	37326.9859	40994.55239	54819.36607	20187.44982	20745.96435	21135.22133	32458.56113	19533.25741	46965.76485	16204.47033	21083.01586	23723.12105	49078.15141	63528.02362	16398.94328	17376.52096	36110.66776	16528.29487	17775.19625	31607.82932	18455.48111	39234.57648	35009.40008	32952.56404	23170.50472	30094.48972	17331.21132	23835.29145	27023.56924	39333.24033	27157.69821	40634.54913	22534.81259	24721.42368	22152.34699	36221.48387	19455.03483	19637.37897
PC 33:2; [M-Ac-H]-@6.03	44400.15256	43542.59278	38938.88298	43006.67648	29431.17086	44519.9519	30660.97677	40079.19538	44697.71476	28295.88321	40074.73752	31200.0031	56980.00225	57921.82084	36358.66402	48792.52743	35593.37779	30732.38937	38883.07685	50159.77181	52140.93197	53520.30478	34124.08017	38517.25876	39524.28269	22890.55162	45021.64098	51684.99872	52402.04584	30478.74557	40206.63834	36913.82835	67349.69547	27039.29202	32701.91953	41403.97791	28630.00583	24000.37269	34401.47937	37908.59193	85632.30979	26783.46675	46588.70492	357.8482874	40891.9583	70976.38508	27647.51466	26757.15009	32476.16153	46534.94912	20943.21859	39476.97982	15802.34448	24582.1929	36472.52537	30120.46553	42665.04446	52417.23019	26675.72847	22513.73498	28083.7816	26640.05745	29965.28143	29350.72397	48856.64269	27001.68688	30402.729	26596.95637	41331.20218	31007.90939	51643.97948	23187.06001	50719.21362	60288.02584	40599.45095	33933.83403	27207.25186	27386.92967	30703.94502	32876.07881	33447.4573	26077.40274	34041.42615	25923.31813	53526.29142	28576.30939	22937.0804	36511.68036	19671.45109	31993.13668	26936.96706	31034.62825	35936.778	50980.46005	26239.9231	20890.37105	44707.23146	25885.50616	42973.84468	47485.2048
PC 34:1; [M-Ac-H]-@6.72	782710.225	1407519.85	1001798.947	905798.6655	966559.9254	593209.7586	908693.3353	1125310.184	786175.6904	728171.2465	1191928.23	955908.4662	1171473.685	1088684.391	1574343.937	1141450.852	1021893.895	1003339.038	1304664.855	924403.2085	1383423.887	1433779.567	988964.5174	1715137.034	800406.8952	640690.7622	1208781.649	965305.4288	1788668.176	1052443.536	1051891.86	1419622.195	1301358.113	816559.1658	2273336.613	1676247.744	1419201.627	1116030.922	1132508.019	1016789.865	1018862.88	854475.4725	1287358.807	5444.752257	969237.2006	1142961.213	860579.2039	1034042.437	1668916.867	1053706.669	1286775.567	1218261.218	915790.3698	829641.8816	1057557.111	1094377.693	1971759.925	1625635.103	1440300.997	767555.0796	781711.1069	967974.7563	1553561.27	1318608.139	1202725.403	804190.2819	1207312.64	1066933.164	1870276.924	882553.7277	1548328.422	1264745.22	913148.7439	1316830.243	1321252.836	1724879.574	987232.7966	1031708.126	1018018.141	1016698.823	1233583.779	1304231.196	1079188.986	1325108.538	1694919.562	1898640.44	1394137.062	1117035.627	1097537.225	1256451.841	1232323.59	1432350.019	1270205.544	2248179.808	1304518.03	937328.7838	1150566.453	1078824.792	1233214.401	1098023.768
PC 34:2; [M-Ac-H]-@4.80	6876.042154	6432.875149	9550.412899	2228.549403	7527.556977	2791.908852	3585.182471	3488.259289	3003.155691	10663.94516	7036.910907	1844.902895	7925.067247	3074.410131	3716.898151	6844.870183	4253.644652		5848.728314	5323.8128	6735.807766	26250.8182	10702.25105	6460.467388	3501.470746	10173.16866	3328.15568	7306.564599	6075.693079	21477.05243	13283.85088	4755.933366	7991.290097	4587.018289	3486.622305	6640.545917	5744.394924	9659.19758	936.1580474	12125.98956	22303.59936	14744.06004	17163.64149	626.2427776	1884.930387	3448.651936	4227.34031	8345.632063	11486.09457	11817.11539	9384.518792	13202.02438	4058.864831	11646.75913	7889.537237	13241.58504	21068.42067	16354.80537	4579.994354	3355.941839	3061.701225	7042.747185	10162.79	4742.727178	17503.12829	5155.468787	5274.620091	6893.951394	12512.814	3809.692167	5718.232908		22704.31395	2619.874333	9054.814873	8809.410747	6502.7128	2444.953646	5482.090718	9446.031993		15490.71512	2712.680728	1918.368436		5952.31628	11231.10056	8220.559144	4850.144065	3376.54327	5451.603792	1222.408066	5162.49605	8967.789276	6556.208506	3113.776677	20326.10851	4058.320788	3505.613206	2189.995036
PC 34:2; [M-Ac-H]-@6.29	1998355.86	2757582.488	2130613.949	1871632.012	2140256.017	1684306.319	1424373.434	1738461.098	2115721.623	1471156.833	2215670.437	1370028.459	2798767.07	3177167.235	2336174.643	2335138.517	1579835.225	1645983.121	2230779.791	3110754.46	2979287.86	2684975.458	1912040.297	2523687.098	2260739.582	1092819.306	2022515.28	2362774.445	2394493.314	1672112.079	2343450.131	2411932.29	2864713.265	1775292.851	2317139.773	2604450.478	1799801.715	1788135.931	1934209.09	1433378.742	2340131.158	1380394.495	1917540.948	12468.52964	2367230.479	2465938.499	1958102.079	2385154.366	1855763.642	2544671.986	1375998.509	1862353.146	1095603.99	1620373.82	2177323.365	2001343.384	2133310.063	3982998.345	1525737.547	1110306.068	1833164.865	1364677.055	2202797.884	2401896.252	2218924.683	1723848.658	2523907.297	2083514.846	3292331.797	2036482.74	4440639.352	2011486.396	2929459.068	3088314.082	2351293.663	2077890.156	1793742.917	2040156.396	1858168.47	2234767.643	2259247.998	1868010.573	2066617.074	2334209.235	2307343.135	2309636.349	1870307.833	2334667.119	1496297.513	2157844.683	1915929.106	1895905.943	1824015.557	3781905.369	2236507.631	1125738.541	2398959.973	1676310.918	2936147.422	2024757.778
PC 34:2; [M-Ac-H]-@7.61		23166.76215	9434.499908			15922.66911	20603.41297	31325.33242	24615.70174	8062.048187	20749.5334	42708.72405	12805.97897		13483.95751	10774.74758	15458.0376	31092.58314		28181.74258	43270.72247	30371.39289		32478.81007	32500.34764	15005.73617	29520.00781		13512.61659	35843.91521	36402.80023	18183.41403	31414.58086	14810.86962	11562.27803	12082.48844		20043.14885	46370.39116	21962.2085	42408.58602	10765.86005	16656.21465	480.284507		20806.26081	19293.84997	14509.86169	31018.21242	27041.2449		36002.92864	22065.99203	14958.72226		22458.34563	50676.4852		19303.66056	19509.78079	15842.08637	29383.99266	32938.09611	54290.76601	16157.22402	12406.46431	20516.21242	25847.60722	23424.2312	50869.91513	39142.59103	29108.16939	67957.70948		14470.5075	49555.34201		30963.45809	36806.86352		49147.07525	28266.76952		65876.48106	37549.95267	57289.28295	13497.94199			45040.53291	48698.2118		69550.1533	62890.0189	150472.5754	21714.71565	36573.93962	20852.85656	53993.22117	51517.89256
PC 34:3; [M-Ac-H]-@5.85	167077.809	237170.0544	169907.9101	191334.5089	196375.2105	162954.5501	129570.509	184348.6892	149407.7116	117339.1697	212179.3164	148867.9206	236652.2205	223785.3411	237950.0468	308245.8819	126274.8541	121561.4988	247022.4568	214773.3243	263032.8864	177113.6011	219082.0175	179579.191	187425.4083	100530.9365	219970.2608	207402.7405	291586.4344	179239.3579	217410.1805	197935.0591	245542.4289	166524.9911	242263.5206	208735.6483	185601.3114	134775.3364	195724.5052	164554.6824	185045.7122	142876.0778	187442.273	190.7732064	151802.2325	199497.8843	137743.7552	160256.5085	137578.1423	209777.3601	104523.7688	190474.8412	107112.5303	177003.8844	221332.2534	303947.6954	166782.7212	314231.8093	168264.9018	119496.0917	135273.584	147895.2359	203631.1441	234071.849	212763.7325	132268.9605	168217.887	192501.768	244949.6991	178268.1443	259754.2224	196515.6125	192854.69	212998.3962	264041.1553	176478.4349	156603.2744	213291.8755	166316.6077	269337.8833	185550.123	122119.1141	167342.6241	259571.6203	152905.6439	195782.6997	128154.1952	122988.8346	112684.4822	178699.1116	160324.507	137778.7513	155479.1867	283662.5851	169050.4957	64470.91923	173134.155	115530.8282	169455.4468	114905.1756
PC 34:4; [M-Ac-H]-@5.62	22830.1834	57398.34001	40225.44516	21261.73739	34143.2436	23308.6065	18213.30816	32178.28108	24720.53184	16923.54292	43904.91289	29336.80082	53962.11037	39098.40398	36702.82706	41292.41055	46475.89908	36373.74698	42108.04216	31888.65961	45727.55765	19874.50213	34638.73031	31919.17818	30646.30075	11461.9398	45873.9997	42203.77059	91027.08709	28010.78469	37315.82125	45999.1177	36022.09005	25231.82233	45747.37033	52013.80154	64136.01406	32171.9658	121699.5848	52945.71695	16646.88582	28868.43917	24435.95301	39.30486548	27274.34028	35929.73118	30597.84812	12547.10215	15627.95825	41795.21022	24519.39128	33837.77058	45558.03192	37450.80381	43749.21682	41672.87294	38667.99508	49215.16524	32219.78367	13576.21095	15855.55456	22921.78597	44030.57588	54095.81295	36130.88306	21304.32411	35518.31196	25660.16149	46036.71056	24792.81553	46195.64575	26259.03623	23936.7215	14801.72837	36374.02577	35911.76111	20107.59805	40492.00025	32601.25129	65307.76585	28189.18794	21807.32839	31756.99073	25823.3901	40176.72	40523.87781	28314.30008	11867.37676	18944.05372	38196.3699	23031.46024	34516.96638	13930.54312	47758.76738	20748.65393	4989.532145	17921.27792	24190.90298	28896.14865	38492.42428
PC 34:5; [M-Ac-H]-@5.20	3636.243484	5573.235848	5818.297609	1479.719394	1677.479274	1862.143777	238.6448108	1703.647957	3460.42031	673.7904635	2714.267776	1068.998413	7759.033381	5127.744674	3975.678472	3167.77559	1455.901343	5394.51706	4717.998289	6091.548248	2934.947923	2807.660959	1132.007119	8117.096389	2752.808757	2087.496824	5999.905989	7012.863116	6550.879225	12513.69392	3421.160112	2800.776173		3376.886104	2734.503651	3054.064526	6858.930128	3140.678569	7418.510915	2829.855263	1546.088122	3811.436351	9012.734916	91.10253891	1895.237762	5909.606291	1254.180248	2137.575399	2574.069576	3061.89587	1260.512613		3528.218023	3551.766937	3084.446069	4336.494046	17492.837	4480.232555	1435.051315	1228.099215	2012.431618	609.8473704	2316.274326	4881.097883	6017.454278	2334.824774	6299.322383	2542.091011	3088.592515	7217.461673	3342.241098	2863.011778	3751.096211	4431.110958	3888.969533		2128.909345	4700.86181	2344.632073	10108.70236	13964.5699	4275.504291	3319.030999	2583.598373	2107.731782		1358.262857		1250.05441	4323.000849	636.6779568	1175.719824	4103.880948	5358.365209	4022.804692	757.5830063	2855.110306	3963.070395	2003.00092	4356.523079
PC 35:1; [M-Ac-H]-@7.02	24322.20906	43116.98447	50494.93746	45383.5125	35256.05155	24015.85951	35149.27507	40163.98106	29577.814	36011.7657	55970.59279	37399.93236	48044.11977	44416.55479	52027.40629	61054.5866	41430.41285	55131.05337	46352.22763	40465.77385	44398.80272	56332.63936	39170.56339	91792.03204	29987.54364	32342.32071	34179.31688	33922.28175	65469.81802	50377.59332	31653.84633	38210.14108	55203.57357	37102.16674	52090.54442	56264.74052	39680.47478	36252.92715	41787.86197	33714.40857	50111.57607	38894.49902	78005.06949	151.7046937	30858.12834	54154.75497	26378.92092	39831.24079	56999.92488	39951.13797	48346.14863	42192.72893	52272.46684	50071.30601	41589.9436	46476.6988	97816.39635	37512.58115	77259.10019	36864.70326	51305.34186	50908.01875	65382.38511	51051.48267	59535.42084	21557.93001	34827.47115	46232.95357	68390.25583	39315.12719	70529.78493	46609.80192	37989.96459	41664.43614	49437.66348	51203.15592	27861.84564	31772.85002	55799.23744	50110.67834	50080.95233	55870.75011	50258.27227	57602.08806	61054.31875	66653.01873	51053.76097	57096.72786	49446.00226	52088.62764	40281.61481	66165.68871	33741.66526	95851.91443	43103.3115	48639.28252	38165.30462	29715.90294	54183.59569	29373.74755
PC 35:1; [M-Ac-H]-@7.11	24322.20906	43116.98447	50494.93746	45383.5125	35256.05155	24015.85951	35149.27507	40163.98106	29577.814	36011.7657	55970.59279	37399.93236	48044.11977	44416.55479	52027.40629	61054.5866	41430.41285	55131.05337	46352.22763	40465.77385	44398.80272	56332.63936	39170.56339	91792.03204	29987.54364	32342.32071	34179.31688	33922.28175	65469.81802	50377.59332	31653.84633	38210.14108	55203.57357	37102.16674	52090.54442	56264.74052	39680.47478	36252.92715	41787.86197	33714.40857	50111.57607	38894.49902	78005.06949	151.7046937	30858.12834	54154.75497	26378.92092	39831.24079	56999.92488	39951.13797	48346.14863	42192.72893	52272.46684	50071.30601	41589.9436	46476.6988	97816.39635	37512.58115	77259.10019	36864.70326	51305.34186	50908.01875	65382.38511	51051.48267	59535.42084	21557.93001	34827.47115	46232.95357	68390.25583	39315.12719	70529.78493	46609.80192	37989.96459	41664.43614	49437.66348	51203.15592	27861.84564	31772.85002	55799.23744	50110.67834	50080.95233	55870.75011	50258.27227	57602.08806	61054.31875	66653.01873	51053.76097	57096.72786	49446.00226	52088.62764	40281.61481	66165.68871	33741.66526	95851.91443	43103.3115	48639.28252	38165.30462	29715.90294	54183.59569	29373.74755
PC 35:2; [M-Ac-H]-@6.60	75815.91108	102440.4213	105941.0732	86006.97153	85311.64696	65915.97628	60886.86345	53545.67741	102788.0336	81896.03355	77753.20173	66136.8587	122749.333	103613.1794	90261.56148	110675.674	59383.84197	79979.16382	93210.77498	92496.64178	102444.9589	114063.722	76625.2974	106781.2839	102885.9495	63291.29117	73418.29173	84201.90914	77273.69026	81548.89146	84794.19466	78116.36512	91277.86726	87913.44345	61998.54008	90138.53612	67266.22556	54914.72886	82769.9096	72962.0198	100098.0627	62832.22151	91110.74574	607.8003922	102726.8205	109997.4166	53128.68816	85232.31659	85431.7861	107806.3604	64761.12225	94392.46844	65949.86813	83000.12269	92344.7254	69766.69921	97832.32227	110538.3918	58471.80601	69797.31496	84105.92473	75345.62185	81792.93145	75091.27143	96848.10833	73282.75557	109580.4827	82891.43162	83311.56437	96830.14257	127766.4799	69478.95321	161289.6542	115228.6192	84898.88243	61513.51016	69560.3585	72960.02652	79750.62577	75394.54103	95405.7577	60418.47355	63393.65499	76479.02514	115105.5423	52057.12212	77569.77553	91884.48318	81951.6464	65914.27508	64869.88817	100978.9529	114979.8957	138284.446	85472.08962	52785.67355	84374.82812	60589.84534	72897.18429	84735.07031
PC 35:3; [M-Ac-H]-@6.17	19872.52378	19626.09124	42636.78917	34060.60749	13079.81998	19319.92061	20616.51267	18525.89736	28559.08927	21542.25534	29545.90327	26914.65074	47328.75637	25629.98704	40760.36243	23226.17024	16873.89397	26507.68803	38619.76107	37044.55279	44487.8262	42646.63061	19534.16681	47217.18195	21617.59404	23429.48654	22281.32352	35973.05443	23706.81587	56087.23307	18877.19153	35256.72095	19345.38716	17354.39807	26275.31121	17961.98472	16566.03624	25551.63843	20043.47757	61927.8549	17522.80909	14818.57346	18955.70275	149.481472	19217.33032	18217.28912	26165.00843	33558.85851	21467.86484	37354.02516	28519.99248	35252.29571	9825.216316	19487.21673	40718.40211	44937.69892	64319.14143	48817.34506	16068.95763	24318.38274	17281.41086	15160.05552	24058.67351	35180.75053	19611.85311	26975.19815	21238.27184	14682.01612	16680.59962	17796.94072	46787.83442	34465.03252	26108.69995	23185.36438	20936.96287	32112.05656	22998.70201	18705.79527	22754.84373	16186.24257	16289.75699	27836.4657	17298.23642	13676.87791	40308.84543	26121.01873	24689.47804	38322.60184	14166.04002	15457.33674	15359.98467	46520.81591	32423.90249	22101.54586	24278.91241	12275.82604	17215.32164	38456.76036	19516.53107	18551.33753
PC 35:4; [M-Ac-H]-@5.99	25538.92184	24868.39567	32824.55974	36642.44971	29561.19179	35714.68557	19008.71253	22060.4062	17090.88753	11601.95898	18209.69668	16904.70271	42932.78387	23778.59562	28927.98354	33101.64527	21184.53686	56076.19568	21945.09751	19122.15262	29829.9361	20284.80928	33288.58996	35803.53511	16912.17784	11613.82453	24771.53287	35241.40012	27958.55061	23544.47349	27112.02452	25384.74992	15092.49363	22622.82331	20873.44978	37066.24449	40462.22765	36108.41775	31832.03014	70829.26082	27001.9135	25047.52319	28838.27416	452.858364	17121.65791	21675.02732	31894.0208	19963.69592	38617.21676	15344.033	46986.62913	28489.55021	30971.99926	14755.57193	15277.63947	19734.91451	45597.51966	32932.78598	14820.94275	19935.51642	19065.91383	24882.3369	30355.88771	31842.63073	33672.0831	11597.92607	31639.71872	21848.1614	25436.42427	28435.09633	34408.33462	12867.2504	27661.30463	23889.86332	25478.78409	36981.24822	25724.33026	20849.42313	19125.05201	23611.94599	24345.2848	39720.80589	18018.71964	10245.8328	25710.86867	26985.68852	33434.29151	10293.57685	29552.6344	33703.72467	24022.0463	34902.4746	17886.18999	27552.99984	32401.85362	6419.917065	29332.39262	17115.31911	18047.51822	30681.62375
PC 35:5; [M-Ac-H]-@5.55	7099.116637	10118.08619	6853.223367	2791.431032	5087.991287	5186.192526	5410.563855	4506.923107	1037.405005	2362.107388	4921.315615	3046.940353	10352.4024	9741.724645	4991.545399	5740.413324	1348.627176	12978.03448	9366.235598	10099.10087	5525.885503	8421.769382	2483.727591		4085.39947	2557.40732	7788.429125	13843.19622	8727.930348	19774.40919	9162.119119	2309.63261	4428.163295	3126.917659	3406.894944	3442.663134	3850.034702	2112.911382	4793.443698	14569.01226	3216.949034	6703.390807	9081.538928	87.99552308	1099.601093	7538.774752	4990.446833	1055.927704	4066.471159	7635.428078		5939.984891	9018.402956	6967.157057	5235.373369	7113.43536	12278.93839	10923.10911	4694.81414	3492.822065	3070.525775	2846.439703	2120.78496	5144.10594	7005.720639	6533.498237	5815.737644	3469.268395	3652.507064	4721.210726	7565.105271	2556.330984	4821.103079	2987.500719	5407.629125	9280.844771	6915.929524	5676.511763	11330.27568	4007.485182	8665.148178		6893.784364	5287.853312	8544.22023	4921.211446	3578.810044	5961.329669	6936.10716	2303.268433	3710.097724	6644.697307	2483.823826	2991.596246	688.6093329	1111.899195	13227.338		3882.58096	6919.621339
PC 36:1; [M-Ac-H]-@7.36	256158.0339	462144.1884	311897.7999	247687.886	310275.3088	176278.2659	250812.878	311277.5345	286982.9372	185281.7697	405708.5098	252266.9454	495863.2158	253479.3536	629575.6831	340311.1398	235914.4469	244968.3049	397729.8598	259454.9576	448941.9802	480526.0003	279492.5051	621249.5435	213360.2334	142345.0255	277987.7292	267245.5431	605097.4569	261248.5676	442230.2612	554226.8196	392063.8682	295414.8153	683798.5459	494318.9207	344572.5201	322409.3047	441597.554	363370.1921	358647.4351	325126.5553	412025.813	1627.663995	343904.0624	458343.8581	261730.2651	307365.4374	500015.4013	409857.2438	490173.0089	413958.1165	332795.4965	276342.5426	367381.3635	382504.3903	498562.2674	556431.3363	633413.8668	220967.2424	280736.8662	330817.1591	561640.5265	535599.6843	526507.002	312170.0972	437426.7986	385527.0371	637283.8162	443935.5642	573145.2254	616020.4146	465068.5049	553102.2093	580386.0258	401469.8922	378293.3702	322428.8417	430758.8079	363965.1529	513392.5943	544276.1335	495541.5714	532336.6858	584773.404	684757.0976	419947.2732	319150.5185	463235.6215	438812.3287	539503.9575	582616.0954	375814.0149	737700.6506	641250.0701	461566.4169	524985.3609	421398.5723	479468.4256	442789.8768
PC 36:2; [M-Ac-H]-@6.91	1448060.376	2018341.676	1339388.475	1201235.501	1590898.354	1179229.768	1027480.472	1041695.901	1425187.27	1047598.622	1669176.153	1060370.782	2161231.448	1402622.809	2225156.159	1686692.996	1003856.314	1023663.025	1351692.241	1702967.619	1881386.051	1700594.143	1395529.584	2090962.971	1379083.296	823111.2541	1230793.377	1534924.707	1772968.887	1153327.238	2237396.787	2253534.218	1911942.339	1563669.491	1550092.434	1735414.288	1499295.891	1161253.469	1623194.404	1251587.021	1970560.51	1178983.498	1626205.839	4846.512134	1586109.546	1989100.431	1337837.529	1408066.784	1413609.485	1991861.037	1214010.219	1625289.393	986474.6114	1319324.995	1800099.912	1576655.218	1447159.129	2409746.203	1710840.267	894298.2319	1599058.072	1411749.139	2012771.699	1740399.197	2082341.2	1383483.104	1955692.87	1844651.206	2084940.605	1886430.743	2690088.885	1932656.798	2432140.29	2351651.329	2163292.015	1300049.291	1809417.928	1596822.566	1828904.811	1993020.394	2319116.021	1597048.074	1867584.675	2211098.184	1760923.578	1778731.31	1461945.631	1586673.578	1518711.404	1969213.881	2113072.333	1938738.869	1614606.874	2897103.065	2300033.714	1400147.408	2131245.51	1754736.072	2107882.304	1954566.73
PC 36:2; [M-Ac-H]-@5.01	1644.791594	3476.824158	11496.55235	2828.871673	1332.493713	1175.365479	1627.052463	3426.297922	101.5350145	3559.115617	3458.406038	1137.310525	3165.278679	1521.054108	4184.812221	8351.178801	4131.538485	9472.031599	749.773856	2881.399158	1053.515248	12886.99141	4170.157579	2597.081095	1546.18561	5312.325209	2937.697226	9244.63901	6441.449781	10001.20188	2425.847385	1340.546937	1248.342952	6380.135724	6689.721563	1671.80225	5736.595595	7184.636291	2769.374519	7181.863475	10573.17964	13449.27235	21210.17295	429.8301013	1067.43374	896.7628419	2622.011057	6692.774458	3743.725856	4446.478903	5961.236021	18076.98382	418.4476373	11114.81305	5068.893326	4067.814078	6610.786906	6345.99455	4091.576762	5755.174833	4459.987736	1006.936763	1672.795117	4999.140169	20709.86216	6531.981644	1459.398289	2035.143586	4649.344118	822.8864159	6525.546746	1393.23954	6785.402116	337.4775864	8180.937772	8985.086034	885.6178455	522.2652268	5129.479184	4858.784388	2497.596302	9014.763136	2468.081683	698.4742687	785.1187225	3073.099523	722.1633031	8492.219848	1201.096712	1450.597296	1954.798025	956.4165936	11679.14982	985.1940262	1390.396517	1335.455119	3060.386538	2781.955077	1429.374	2503.862019
PC 36:3; [M-Ac-H]-@5.17	13262.67941	7990.205688	30352.36963	3062.847204	13729.6745	3879.039674	12074.92794	14670.34775	7467.550231	4556.939177	8507.560866	4108.378236	12940.06177		24089.20678	11616.86677	14434.79398	22173.0709	6825.029213	13842.41712	5427.498564	22961.97604	4013.958201	10308.0396	8135.95608	13762.95946	10634.02692	12184.08734	17612.50748	27744.76214	14407.92403	3252.57629	10725.8221	12620.90336	43728.65319	11987.36677	14764.59065	30810.8204	8266.602503	45668.49594	30360.90258	28748.08521	33748.7704	168.4812891	8917.722686	10400.34648	4165.58422	21051.44885	21622.37168	21492.47283	21783.77772	38922.79017	10807.56753	21683.79087	5737.486613	23939.03655	23454.7673	22992.51447	13152.47904	6773.18726	17814.2573	12976.18564	4994.966285	4394.907448	34503.81973	16903.09094	86.57579268	8234.959837	15809.55971	4119.773547	19210.21115	3880.067448	15685.80516	1003.961389	18554.09919	10536.91905	2008.283522	5038.614205	19002.74233	7685.622766		26046.49932	8325.28779	5484.856728	5151.829141	8989.305309	7459.163404	26863.10239	6637.057345	4310.165166	8616.277974	2169.82264	13174.30747	9203.235676	7281.617515	10537.50604	26451.38713	7531.264751	7203.753228	7056.210062
PC 36:3; [M-Ac-H]-@6.48	667217.9554	983735.5658	1064844.636	874156.9074	842789.4066	691234.9345	754123.3428	861449.8187	818841.6065	678766.4637	959251.9273	733471.1208	1191974.534	1150067.784	1247690.334	1179988.224	768792.6258	791472.0581	1029131.936	981441.534	1060042.227	907763.8497	971271.3199	1292752.763	850336.1302	515569.5799	973775.1216	989401.9629	1167825.888	741627.8646	1075417.065	1168800.519	1052456.096	932838.1249	1088115.751	1090979.473	852467.248	837679.6332	927721.0493	769039.6043	882294.2625	837514.1313	761447.1127	1667.487731	962079.8666	1078597.728	923890.2896	839351.7678	810152.1586	1196223.525	842690.2842	915945.2979	615959.1889	690740.2857	1049222.342	1214841.796	972185.1277	1307241.152	910889.067	665127.4142	909727.0508	843432.8194	1109779.602	1284857.553	1083956.524	785385.0292	978973.6776	975220.2206	1147397.727	1089398.683	1451805.735	1134322.918	958200.5782	1421308.285	1218852.854	881378.9471	1039507.965	868993.4192	917122.7142	1242996.664	1191114.779	907245.7073	952355.1536	1146579.791	1131283.951	1346651.423	822696.7698	797750.7811	888187.0638	1033402.757	961209.8992	1200503.003	933886.1782	1248931.787	1206919.178	693868.8613	1068675.382	818981.8028	1081715.57	1053494.613
PC 36:4; [M-Ac-H]-@6.17	387271.0089	868850.8945	713754.0767	742120.506	614860.5474	587100.6948	811240.8296	972681.4149	614001.3137	550967.6141	632338.4761	674088.0653	1105624.008	981776.95	834198.0738	775949.4945	1155154.053	778516.6071	878025.8858	922434.1245	959625.6196	901199.6922	800667.5041	974919.6393	720724.8313	357096.0814	891538.6376	1179456.08	1416489.976	706710.836	634267.8218	1014568.046	721715.1913	399086.2862	651880.2678	1239755.257	984679.9812	932587.3483	1499495.399	959409.5236	363030.8674	528191.9566	521761.4136	3489.969017	688523.6607	871442.3667	1050273.84	556688.8638	844111.5032	826163.5188	744803.3572	597339.7468	1257750.679	524281.8365	968761.6582	807197.6531	726719.2276	442309.977	517343.2846	525804.8827	332927.5791	571192.3736	947055.6533	777350.3168	461214.1659	436893.0796	1259989.391	543875.2594	776486.5148	702623.1518	1075407.622	574471.7485	746158.5314	831358.0578	512179.9513	639347.518	596984.2842	627420.4773	559684.355	1126261.093	384183.4446	1013935.276	917937.8231	564089.6218	1490664.585	1026611.789	1172870.687	435844.3615	773068.0318	724326.2734	757454.9639	911267.7593	331454.9425	1050252.425	657175.9753	523458.8169	399843.81	897967.6867	934841.1136	1070045.38
PC 36:4; [M-Ac-H]-@5.13	14328.56521	4360.408957	9136.391104	2185.082318	9977.583505	2330.052326	5826.590761	6293.064398	5083.919627	7173.562803	5399.841619	493.8574943		4376.02415	14323.07447	7088.669554	11107.22588	27371.32584	7970.262611	7525.238939	1787.483077	12488.54592	3731.944318	17563.15247	5223.145228	9345.029907	2431.51228	21705.1501	9584.043772	24323.68828	8513.033083	3094.15926	5448.078933	6818.53933	31334.17175	6866.162589	14680.52333	28600.92334	5082.966896	42758.74604	37517.58459	31551.73631	28125.25848	730.0421541		6508.582404	12237.48429	18814.04542	22423.95661	20225.77301	11074.31568	35865.03201	3502.023157	31982.04502	2675.062574	11883.46875	36854.25667	14707.15366	10639.22586	7371.402048	12694.07803	6934.417482	12291.60232	4932.319991	36282.957	8944.31108	8020.170485	11957.9698	6302.77405	3406.570368	13003.3363	9597.534375	20506.95201	698.0930618	16316.03106	19665.55523	828.1462257	5986.43325	14533.38709	9463.300613	4962.700193	25874.25841	6172.368983	8534.865169	5388.262063	5849.006183	4898.881808	17044.68706	2824.378839	10346.75903	3418.178784	2244.534913	20101.75464	5634.187026	11363.35239	6023.187056	19204.91883		13133.7793	9506.785014
PC 36:5; [M-Ac-H]-@5.71	248758.7415	245484.62	161794.6889	165346.4095	106834.4304	125332.2772	130555.7825	194593.7097	115085.83	100041.8	180369.6494	146057.7971	308878.0125	184774.0766	135727.8852	214292.0091	157521.906	162619.8943	229298.9197	288265.3411	116345.993	97924.1812	173460.5542	131972.175	166612.4691	108999.1195	337071.2578	226825.0509	347434.6795	274662.9302	113493.6647	179339.2872	138711.3129	103669.6626	147744.119	149909.5859	194147.1965	107059.0633	225226.6883	157162.0858	56428.18185	150021.7187	91319.70324	162.0948498	123834.6082	187968.2516	128755.5176	58211.02443	145685.5133	143457.2246	125144.1016	83386.26173	293990.4323	134393.9856	174259.5945	217581.7206	142262.8457	98991.63301	126387.033	134715.0143	40250.86095	99135.1397	153780.805	175957.7703	168448.6972	110937.1469	186409.402	125660.1512	188736.0695	194914.13	164547.3129	87813.85978	117206.5878	84098.44697	123439.3412	79914.82887	129326.6989	163154.5548	129081.794	245621.5479	295411.7179	238632.1109	241750.2756	123237.4902	187216.7269	138048.225	126882.9593	45217.40113	142508.6033	108131.2677	134546.4781	120309.2865	61880.66067	136174.3774	114433.5377	59252.10591	65618.802	121777.3916	149521.1172	142137.0059
PC 36:6; [M-Ac-H]-@5.53	18923.29081	37977.06717	11715.95209	12674.65479	9757.340662	9103.212183	10821.40281	13276.30547	10168.06704	7012.523939	12117.7217	8348.878199	34681.18969	12259.22022	15270.21868	17469.22117	9012.028234	9588.36336	20484.41935	19781.61075	9768.612421	9865.389529	21051.54075	22271.44028	19467.43132	7150.91774	28026.24851	14283.51921	38666.20608	16562.34959	8862.666499	14677.90985	12796.2693	6297.314539	17193.46216	13296.57691	22825.05269	8492.914622	27308.81771	15510.81419	9396.25713	8575.918849	15766.80768	53.61117052	11171.7125	13478.2984	7956.494924	6926.082314	8863.823882	13189.67062	14334.42683	10846.73564	21278.83534	16273.02538	28152.98727	26261.569	25887.89784	20292.22997	19466.28412	15296.63005	5724.871191	5477.42212	14195.47489	25078.88102	17358.7464	16015.23851	9508.741875	8821.106358	24958.75365	16251.26097	25215.6403	8185.443629	6878.673915	5976.913614	17797.04695	15872.34023	16137.16717	14106.58078	5253.117049	26874.61058	35972.07669	15674.75731	24436.30528	18019.73454	13270.5656	15153.99466	10295.02486	10648.95195	12406.84104	17836.87862	5649.163534	11271.08506	7905.783004	21447.64548	15216.86009	9519.261135	9984.913671	18911.51163	18981.24584	16841.98612
PC 37:2; [M-Ac-H]-@7.21	19244.84654	19234.01308	19683.59468	11473.29759	12191.57961	11868.66665	14321.0247	18073.14662	13065.90764	18852.88215	13791.85338	5511.438619	32800.0456	21380.99629	20912.91933	16990.36906	9755.331634	15835.64901	25967.4743	20489.40928	17731.8991	22762.26328	9151.334311	43596.91306	15888.12759	9598.961348	22350.08819	15917.49969	29469.77568	21518.37021	31515.60166	13074.52787	26058.44517	25567.10142	20144.02253	22465.40256	22201.25283	13460.39619	13696.59359	11462.94286	19550.75384	17090.9006	21392.25728	147.5808679	12995.29244	35749.5938	17278.24509	13114.60016	17374.88419	20532.76269	26728.64178	22547.91676	14552.24806	15756.56477	16487.2623	14186.7171	16956.98115	28174.45964	12301.71548	8268.260561	22190.3223	24444.97127	20771.7313	14603.1315	14361.60013	18660.11481	16865.94467	18058.61733	30847.48103	18649.28333	33776.99999	19159.47803	36976.92138	28212.51823	15195.46992	16744.57248	23299.62776	18932.23219	23092.17384	22944.26531	33197.2146	22367.64327	18108.44611	21189.91453	16120.77138	27586.33943	20210.91845	12325.94683	18927.28063	20846.85882	16563.45157	33175.72112	26174.60078	23410.23911	24750.23184	13312.60377	20799.64651	20060.20715	11924.43594	11846.69139
PC 37:3; [M-Ac-H]-@6.80	10570.91623	13429.41124	18826.39263	15906.45719	10708.57664	10894.58728	26811.93453	20079.22919	14546.44282	13677.72107	15538.08223	15463.80174	28535.96078	17048.51522	26017.04558	24384.91605	22524.46177	18612.84155	18645.86117	18384.63439	20699.42719	13249.65818	16410.66999	22390.80738	12904.09921	12423.47206	31018.27482	32560.98109	31599.8092	14385.54705	27041.92368	18852.86704	30124.91895	17900.96632	12496.93027	15407.67525	16209.50486	27998.03758	26315.84919		8100.696835	14998.39011	25980.68524	89.95823002	13308.95129	37701.19961	13955.43903	9266.602493	27274.32071	20001.95375	12898.31651	25341.67011	15823.3187	13529.8418	17908.81585	22378.14099	17623.52412	24036.96189	23566.69857	16706.48909	25597.40115	19066.10861	13242.69617	21602.75058	21365.91929	16419.20765	16241.84496	11991.61527	12808.87835	19131.75717	33761.36724	14059.30004	17916.5532	17170.8516	17340.01147	13386.99231	18412.94312	18509.8404	15937.91808	16120.05719	13249.3304	16158.11459	17340.51359	26179.0877	26451.77073	37415.49328	26442.09405	11432.33054	19702.62478	26388.7351	34655.8517	30652.84428	26781.64075	14473.3354	37027.30835	15700.41196	16682.14915	11399.39551	19124.04114	32571.65725
PC 37:4; [M-Ac-H]-@6.59	17668.90188	34061.16089	43729.30654	55833.37288	25413.37117	49369.42663	52708.39179	42271.75335	32401.98759	50754.86621	37427.10452	34076.57626	41253.70022	36543.28419	32494.82695	51823.99849	64473.66152	39694.89464	30123.13442	32092.6898	37199.29486	37134.43009	33943.30297	45775.66233	38227.52552	26628.60602	42069.16466	61054.78266	45899.31315	36155.05028	23149.8005	28146.78784	31848.54946	29147.8951	17961.24415	49995.21099	45191.94157	23731.37459	62179.72239	82373.57821	20548.84324	18997.20275	37927.00766	181.80012	26926.96421	55759.48381	41504.51182	15460.50683	47895.78688	39707.34372	39760.22294	31832.2953	77889.85829	39980.29849	38900.79299	30765.58385	39697.51201	20774.13224	25207.29023	41591.60316	19308.52591	40035.35641	64707.56189	40112.24073	24128.48709	29900.18612	33147.68863	25627.06478	29931.1174	31810.2622	47021.26189	18520.7299	28092.35333	29049.85111	20037.98891	24438.96966	28048.16862	25329.61462	40161.93278	34018.54002	21910.03212	39998.88605	41762.83823	32809.99764	79284.33524	38730.82686	55471.88233	23823.65457	60016.78172	37275.8888	48520.07237	50409.70562	17994.0006	25825.70245	34254.24187	22313.37322	23935.74489	41931.38261	35965.5009	35158.73983
PC 37:5; [M-Ac-H]-@6.11	14890.94436	12393.58118	10969.69282	9360.557081	9460.711326	19873.44663	16390.40692	21740.06734	10947.27087	5050.037973	19469.9277	11429.00849	33701.05844	14570.9906	17758.59926	23732.91448	9095.296632	10868.2164	10168.15632	11496.97372	9987.11946	16181.2868	6855.934174	12038.82349	19165.1779	9774.425365	16668.43805	26196.09672	18490.59073	18141.4965	5573.40485	10246.19851	10119.53813	9683.930654	9996.885726	7240.124657	8516.790784	8314.841362	19617.19339	17579.90058	10606.43931	8205.692852	7994.495868	140.1027409	15604.73086	13075.96376	4948.673297	7288.470472	18600.13054	27841.88769	16727.59806	17383.34252	26025.97017	11448.6272	16728.46001	16232.41294	8980.020576	8225.423065	13583.32605	10817.52803	9004.197613	9645.617411	11163.70295	12560.90872	8391.137982	14123.22176	9363.394522	6484.580415	10513.91126	11059.2856	12043.1021	8722.836173	6190.470313	6365.295515	12220.30917	7934.450035	6765.812371	7078.179547	11090.81663	13980.24276	23441.44112	21943.80004	11838.09789	5365.077302	11763.38093	16128.31541	6133.488062	2941.241265	16674.81514	12920.52951	12150.30576	19977.30521	7329.921153	21481.19695	6839.21693	13034.59204	7194.21632	16861.69178	7310.443356	12649.29821
PC 37:6; [M-Ac-H]-@5.86	13643.74741	21010.36699	21989.34469	13824.33574	11858.36583	7157.666689	18662.93038	15009.21174	15245.95575	16956.84692	7557.612511	9488.881476	19975.57921	18552.32845	4799.964645	15845.47273	8619.808413	9933.783659	20375.67749	16247.70445	24146.29924	17359.04781	19537.57881	21506.97078	11602.81393	6515.619361	22206.92592	13850.87536	28362.86538	13682.30132	9903.452334	9665.060405	10185.65389	7057.672749	6330.876063	18708.81915	17611.07656	12468.76025	18178.75218	19900.70782	9423.315016	8473.579651	20167.40686	60.77840443	9148.673148	7644.718369	12747.27479	6987.496966	14844.4076	10485.91949	10342.04329	12809.25961	17009.99988	13250.75083	10246.66114	16835.44095	10563.38113	11879.05619	10353.15677	7860.473378	7450.911183	8034.037979	11330.95474	19287.25346	18511.3978	14872.7478	13864.41974	9886.421448	7949.838127	13340.3953	15446.03016	6532.691901	8048.581858	9814.460109	8960.313581	10359.64861	11639.35801	6419.710327	12001.31846	8720.340288	15438.28546	11869.18248	7879.574546	12685.49639	9904.246355	6823.286312	8638.056087	11194.67602	11288.47008	10333.60101	6543.120606	5552.398156	8084.131452	13023.3617	6605.789985	4219.896582	7235.953256	4742.801247	11166.94731	6865.232136
PC 38:1; [M-Ac-H]-@7.80	15558.14935	25123.73284	23398.35656	13997.52141	24934.43737	21060.82608	15901.92877	15273.30684	13164.04144	9973.251549	15077.45018	19903.4648	20097.83355	12471.68893	30452.88101	14413.86293	14744.58299	21057.72122	18663.77778	23735.66572	21860.1602	22368.47044	21980.95221	33379.67412	17839.17555	11177.626	13702.52118	33160.83693	26707.16915	19142.51206	25877.4522	18553.27563	21425.58387	23258.33891	19237.45256	29138.01114	19163.01694	17867.16048	35334.5909	19678.61919	15913.30634	23823.72737	34057.88115	103.4910925	24465.08439	23971.58572	11683.71703	19720.20904	20429.58772	18380.31689	47878.76839	14728.56465	21690.44675	12899.24092	15969.30841	24911.11789	33819.47627	28200.74805	13967.47792	10728.38419	23870.52279	25516.53595	26488.98635	22790.30062	21758.34506	33512.71964	24574.33632	18899.26417	33816.33987	32395.48384	39602.0949	36670.51894	27705.09638	30684.83805	35079.30853	33787.38541	29729.40834	27772.84807	25342.88321	25769.34266	54691.23844	45792.79704	30225.66272	31779.62418	24269.7268	32581.44159	29357.2716	34255.21618	29396.173	25076.12942	28638.21544	30713.77516	26071.39418	34950.5418	34822.16343	27487.3757	47548.61083	23931.70361	27662.24675	33629.33611
PC 38:2; [M-Ac-H]-@7.49	44814.28996	97310.47503	51699.39443	47770.2822	67009.10401	33383.5308	43174.95581	57367.38881	31217.36349	29969.91969	71248.08081	40164.99923	59787.36814	56489.60133	117747.9923	56541.12547	41198.13147	46320.40508	55312.23956	58622.6751	53612.76564	71555.00032	53407.78621	120514.2929	48248.23026	20187.81393	54593.4198	47653.28486	74086.81607	45519.53634	78473.8324	87628.84435	72826.47794	70814.86017	60089.80835	79693.2404	65333.47567	43482.59996	50216.00166	51069.25222	57851.39607	44193.75256	63833.58356	144.1361414	46233.07682	67418.22337	71831.57476	48975.08052	63208.01841	63097.69913	77460.06832	69895.04925	54794.90721	38049.69202	64569.97391	103566.9823	59730.80742	79990.73752	64268.75713	33537.09755	73568.16502	78196.05716	87953.60712	101942.2714	59143.50495	48415.3415	59754.18127	56001.92924	75268.58468	69247.0638	88553.75976	76425.65143	80478.71887	85706.58758	96910.39192	57866.61884	58400.70938	74136.31572	79824.49207	74678.83264	146851.8047	91644.98214	91223.97323	73178.16394	83777.46503	160276.979	68965.52429	66407.92194	61424.0695	79627.10311	81541.33266	159141.3989	80956.93446	83037.18583	118813.6444	62551.40559	62378.95851	66974.20026	89334.98396	85370.08962
PC 38:3; [M-Ac-H]-@7.14	200671.3787	371357.128	362416.7197	268620.3857	353220.9395	253488.6682	308140.5286	378279.3349	145622.1156	210480.6514	397372.8648	407992.5156	299366.5841	271767.2739	582812.0833	399157.1445	292812.4245	298854.6898	346480.8485	269017.9052	227071.1476	320895.9955	347377.2112	592682.5375	283415.5669	163581.3746	463510.5671	354023.26	581207.6958	329381.0451	509846.4546	620356.9784	438661.591	307745.0249	311326.3054	401776.4058	524910.8559	398427.549	421809.2221	302331.9236	215788.2626	372033.8604	289581.8925	1392.706912	335713.7363	471198.6306	339259.6842	136806.8502	331887.3987	437989.1749	328870.4518	355445.9134	355867.4516	178455.7302	367467.532	479971.3572	371422.1319	326936.5737	320834.7385	201982.0416	284460.3809	354615.9432	412800.6943	554686.8607	264488.7459	203912.863	319761.5447	197142.1729	323796.9558	349383.688	394653.5871	413465.8802	207373.647	375265.3241	434387.7569	286266.1368	193616.2867	257892.4923	352436.1081	440520.664	299205.1237	563472.8358	426396.8787	495218.3545	543098.6861	769758.777	376327.2588	224298.105	405613.8991	523157.3509	557986.3042	570797.3756	363576.7345	328738.9106	480473.1098	311242.3358	321736.9768	346366.2273	455136.6911	569418.6924
PC 38:4; [M-Ac-H]-@6.80	371494.2385	467985.7248	476641.3944	548914.6429	601699.0463	499361.349	745689.7671	838495.6837	588176.5302	515886.9196	611722.6532	748079.2997	568700.2123	361243.2949	686055.1494	732606.649	789053.2307	547711.9302	618781.4681	688592.7161	408712.7453	466569.9674	662603.6353	733492.341	547669.7208	389278.9163	662865.7457	966593.1332	1004875.802	539790.9336	694522.2415	763085.5127	625240.4139	421722.5615	416553.2323	640802.4788	988866.1016	605670.6603	1257741.041	918157.9888	375901.3092	438124.1427	345712.7886	2668.327085	600299.5752	742610.2266	739698.9898	262495.47	650612.1529	765141.5361	591624.4517	571896.884	1086479.372	421918.3326	694487.0272	876033.4358	440961.9763	358764.9575	408355.6674	440718.1752	360188.8282	603428.2102	995055.5353	739159.6198	427489.1631	451031.1539	664629.3479	540053.4809	477903.7049	708707.9663	825552.8152	649311.7855	375760.5629	513394.7909	518439.5029	503633.1221	723008.8602	508677.2863	607355.9458	771863.8419	509461.3366	932166.3908	862453.3477	669211.521	1082509.889	792439.8584	926793.5136	348120.542	716368.7532	761186.5981	997920.6885	873059.1642	411481.7996	505502.9813	635567.9786	662885.9984	437458.9745	887078.6692	762733.1407	1043014.739
PC 38:4; [M-Ac-H]-@5.26	14400.64856	7384.352582	20396.5665	6359.245489	11102.31989	3254.83042	13402.79256	6495.172275	7297.511025	7333.356825	10086.24858	1571.178423	14784.24841	6982.486723	28098.1151	5472.065242	7486.238103	14745.99117	6441.184754	13045.77989	3133.504305	20086.61017	2990.9364	16046.07953	3310.072144	20279.15421	8105.908494	21909.06155	14232.96853	23009.05657	9303.946963	3105.173809	5115.198425	13875.50989	45443.94776	8688.735186	12994.13914	18328.48204	5229.854625	43117.83215	35095.33967	37408.4141	39050.57112	66.08368263	14624.24123	6963.242691	7409.818705	27977.61307	34243.6854	26103.69626	30492.46834	35700.13636	3446.204134	19225.84201	4551.997957	32544.32979	39568.68635	24066.07904	20087.59593	6530.678602	18925.74994	6433.8579	13505.95034	13583.37386	48739.42974	21795.64452	12336.22684	11570.52954	17493.87773	5888.6853	27823.65995	14774.91559	31416.46806	3940.444816	20152.36132	10073.57671	356.4386601	9103.061008	23946.86354	15495.49549	7937.277249	29746.68272	7897.569627	5237.128111	9555.44857	8502.726596	5646.594226	10806.78698	5026.240403	3837.821463	5978.70353	1056.86376	23869.69547	11875.57556	10490.18568	13137.28814	28630.89452	404.0398978	8602.107078	8293.496667
PC 38:5; [M-Ac-H]-@6.47	223669.4519	253098.0082	271641.334	298974.5485	228766.9758	240551.9938	386086.2444	477798.8935	233293.2589	230196.2958	262228.6199	278366.2344	371164.6689	227942.5115	293384.9687	409865.4038	290174.9481	246082.3628	371718.1532	366291.3048	230689.935	240879.495	373039.2039	337912.1298	281150.4536	151260.6537	432667.5144	409017.797	522575.4056	306179.5143	264447.2139	338508.5973	284771.0456	212786.5909	267742.6008	325527.2186	408629.8529	302197.4189	437929.5521	350102.3308	166634.0168	232263.402	156559.5701	1020.957408	331747.8407	321716.8444	259797.0109	141296.2305	314252.8108	366659.6827	334659.5152	205569.5574	511768.8358	197944.2164	318443.7337	433406.6164	239023.032	192893.9276	211030.6695	266157.3417	158777.5169	297130.8676	419214.776	421505.2873	273730.4542	237975.1816	312210.4093	280426.0115	257196.88	376251.0271	434185.7436	332116.3677	169434.5177	247023.773	269807.9911	227021.1272	369543.3829	257842.9807	269967.4511	376478.6417	421894.1213	422651.6425	349194.6981	323623.7856	436703.3236	356409.7655	328091.888	122139.5608	281853.7144	344805.0358	380348.7487	428692.3943	190554.3343	287682.1638	340688.9758	263685.9385	168450.4195	297354.8441	332450.0932	319414.0148
PC 38:5; [M-Ac-H]-@5.03	7752.848981	4719.38898	11740.69965	1577.761459	3974.256958	722.3822962	3010.571578	5595.532679	3044.221156	2026.399878	3243.824958	314.1318038	11762.48836	4490.735484	7913.776926	3995.634742	3350.245181	8490.996834	2065.083761	4681.098176	1099.76972	6007.314724	990.3776193	8813.167508	1303.685362	4835.660969	5629.030801	6161.938105	6280.095752	15403.39872	7855.764845	1072.844409	1183.112247	7708.668425	16171.63095	1473.144425	9720.502669	13258.28728	3721.432025	14275.47739	15101.45219	19017.03954	16259.0805	150.1761064	7133.228509	5663.082097	4406.800578	13289.30119	9332.483694	10401.58186	14896.4484	29008.97901	6364.360972	18557.55929	1166.147848	16402.14314	13142.85943	7887.053224	4660.698017	3260.956434	6192.056673	4306.529839	5062.673801	306.3562457	23027.35318	9378.210244	3676.476612	4487.071444	3501.624411	3348.287972	18675.86586	5019.761372	12977.02344	670.4064463	11699.14047	8346.394734	2506.107017	1717.488852	12554.19448	7017.528146	6719.00181	17195.95648	2159.370194	4606.727656	6254.569785	3247.490584	1198.056087	10013.48899	2286.775663	3877.497371	4627.662541	583.6994649	9900.194567	1694.025697	4015.244383	1566.912596	2494.341588	5289.905063	3650.427844	
PC 38:6; [M-Ac-H]-@6.08	363181.2128	612022.4937	297339.3983	306952.9867	184513.3312	157497.6547	445144.3229	516521.4504	289682.3957	254708.317	212873.0967	255823.9494	728387.2499	439986.1122	261086.6938	407231.2066	198945.788	148960.417	493565.7447	503742.2876	391756.2194	429623.6085	595959.3375	409584.9425	451446.6681	132239.7943	501444.6482	435302.2994	493016.3453	347145.4953	193928.0307	354928.0208	275055.7207	148833.717	198071.022	390367.1334	479422.6247	270763.6657	365058.1022	231345.7586	191578.2079	194023.6121	221784.2258	868.3678944	199680.8285	192823.568	218638.1032	109820.7659	420196.4474	342111.9351	308565.7784	202627.4338	572479.0828	167572.8819	315167.037	358813.3625	342756.0883	177705.1428	204720.229	173784.3444	161285.2536	199717.9639	319009.2524	298486.6536	224836.317	331303.8308	368241.6872	196014.5493	287603.5162	358504.9403	712116.4124	218913.1769	203587.9195	263716.3752	130319.5817	221615.4616	428647.4816	257113.013	211577.5209	388541.0099	600123.873	400755.8351	313955.276	439744.8861	344996.8217	172901.0816	265962.3007	142762.6813	331608.7339	231903.3117	229197.1432	271806.0445	167056.9109	317877.1889	367316.1819	215962.6156	126186.839	194322.8327	294931.4478	248839.1713
PC 38:7; [M-Ac-H]-@5.59	32193.38397	63183.41125	31474.05123	24379.96996	17293.33355	32760.94539	38677.42176	42347.01564	16979.6149	13193.18588	17429.69328	23554.13185	89015.92124	42842.94691	26165.70406	38188.01029	22178.3057	15641.93229	53891.02919	58322.67654	43824.50615	34182.22011	46021.10429	41037.00029	45083.41954	21244.51093	53984.66144	47703.8015	64142.52144	29957.6743	44008.87364	40085.48725	29215.43951	35839.61246	17220.11633	39335.65262	33634.56506	14137.36866	16974.162	19104.18047	24016.26883	32314.99489	23983.69336	86.75513513	24769.71844	23555.91542	18649.05131	42800.029	25191.53874	37414.278	32893.23835	21084.82678	53919.35551	27039.69836	64752.46731	38076.10462	28907.22754	23097.3472	44672.65973	27918.88405	37814.22041	30119.92769	46364.37047	55744.11439	37013.50547	54012.02229	48710.15524	58863.9625	57528.57807	33897.54323	76615.2168	53868.25159	20504.74551	36207.67253	34380.60293	19465.15876	49452.18162	39394.459	18389.99317	63151.15435	98478.89408	39956.25784	30887.91989	56126.38854	32856.93982	17497.05623	26168.76395	23089.39677	31680.82592	36436.39874	30290.905	41183.8473	20858.50797	48579.30976	46893.15732	23124.41358	27583.95968	25630.84855	42211.32539	36685.02674
PC 39:4; [M-Ac-H]-@7.10	2653.150935	10200.40484	5568.514651	7371.822035	7000.790893	7564.01314	6271.71378	9254.44898	3651.246163	6661.614089	7154.325114	10508.28318	11838.36883	2644.895166	9891.477692	7637.509093	14360.93471	7102.052452	11224.40656	6797.24876	6519.71164	6818.6455	10929.09598	9643.241509	6939.23746	4568.701702	8893.820717	7299.601199	13887.0407	5714.637263	2967.385705	7777.124986	8511.299541	7014.498052	5738.008607	6041.472812	14770.72541	8357.374253	15810.82584	12710.99574	6111.202977	7918.876866	4950.65696	168.7785072	8954.830776	11977.71508	6092.479574	8775.966427	12085.64984	15120.98534	4827.503287	9795.754578	14839.77099	4061.196279	11381.49542	5274.646781	5906.932094	6381.359923	5221.455865	10878.40246	4860.89504	7865.209474	10242.72848	8923.657469	5125.571113	7726.150758	10715.20971	6043.141922	7610.406543	7254.700695	9651.080196	5633.279153	8828.046554	6317.476841	5040.158917	8016.888866	7767.249451	3479.493886	7595.137108	9746.525091	4572.536046	14842.38827	9272.138808	7788.504293	16559.77493	18036.22388	7810.921885	2777.054273	7582.294821	13653.82792	9740.666189	12900.41676	10226.61246	3014.6274	10140.07728	8123.780642	8387.378945	17186.75532	13388.47348	7957.563875
PC 39:5; [M-Ac-H]-@6.71	1794.962914	4634.098171	5564.922565	3327.319062	4441.480844	2348.688623	3667.254106	3496.002063	9983.366565	3014.347157	3150.281809	6789.413784	3374.904029	1847.832272	4534.13439	4988.834198	4614.502459	2639.262205	2488.266171	5780.049555	1380.563891	4037.458134	5273.73779	9460.710945	8581.752793	1436.579051	6639.578127	6632.961909	3441.579289	2583.488936	2157.991944	2068.359864	4874.788097	2129.217162	2367.286542	3528.091585	8561.421086	3735.471062	9147.760596	7318.919346	1450.505038	764.2811737	1708.099494	97.68804747	2000.975621	6992.415921	7156.242683	1066.987185	3838.478397	8514.722884	4440.105825	1914.238462	8229.138679	2905.567219	4436.265566	3669.27598	1204.96791	2588.077321	3431.414328	3760.755687	2570.447159	4620.925058	6446.557491	7547.765581	908.4553136	4954.880829	2824.361571	3840.623487	2949.351308	9754.394215	10847.52415	2029.193343	10372.87879	1956.067165	1293.585925	7336.85105	4239.466648	6147.616602	5695.244483	5448.451245	1138.070321	11705.51455	6907.230793	2273.131623	8427.205682	3248.214612	5687.610152	3974.693147	6715.917953	4549.224804	5735.361084	7367.573777	6059.978058	2789.235737	6082.501008	3241.584574	1819.328893	8937.99709	3824.635092	5949.760541
PC 39:6; [M-Ac-H]-@6.48	9659.428702	10110.50587	9061.039023	14464.97595	4117.286972	3928.260408	13008.42741	12556.63485	7057.135881	6392.428639	7101.732818	7277.54732	19902.55576	7731.634708	11432.30986	7064.119519	7134.93164	7370.684006	14069.67455	7961.743016	7289.881893	8374.418501	12702.31084	8509.039821	9885.838656	5232.578033	5954.610623	14371.96456	12814.62823	8042.4804	5186.907967	3942.001816	4333.320404	5446.124589	6645.301281	9652.367217	17031.22504	8496.469794	6131.012927	6282.259146	6484.623839	6346.315171	7023.409939	170.2414737	4881.209235	9115.756174	5703.742277	4061.197751	10175.54432	13895.49185	16303.86891	2031.485916	16023.78163	10863.19628	4744.766147	5945.264878	10110.91324	2766.749891	2144.465816	6768.227122	3109.187938	6604.423926	3786.117797	8333.185082	5728.068996	10565.2486	6588.981644	9702.129412	8389.911179	10195.98905	17132.73248	6952.339031	8903.104912	9621.915707	2396.668459	8652.146984	7846.725029	7304.330546	6428.782667	9948.51138	16189.37252	8194.196387	11464.27441	7982.412595	8736.648058	4861.47179	7973.737974	5323.111964	9709.569823	2641.109003	4671.917833	6947.176045	6357.200221	8829.467188	8497.27067	3540.296179	5779.381823	9253.803069	7055.271686	6743.244127
PC 40:3; [M-Ac-H]-@7.61	4594.99199	7512.518366	6424.036811	3312.602023	3231.948938	3748.515474	8880.270598	8588.217808	4998.814105	3685.48303	5702.859264	8048.438391	11988.61086	13158.1684	10508.99518	10393.22198	8029.823509	8908.108751	8558.996013	11651.54285	5609.229715	5280.295383	4155.968968	23670.48874	3173.395226	4727.913423	6689.124397	18928.68408	17035.7374	8405.824192	4516.780929	10904.72813	11520.01068	6106.073826	3919.213828	6939.583123	12894.0543	12850.95934	11108.19169	8845.305471	4341.107759	3703.819315	7922.900563	181.605244	9170.010982	8827.402544	10966.00365	8296.46055	11254.79532	11634.25078	9307.689897	5865.383164	7819.464837	5648.314069	15313.28001	12837.32555	7516.98812	7290.239685	10908.85571	6370.81888	7200.080102	7333.879259	11534.86869	16174.50701	10762.1689	4963.610544	8193.336001	6731.695046	8258.062244	5523.059224	12629.63475	9090.528873	12874.51483	15207.85033	15443.79282	8355.844476	13470.64531	9485.406663	10364.17499	12906.98222	14089.59917	8600.887671	14185.02877	6766.900011	16743.72749	23684.65502	14132.38557	6103.634542	8366.126726	10861.18776	11764.91547	14593.88834	10293.46393	11482.89386	10149.71662	10056.1482	6219.0748	9290.248118	13982.41201	12867.43604
PC 40:4; [M-Ac-H]-@7.37	19737.69017	25200.45474	33474.21113	27718.50371	48722.49207	26634.3101	42683.26986	38686.73537	28441.30605	7568.10785	38900.04876	49033.6656	40321.98008	25413.31212	45858.51317	37480.77464	31221.15666	23503.59569	33433.03289	39595.00195	26168.07414	46510.05099	24708.99125	65040.52576	21879.68228	21294.01941	48452.43687	26652.5905	54124.27687	24127.01723	34475.56565	42029.59467	47477.81676	38111.17934	37286.67762	59530.34632	73900.1265	31566.78069	60248.20382	46980.72131	21582.72704	33548.34593	14083.40731	76.31209916	38091.09488	41282.90725	37948.38164	8893.782021	36104.2734	43702.40094	32870.45124	27427.12279	44139.49663	16450.21039	37178.37157	58866.36973	18630.38951	31399.16578	29377.3811	22417.10442	27488.00802	49338.19585	59975.29103	59380.78286	22279.08901	22424.56699	45160.41135	40505.57378	52210.70888	37945.04983	38947.59144	50450.7889	28677.22788	41892.66116	58015.31664	35130.89644	37057.12843	28602.90485	33655.37339	37021.09671	34827.16955	57265.64022	44978.80446	45401.787	68859.4125	114421.852	50800.80539	21347.97802	29426.70476	47436.5744	66093.1414	65919.55434	37715.75106	42098.54018	35248.0617	36984.28379	33980.64647	37333.49191	64062.83038	62614.27011
PC 40:5; [M-Ac-H]-@7.12	36595.5025	69023.08766	48790.30383	43510.9157	61172.30338	54025.21275	72139.78944	76538.8679	40975.84315	42986.6458	66388.33773	81196.9311	60349.22666	33767.61666	68753.84935	61190.83571	52202.52579	36513.82752	67929.24152	60553.06103	50590.47145	50327.01156	74099.60713	86146.48562	56412.61445	31544.88204	96084.21822	67683.12536	88633.67402	54693.9152	65303.74051	102959.8681	68866.41019	49294.14016	43544.25433	83491.13146	115196.4251	76152.99548	85051.99941	58515.23424	36864.31709	67358.44703	41552.6022	260.3670357	60350.96429	62159.44252	47982.67074	19519.42872	75311.46244	82086.61686	62483.63936	34970.10117	101343.189	33606.27697	67840.14838	96231.12541	31019.31132	50838.49296	37019.99205	46914.39016	31499.62195	68582.83183	76192.97262	109765.667	34123.01463	47390.47891	59841.01193	61130.84693	52402.27944	64723.55942	98415.68623	66251.85065	39948.65512	55660.46071	68768.09678	63323.59264	71394.69771	36574.20903	47955.29853	60657.74238	76123.73779	84764.57903	81457.83501	96571.5174	111642.8453	150346.9305	80402.73059	28699.24824	79555.09208	75369.69429	100573.7798	94667.29103	50101.62275	64455.70659	88096.08944	53423.40783	47573.79299	70097.06494	73981.95999	93306.56794
PC 40:6; [M-Ac-H]-@6.78	85370.39631	155279.4548	85072.38937	73137.62951	63088.16207	51935.93173	133972.5564	141374.4981	76630.0329	109875.2957	98631.04023	109417.4704	106462.8829	66923.47583	81395.06138	59125.09966	70106.07561	39415.91674	105423.2101	84094.39603	56747.26207	82339.10099	128756.3671	129885.9154	134764.9447	52018.92645	108389.6734	93163.65185	125089.0757	92488.53682	72981.59809	93838.3964	51446.63384	49091.73321	53986.10502	88735.21048	150023.0352	77002.52738	67845.81641	56995.1721	43021.06155	69143.08972	74196.25788	413.2858524	63117.8169	50981.3383	65131.29356	21884.47335	126714.9088	88584.9122	83525.23302	49842.11867	180672.6074	28657.15348	81896.53725	109092.1718	72202.48363	37782.1101	48189.92719	59606.41565	40041.49906	54693.46437	87722.39797	74682.54094	42244.76968	92136.13656	72734.79989	44858.39684	74356.64211	108883.1018	157297.8742	64128.49401	62664.37427	62971.47135	36089.87744	47713.85988	128482.082	71620.07479	45104.46179	101302.7403	161769.5607	119280.371	94313.33371	176225.5326	83728.34122	92503.43434	64286.97285	27713.54336	122483.8982	78581.99024	101116.3563	96054.89442	47640.78975	83247.44051	86862.41754	70692.64284	25545.30802	41108.53872	85160.97055	107001.7132
PC 40:7; [M-Ac-H]-@6.30	19357.25318	18923.07352	25325.65468	25344.08422	15458.27218	19150.26222	32587.93651	39819.4195	16179.91464	13921.83964	18596.21221	11950.34466	34910.34063	19852.85859	26047.2818	39368.13153	15431.04538	7774.076902	33665.96598	28989.20416	25551.19513	17008.59028	34938.1854	33491.86921	24464.29404	9532.475591	28415.70462	31992.89016	27605.97828	18214.95206	26418.46136	16926.54926	23576.67805	16946.50922	16812.13024	25177.55773	24921.86913	12852.26294	21273.55273	19177.45347	10610.91608	20514.09119	20465.49509	77.64457969	23328.80037	23250.13208	20070.77663	9449.247752	31155.19351	32341.38864	27929.31109	15064.39538	34165.18217	12839.87287	27457.28966	31783.09792	18463.88765	21184.63411	21745.53334	16041.48494	19866.0022	23996.67777	26827.58405	39167.47489	13616.01275	25348.32931	26962.59745	18188.19829	24383.73989	35741.98191	74608.46017	25227.18262	20510.46255	28697.42406	24721.2053	7479.127616	42200.86926	25570.52553	19539.03072	35067.41342	54421.45651	22722.72037	20108.62854	44130.3595	23245.60055	23080.16224	18001.69256	9784.223954	28982.46646	16952.7126	24412.57569	28493.46348	21144.29972	32417.32605	32448.61924	17756.15967	9286.209813	18904.61799	26664.4164	17067.37027
PC 40:8; [M-Ac-H]-@5.85	13046.79699	24380.62472	19906.8084	18087.94386	14978.25831	15034.42491	26536.36078	12449.1088	18159.91655	18434.87004	15328.93958	12642.7651	32305.64336	20564.29254	19892.95657	16078.97707	12486.33067	8504.496246	31246.09432	31253.04843	32830.46123	18401.0965	14883.6182	20537.76723	17106.16679	7686.596635	38727.27114	12278.81841	36008.00719	15223.89323	45149.37977	46969.46118	14930.82161	24300.97661	15754.69969	26813.60091	18584.23741	29425.21561	44858.26838	6935.2512	9561.181332	24391.4448	15434.54241	26.98684314	10841.74377	21388.95941	16288.77769	30566.45593	11144.56145	12539.35013	17132.3115	14929.33107	21034.30866	10472.00747	60455.9559	55852.10455	36104.87456	59730.29337	38300.27896	14566.39656	50133.56802	30085.78603	32170.63198	51311.8574	11337.52643	13401.10266	25557.71368	29499.15441	29659.10132	23135.07263	20899.19237	45217.58157	14641.23901	65082.90632	47922.85771	24430.94568	17268.42873	28994.37251	16954.6581	19167.8557	25695.68691	13600.16755	30442.15215	22218.97206	25262.52914	38678.08911	14624.59663	19282.17525	21154.26188	47982.01144	43279.77727	73466.82929	43607.33475	60971.93554	41382.40949	26170.62693	25034.14327	26103.99219	32391.33776	44560.68364
PC 42:10; [M-Ac-H]-@5.78	8805.234803	10476.19888	6388.470682	5113.864865	6236.911029	5809.523466	6429.564584	5338.117131	4684.396827	3252.525112	2395.979909	5221.324583	16087.81962	8518.137448	3076.90154	3397.460227	8133.609624	3594.843624	13767.41799	8152.087446	9537.131104	10755.23644	7346.228778	6848.92939	5056.5382	4496.769099	6201.095967	5030.50919	8467.936888	7335.231377	1591.970918	12735.82442	2969.060632	6933.98401	11242.08142	10563.1566	3423.771988	9139.616449	6318.036941		4163.634538	3051.123044	1284.654075	27.45489707	3554.806321	3856.14583	5999.996654	6947.297496	5364.762195	3988.834025	1764.923367	2279.785822	7427.655961		11933.12948	15554.45267	2918.826559	1544.692184	9668.194471	6512.420005	187.3949674	3140.530214	7210.722298	7397.258503		4396.420116	13790.01196	8035.591	7041.154883	6556.77399	10414.74453	11234.68978	1928.954828	5700.965341		4867.641789	8234.607381	6903.937094	5660.654989	5466.212591	9019.592618	5948.614445	5092.549218	8988.901482	6656.433911	5194.740726	3099.82944	1468.591443	5176.492829	2960.351895	6003.990691	9827.461029	3488.787733	5787.072216		6162.925616		10812.07494	6427.19246	8664.184852
PC 42:2; [M-Ac-H]-@8.62	7748.491571	8181.934528	7376.880118	2389.180788	12708.72352	3389.977279	6827.33576	2162.813791	6832.74103	2746.452591	8967.972221	2245.914406	6334.325986	8732.247851	11810.97879	5703.911836		3989.628756	1774.509233	9084.415186	7056.046642	13814.83095	3843.026036	16551.02045	2345.12455	3123.102767	8597.489931		15021.84419		7182.064984	8061.256482	7253.354409	14527.31604	2898.075339	12349.87564	14044.73641	8018.445535		14280.81922	8507.622757	3383.286914	5571.013946	166.8123321	3946.890576	7385.978167	6881.076126	4576.743825	9613.692336	7197.926083	14237.82209	15063.56469	9512.081468	16392.38591	10109.99091	20740.53779	7583.056907	13927.37067	3960.402464	4215.824042	6842.998613	6091.520907	12970.29899	10797.63507	14964.21142	6625.537642	10284.6077	6901.684516	8704.438328	3740.621005	14473.75551		13942.0071	3306.824607	10376.25719	7031.820158	4655.188514	7365.425369	13359.93413	5358.992977	28789.77	8666.559349	10382.05222	9211.214834	7245.734412	15009.54595	3324.166168	10430.12964	3707.295062	2883.573441	17663.17313	5503.834258	3417.171037			5377.892548	8789.313656	11717.08283		
PC 42:4; [M-Ac-H]-@8.02	5714.021151	3507.038722	6718.410412	5701.240652	6966.079889	3996.306822	2133.286319	5201.678886	3997.425138	3706.460615	5863.047139	4450.034243	9948.055944	5864.697012	7745.299251	4992.047504	3407.57902	4287.84026	6392.528192	6847.179964	6022.058833	13198.01082	7868.194137	11545.11237	9856.034962	4529.162431	6549.13156	13688.43011	9218.639187	5937.023074	4524.564853	8179.185763	10328.97251	7705.066808	6386.224452	5355.223976	12131.6574	3930.027329	8577.234913	9165.082987	8785.270458	7002.979237	7089.597418	381.571666	9272.71581	4816.31466	9203.990978	5862.978914	4796.381362	16997.16403	9988.720789	7236.789873	4215.100667	14147.29136	9443.953486	9576.924376	5259.312046	7155.895411	6021.990651	5908.519807	3805.577821	9676.255727	9358.784665	4430.468914	5195.874157	6480.975428	8260.782702	8705.699324	4991.685748	9798.777709	8973.088219	6035.70352	6581.690523	10980.04622	4291.266044	7175.857761	12165.39091	6361.313791	12365.33156	7131.945798	15400.46473	11875.23525	12060.00341	11615.05399	11833.18084	10326.53627	7243.534893	8075.046954	6409.409885	5016.675897	9354.426283	5714.970066	8262.634889	7222.780676	11949.33978	6500.056809	8836.890474	5936.616732	9229.789414	8014.162533
PC 42:5; [M-Ac-H]-@7.48	3748.898209	5320.187497	3632.739906	3405.728368	4082.691075	5154.654877	4966.036762	1673.147263	2806.465227	2629.82333	2793.140762	674.6351245	5960.443279	2571.015121	4976.071577	1875.88029	3087.185062	5585.31515	5827.773817	2637.136136	3138.23825	6665.322827	5835.174063	8151.393965	4599.289396	2637.208872	7617.48828	7366.071523	3965.554165	2858.939146	7123.626699	7365.792179	6275.466946	5869.875534	6278.019593	5235.700516	4955.452518	2775.613114	2270.217917	3142.17434	3223.73185	2591.01745	5908.578443	58.33751985	2924.035656	1330.281906	4061.632842	2473.59938	3873.447434	4640.352607	8382.973354	2914.117805	4794.712656	8112.978597	6760.622059	6396.660768	4360.517879	4300.997394	3095.145394	3965.540993	6477.50207	4272.871679	4588.747481	8890.701063	3619.906384	7518.253454	3336.749967	3211.017485	3421.981236	3431.270031	6354.684874	4440.383809	5262.069142	3583.196227	4709.351376	5791.074445	5720.704467	5735.447182	7679.356472	3454.333775	5970.384928	14527.40439	3284.334125	8818.073878	10897.3675	10272.46987	4078.175469	7015.384915	7982.702361	7322.79337	5692.787688	7369.094983	3434.532097	3698.584665	6468.097365	3436.392163	6503.566743	5769.056696	5268.790718	6360.160162
PE 32:0; [M-H]-@6.79	1810.018345	2199.928503	1771.492379	882.6039742	2790.750222	5721.865565	3224.156743	3051.151645	7209.830638	2219.067861	3480.150911	2974.009667	3544.217591	2229.165149	1627.852834	3111.742572	855.5861051	3416.70577	2211.739986	2030.60235	2857.161668	2831.113772	1271.199295	5925.254599	2907.631415	1264.07452	4705.70724	6026.305282	4029.777914		2876.25121	5316.489462	3275.165237	1889.913057	5219.577845	6374.969948	2539.101601	4430.357857	7361.367935		2762.768442	3205.105225	2048.824941	21.78011442	4159.710654	1932.422882	3992.031546	2031.076909	2579.878419	2458.955375	4253.937066	1415.082136	2458.05024	3996.326777	2366.776534	3373.989311	2007.186681	8655.68506	1242.442253	1081.025476	880.5696138	2519.119354	2490.443247	4604.574123	1103.470539	2970.159467	2812.458784	3368.918531	5234.545261	1879.247875	3695.683965	1652.087549	2942.527417	1378.091472	2386.119081	5873.985974	2070.291754	4038.110574	3982.210478	1636.208552	2720.801839	2346.048104	1018.478714	3707.867161	3083.915043	3235.832512	4718.461905	6118.126897	2204.790986	5529.510081	4264.306764	1217.91286	2053.476006	6771.752591	987.4881928	803.4932347	5448.03996	4109.216827	1122.668156	2401.125283
PE 32:1; [M-H]-@6.30	577.7594244	3470.763089	4603.688472	2473.38918	4232.628083	1072.613706	1908.120863	2582.871167	5328.381276	310.6046883	15934.50138	4822.630838	6419.504536	3038.677712	2198.36685	1370.889561	4513.857897	1820.915012	3290.436358	2111.015976	7027.18226	8081.826933	1837.807549	4333.438395	1595.28596	533.8788517	2724.687597	6220.161981	13979.7779	3325.226393	3059.445486	6419.628215	5931.934931	5104.1369	21257.40679	13137.43534	1261.228926	2725.472311	8055.621146	6244.928994	2984.760214	3811.301425	6138.732044	62.24163488	2924.146239	6083.480988	1977.398509	3133.775771	2927.095133	1704.928612	1852.222427	3696.958242	2169.762701	2960.529301	4306.473091	4217.776854	2974.060841	12883.27184	5896.236416	769.2495187	680.4563957	796.102195	2554.418994	8884.541605	3514.962067	513.0215337	2094.074261	1292.548316	12258.20606	2906.363603	2238.608579	1345.300649	5528.934882	2726.164352	4621.346367	4374.62015	730.370151	2964.465675	5326.956325	1683.548167	798.6209665	3672.193093	576.652114	3004.330012	3509.833209	22528.58044	2531.687109	2899.52799	977.1087367	7542.892598	1193.942426	5325.855688	842.4439182	5748.573963	302.0186266	2194.700545	3998.95615	2752.866617	2394.505498	733.3772386
PE 33:0; [M-H]-@7.08	1224.649508	1298.972404	2713.441581	1700.810865	2355.217431	738.9490138	865.6230282	312.0753485	1251.621426	1309.597383	1217.108765	781.6823921	1077.738542		1457.460124	1274.195548	476.7922154	1963.848367	2012.354801	831.3825052	2863.714428	1418.860562	1155.522645	4847.326156	5076.796281	1261.597885	1235.234746	6199.153306	2311.282251	2437.638187	5717.183943	761.5214989	4316.049971	1494.836691	1430.651128	2314.280699	1407.098113	415.0833493	3431.468428		2212.150983	1557.760781	3037.423396	53.64126586	650.6638984	717.7345451	547.4755579		2101.982288	4460.3559	254.9340868	1521.454147	2927.746003	479.531527	1871.949428	5461.363857	898.3986719	951.1460741	1938.015643	1661.449729	2511.329071	700.4561319	2167.576379	715.1015483	661.6411876	1041.363075	8936.199071	612.3484672	2061.392016	1023.924107	3522.015011	575.7356226	1238.356037	1083.522797	657.5152569	1089.985195	845.4076248	2742.057935	1942.696762	382.7515938	813.2686008	1515.653656	2064.272208		1251.194126	3030.898896	1430.773359	1932.582581	2420.325891	1743.17723	704.8581308	1724.756789	2265.953022	2939.984103	1971.129446	381.0509238	5368.071422	2319.335591	1152.045019	768.7348815
PE 33:1; [M-H]-@6.60	318.8622828	409.7026765	2076.883552	364.2958829	247.3382614	901.4031691	1001.28054	1447.88903	1816.408265	234.6263233	1279.639629	657.1858009	498.227186	625.7085712	479.8245557	506.0582786	793.8264501	967.2087005	813.0190964	925.050342	587.3785902	1854.335813	1334.418965	1698.097379	700.6117191	623.7368215	492.1751231	1566.16118	744.7931273		809.1058309	2747.258608	1009.629654	1899.402104	3095.439363	1666.371713	1208.797852	854.3965873	927.3589789	6169.80768	712.5805578	887.1392956	2328.289547	66.72502828	562.5964394	3088.462194	434.2772643	1002.231808	1602.139351	1450.518676	1633.401681	3385.438249	370.0614912	1345.752725	799.3938763	229.0992183	4615.653181	1675.83447	741.2852119	483.134693	204.7353874	1085.87187	863.4393926	1246.048051	2657.688749	840.3933086	1221.702975	1315.949639	1552.332224	1053.265491	3322.997755	742.0969888	1670.372534	1191.783901	1677.901218	962.8363118	532.4311222	1884.074066	3101.390766	545.4987397	289.0555785	2746.63019	345.1437154	852.8942446	1783.242434	2390.932651	1433.785613	447.6630962	1689.386367	1388.006783	1632.269624	527.492608	1487.310787	1153.067516	222.6053394	1135.84751	8984.201485	2729.516803	443.4251468	823.2419544
PE 33:2; [M-H]-@6.15	1235.756441	939.3324424	1884.179559	2121.553304	292.6421565	654.1274169	1457.183391	536.3224276	2956.596302	1127.485205	4237.536829	1872.999895	1984.77055	3050.69099	1228.961868	1687.072288	1414.873567	390.6147332	1041.153997	1163.729568	4357.27086	3918.973729	1245.969273	5451.854711	1644.391657	295.8279528	845.1547765	6389.799973	2298.183739	2917.643165	1704.636523	2378.531804	2959.757206	1899.53701	2370.807544	3699.646684	591.2687396	1673.96619	3259.48517	6757.504514	838.6414758	2553.623739	3269.320879	59.61746577	1727.724736	1522.432077	54.92315596	1050.801893	2478.154276	1732.564688	2049.417339	2143.615241		3201.479225	1673.70153	705.6137718	3493.94941	6599.29538	944.6264356	282.9164197	973.0075926		1773.022075	1445.381307	2397.859126	1626.865311	1214.868354	2056.5257	3483.902747	1853.141734	1199.292644	877.3584852	2499.64221	1656.775788	1496.739715	6268.851589	873.7501944	1765.372584	2531.370052	1511.976364	2894.84528	1502.852439	2223.794856	479.6261986	4107.234937	419.630537	1692.627998	1064.132982	1133.687678	1865.602092	1487.553648	1365.868498	1917.503548	3274.299681	1822.588184	591.0146258	4587.966057	294.2251769	874.5899161	1408.73578
PE 34:1; [M-H]-@6.91	18687.47091	37542.88485	30500.63441	25617.01007	35830.05856	33956.34582	36443.71676	34257.1394	211171.6718	28123.63732	126182.3935	65229.5973	39758.79609	47035.57252	27924.82775	42440.09816	26266.86182	15992.9746	41615.74472	29964.38475	75932.65924	45364.91408	38680.45376	49635.51662	15830.5167	6012.082031	41783.3171	26061.00366	83328.76288	24208.55754	39195.82371	85498.81948	72061.93297	39228.2632	119968.3553	74985.62624	48341.40237	56448.90646	111529.0815	28636.35896	20813.79339	17773.10002	31660.77195	53.89138888	23490.3019	78643.28818	23496.72263	35989.98309	79021.22825	33233.37248	29812.94935	22953.87771	27416.70273	14142.82457	48954.74894	41792.72047	94533.65394	126796.6528	35708.83981	24040.71445	20938.14953	33314.92293	59660.92382	92626.77294	19589.18476	16544.10707	52488.11225	34984.75924	182645.0562	52677.79711	53594.10099	22732.75187	81147.10162	43466.85143	46722.7369	42990.78514	15405.25978	41016.49644	42758.54977	27606.7143	20373.18737	25680.7026	40081.04374	49435.617	63637.88281	144827.5793	50931.67725	42533.25927	35339.00721	74771.41925	25453.34107	36048.17315	27743.08301	95693.46829	21347.07231	33870.54709	19486.98578	28668.08533	31601.82265	29025.16991
PE 34:2; [M-H]-@5.11	2165.605502	2622.414602	2906.902407	1480.385751	1479.092103	971.3910701	946.0845062	1670.559567	3038.821564	2168.586624	3176.225697	975.1069281	4670.501129	7625.062468	6658.694572	2085.818285	2237.090716	2951.711942	1309.269812	2199.72864	1690.531609	3540.963989	1916.172165	6428.800291	800.5624048	876.469288	5139.777716	7629.480517	5503.857007	8419.928907	4031.944434	2534.048227	2890.035653	2635.337495	7069.720223	3534.156422	3435.819827	4650.109145	1763.169277	8200.155632	10095.29349	9806.365154	13203.65801	56.26953955	1843.061207	2498.780463	2996.121643	7078.994015	3988.927838	3916.91103	5474.828979	11321.76134	4895.973113	9586.11483	3736.579813	4755.318012	11611.69984	10631.75038	2850.784847	1284.701569	4354.780822	1074.293319	2441.159756	1590.529269	11369.03885	1256.237598	3198.001622	2943.409849	5591.127964	2555.504326	4706.41478	3082.891132	8502.768729	1927.398712	4263.16141	5611.118047	1842.783811	2310.593698	4818.124126	3352.139276	1621.284457	3157.057912	2313.596035	2249.92454	5985.575294	2583.10576	3763.006297	7915.234874	755.3217765	3122.058793	2812.609396	938.7125697	1968.172331	4362.790448	2114.753724	1065.0725	5027.714714	5865.346026	3266.017359	2007.797699
PE 34:2; [M-H]-@6.48	15656.8786	78836.08355	76236.09983	41403.4435	56707.97341	60544.12231	41129.00901	45276.16088	140426.3105	37001.7186	225166.2668	53859.85326	88937.71075	141593.8946	90578.26063	72484.26527	32119.48596	18882.08074	48863.16848	84452.19305	164494.9639	74070.81995	71802.43707	92226.47686	42524.73782	11478.30197	80523.05163	68217.54672	143354.3832	24478.10063	73070.51783	179475.003	145086.4357	68302.0341	197720.354	245104.1991	46961.30814	48741.5923	137052.728	35120.93587	41459.35136	34061.38024	38557.04176	69.28081437	56666.97244	101233.5406	58313.49066	66601.0538	89904.10491	59172.00217	39064.98876	35648.85046	38642.33161	27149.8612	104895.9105	47248.2895	63897.78802	246184.6748	49468.83795	31185.17611	71560.90971	71208.54034	54293.07152	173713.9783	59104.59197	41674.83236	69792.22363	113498.895	223972.7266	128782.9825	137958.7718	80244.35946	135802.0673	174272.4819	110284.3032	66280.75836	61348.39621	107750.4231	65436.09782	75786.14588	71238.88601	43342.80766	85451.55389	84456.1694	102690.7887	255979.5253	82670.77999	82875.01773	56260.78723	178706.3982	69361.31415	58609.58712	44661.59427	238671.9632	62165.6804	56002.08047	42125.81916	27745.20671	67786.54031	44543.22105
PE 34:3; [M-H]-@6.12	3726.529962	7854.295673	4348.249279	5186.736196	7496.769085	9129.068383	6228.725692	7756.611396	10874.59574	2127.755905	24859.02865	6508.336306	11210.71794	12795.6994	12595.79804	7110.68042	4277.349081	5385.971395	6983.616675	7655.915357	22221.34483	6393.950361	6237.959364	20176.50479	5877.616946	1925.61532	6880.105809	12745.07164	23414.23763	9653.594273	11208.997	18621.76495	24554.19192	11843.6729	23271.94342	19109.0187	8619.318037	7944.449419	18303.22908	13639.02509	10992.09418	3899.451241	21028.25914	292.5179821	4859.686979	19117.83597	3445.973343	11769.35321	8951.22063	8802.024578	6263.116634	15183.74753	7200.071877	10230.3363	10577.57471	8428.633167	24947.7943	34779.9491	6759.218238	6188.264758	3563.28142	6200.268496	5845.025637	26148.67863	11205.43944	4965.877363	10308.53746	15925.57146	23869.67363	10654.34845	23027.5399	10472.53828	19421.68705	9830.45533	19910.10847	11502.75349	3899.918697	18805.63483	13428.63001	5842.872156	5241.659626	5003.574863	15782.30994	11435.68139	8870.748071	37666.321	6834.315223	16704.54724	5541.299291	23707.20664	6545.533785	6148.122232	5499.446227	26075.36682	4750.430147	4690.398506	10113.23009	4669.58503	6993.196361	2324.650056
PE 35:1; [M-H]-@7.18	5754.062898	4937.819413	5610.635497	2844.537459	2600.39797	4843.136647	7051.865422	3832.18911	7033.207381	4426.400993	6197.406281	2230.330864	4076.578317	6244.342378	2576.076704	2175.067898	1222.220209		1859.151218	5954.351256	5383.602513	2936.037312	4360.944045	13714.27512	1820.10189	1857.219848	6908.421432	12332.27244	4637.880589	8852.143978	7482.68103	6129.182016	6933.277853	9355.197481	16326.66711	5408.250671	2281.825348	4249.183258	6749.795507	23165.58713	4228.982621	9883.693495	12790.14446	88.51783198	2252.733701	7910.410845	1205.313612	2358.546771	7391.310645	11668.01285	13184.30038	14283.29761	1303.594953	5841.8512	5277.28498	1194.645908	14811.3627	10704.48751	3164.528792	1494.20019	6853.948164	4821.441831	4088.686156	3008.010968	3592.012705	1932.794651	2475.996952	1008.532648	7220.304248	4637.78163	6042.665813	4555.799859	3967.257749	2222.759844	2479.350271	8638.569935	1268.367737	4064.586684	5641.514658	4895.050074	4946.667982	6401.100765	1697.430169	4233.749267	2793.573477	8052.848961	7687.509649	8760.001906	6408.546689	2247.988223	4492.068459	2213.275809	6465.316675	7508.818723	6122.669017	7807.095227	18355.08749		3203.893828	2022.53236
PE 35:2; [M-H]-@6.77	1923.115293	5792.70168	3055.959979	3432.721557	5658.084789	3649.982033	4104.329616	6764.414672	6858.917256	5065.726876	26419.03748	10606.48148	9031.839556	7085.479178	8394.10452	5124.558723	2475.551187	6197.079215	4660.920368	5505.324949	13336.62275	9842.269665	5769.360451	10236.22873	3868.241201	2945.726551	8575.720906	6085.169687	19303.64966	7951.16707	9218.20721	10563.94903	11885.02059	8505.179384	11200.50344	13059.91438	2213.524935	6813.590604	14088.77002	10558.47119	3501.863234	7457.377175	5363.904988	142.3067199	4278.765943	9645.571607	2897.821361	5938.385006	9136.689534	10841.65217	6772.829865	6018.989188	6044.094618	7772.899917	12528.1745	4714.378121	9395.956204	15144.13644	6585.224122	5116.574036	3228.855167	5579.298621	8658.959719	17331.81442	3801.486609	3536.197585	5472.420966	5652.806737	10323.7618	10532.47974	10824.20185	5660.712572	15109.59204	10466.53297	8473.77704	8914.764314	5368.765422	8019.836431	7785.434121	6870.945952	7728.921958	9188.545151	2535.725961	5203.980675	11582.32254	10682.0171	8873.44599	4175.552036	6000.383284	12905.1706	4560.928867	6661.713727	6756.379872	16604.85108	5142.902098	7197.579968	7823.348318	2911.923541	4986.951279	3506.024852
PE 35:3; [M-H]-@6.30	932.1290485	1602.085875	654.5836135	1584.068453	393.4820989	1214.595436	1718.420237	1882.004538	893.680821	1342.886737	1623.595644	1001.072991	430.8058655	1822.417926	842.9782176	630.0150801	794.1723687	1285.890718	2379.078752	1976.898946	1964.301105	4873.499284	1964.898089	2238.177619	1421.891525	963.7425038	1819.311006	6578.812796	2700.374645	1694.231821	5752.113037	2566.459879	917.1041864	1996.310214	3805.030651	3174.035252	1287.968652	2748.298259	1118.319893	1601.171749	1602.724674	2091.928268	2339.927774	38.08950726	657.8145631	1307.207469	1237.182874	699.4335604	1624.301381	2435.033345	5482.982966	579.3317622	4708.200779	4289.640678		1845.280739	801.2492596	6758.084981	1272.978771	462.7469673	717.2592638	1338.554004	1513.859335	1493.009229	519.851363	890.3923865	2158.652664	750.4650972	1148.613398	1822.347935	849.3368729	4028.264449	3340.412734	2011.648501	1749.954473	1156.499854	459.8178268	985.6435706	5448.27659	1343.76847	331.4627123	1096.796539	920.479362		1414.53858	678.5386195	2049.156401	2807.292222	1134.445507	2842.018306	996.2210853	645.0242175	208.2759153	1015.412248	484.7505521	393.8279369	3810.570453		273.2664543	701.6554084
PE 35:4; [M-H]-@6.13	1693.981752	2302.063618	1421.33474	1634.33186	1702.334408	2343.638557	1251.76731	2068.037375	2362.628787	1194.067097	1318.917801	1998.259832	2350.0775	3501.038937	1743.245431	1034.581637	1055.11646	1497.35468	2526.963603	2225.99588	2155.187982	2446.715611	1635.564056	4076.362436	1196.923909	2109.737032	4501.65477	4509.659888	2836.518573	4402.212076	1950.757918	2323.274941	4081.926636	2188.576244	2851.284323	1798.146391	2239.695286	1917.980358	5385.290305	2225.249562	870.8250534	1454.961089	1100.01278	146.0356281	2341.143496	3610.036672	1667.551799	1791.000825	1796.015207	1328.184485	3065.0805	5384.140978	1194.258122	1974.658052	2417.5848	230.2466625	3011.084435	4286.398061	737.1043515	690.292335	1644.301248	748.5031991	1079.675209	1725.527358	2197.780429	1124.975564	4790.615207	3151.838093	2194.069416	1756.380744	1679.757886	3308.001812	3018.924783	1143.308149	3381.260038	3326.160108	1955.446291	2324.796442	7555.839651	1495.155187	88.91701858	2904.09523	1382.93636	1787.38954	2624.465053	1466.461316	1567.9774	1717.002999	609.2405545	2647.550955	1810.046324	1221.053405	1449.919055	2506.496718	1474.815765	492.6186771	5083.412144	1696.709315	1354.94405	1486.323787
PE 36:0; [M-H]-@7.89	7725.23701	6363.01423	7512.267257	5515.017829	8541.228191	10034.18671	9298.556927	6596.020663	8668.922618	6177.728702	9385.247061	7047.60812	6976.015853	13523.49562	15357.24315	6128.807844	7232.72827	13253.64919	7101.721491	7545.706336	8816.406049	13755.74625	11147.51634	27984.03987	6619.525856	19857.66117	10482.80259	16746.31289	10631.46614	11324.05342	21943.29157	7245.397756	9120.871965	8648.13725	9514.864037	15087.51962	16748.17519	12194.74959	12765.74366	15852.03629	7732.406901	13529.20506	10774.14264	131.8106039	9366.231426	9576.325907	12382.20455	22969.80166	14647.04606	23490.14757	8367.961886	18073.0944	7543.232451	13544.45025	11261.53237	10799.30458	9208.861249	13341.55854	9117.449474	6993.873223	7948.62826	7793.279234	15938.01878	12329.34745	9366.878289	3964.604546	9735.646537	9947.771128	8893.67604	9272.53155	9290.018123	7649.786563	17633.32033	10452.66507	12472.48871	18550.90299	6749.821791	8581.482192	7895.07326	12668.27654	14981.1209	14737.96599	8041.218077	11339.31279	5245.369041	11003.21952	14070.06449	15442.93965	11164.2247	11331.37621	12465.5523	9628.242887	20139.38081	11672.59958	13516.74592	9081.14868	9341.399752	23935.99325	10035.03986	6808.859312
PE 36:1; [M-H]-@6.79	36991.19407	25605.20538	29129.63731	1908.981156	25134.12932	23746.24114	52040.39659	5050.487295			5988.768894	54275.18379	29629.96887	32556.10217		5074.720567	47223.55534	19464.20282	4681.213119	28334.63684	40197.79602	5997.935567	26004.42922		18773.06988	50586.01933	2906.598032	33269.38832	4752.984742	20392.53378	54002.72753	4992.041115	6509.972446	46713.78682	46892.31712	43454.33889	26057.29246	30925.22561		7369.721258	9081.492705		9830.124812	29.22732822	8610.984621	2577.643821	6682.639509			36965.30466	22550.93822		23154.0268	11641.99999	32109.73949	30856.90988	9250.027735	39851.35779	31580.7974	23507.85635	29565.80238		27253.25534	31498.84751	4459.841367		34752.86281		45962.71005		5379.832795	34361.52548	42140.77322	51048.73374	40407.98905	8179.37652		3177.435971	4603.35748	2621.87457	25648.48231	22958.96928	4978.210043	31130.46029	5444.988015	46283.36809		20509.96906	35885.64582	54601.65654	72115.45727	31350.95279	52026.72937	44804.17304	3756.483201	38630.7974	16473.45746	5208.427091	29028.1721	21827.23721
PE 36:1; [M-H]-@7.48	36991.19407	27511.59146	29129.63731	41114.86372	25300.49104	34491.85575	52040.39659	44923.40998	138322.1912	87750.12836	135051.9368	54275.18379	29629.96887	32556.10217	83483.5717	47106.79229	47223.55534	20324.30638	41687.6261	28334.63684	66400.04299	47680.21793	34878.74817	99944.37625	18773.06988	50586.01933	86885.8449	33269.38832	93569.45641	20392.53378	54002.72753	142005.4441	81816.41163	46715.60222	57830.74577	80305.26127	26057.29246	32526.98184	194329.9734	50347.50898	48596.39843	52090.11823	44852.86442	69.74868651	37176.21648	113567.3837	39603.03996	57538.93862	128982.4815	45797.40267	25057.95827	43141.33421	31894.43513	14665.77598	53718.32468	39838.2047	107367.6	69463.44584	34305.07783	31949.07338	47444.57757	44116.81754	33376.28143	44808.81454	51285.46913	49201.70534	45866.06944	76827.7359	85691.97678	135570.9019	84617.10574	34361.52548	75700.01296	79228.39137	50821.42329	44602.21825	47227.15371	62454.26824	52253.44704	61678.32101	32204.07968	28295.7065	73039.96439	40750.6468	80613.88115	89525.03611	69741.78568	29857.75143	43397.85525	54601.65654	72115.45727	31350.95279	52026.72937	49924.06696	69908.64956	50738.68044	16957.39	60558.2163	29028.1721	59271.29795
PE 36:2; [M-H]-@6.33	5551.814105	16607.80489	11970.78679	6727.104852	12925.93073	8343.841501	9751.927147	11578.87759	11916.95757	12615.39366	13000.02382	8183.752568	12243.63971	26237.39632	18014.30344	7255.367112	14715.30196	20358.21379	5678.743978	18615.61597	11589.07464	16294.90778	6136.493872	33968.46765	8286.440094	3302.115601	8797.860682	29416.17213	34845.70542	12520.62979	20284.21458	25224.67035	10858.11472	14742.09782		13852.31853	10877.77378	17439.55565	24897.05618	15247.31273	7851.9585	28519.64048	12715.38262	36.12920369	7277.383133	11156.74084	9287.641053	16462.27638	22710.34391	11908.07717	17184.08771	12753.8582	7596.163831	13621.98032	20579.38572	9841.745121	19807.46944	34366.64794	10391.80677	12937.07809	8675.756704	4847.523413	8139.157206	13457.08922	16396.70541	12318.98975	9008.734221	8527.921403	15049.50536	10232.1772	24745.22269	11698.95986	26482.21011	35157.51225	9836.622528	12039.61849	18729.52495	7433.833757	12779.06624	17030.53843	14165.74514	16451.43337	14889.99863	11491.50402	15186.70772	23030.84235	9748.257006	16179.47282	7153.812275	23411.60489	9072.221848	7286.535706	8563.883051	13209.55958	20997.31548	5523.167524	27204.86724	13516.08061	20639.73275	10638.76861
PE 36:2; [M-H]-@7.04	49529.56436	206699.6889	175796.0081	90298.35751	132263.0533	172803.6454	88874.07213	85235.3407	280813.853	155386.7205	462669.1587	185064.9934	142199.0994	204764.2297	221679.846	156859.6191	58104.90776	54379.35283	121408.2126	132970.2957	376836.5062	149704.6957	165982.4542	255212.2254	110590.1412	47812.58528	196988.3616	115396.9838	342590.9055	86082.26772	292601.849	552718.2298	299632.1987	236130.908	280332.1161	362801.0203	121983.5385	151566.1631	371557.8422	68360.44527	126847.0892	107567.0243	93815.93668	56.06733926	148030.4428	339904.7788	81897.0384	153483.0989	224761.3076	229893.8107	89884.82055	67644.26555	102916.1458	80042.24561	267751.4353	179061.0357	241807.2026	334124.5547	174279.643	103061.3505	221094.6311	156317.5269	161749.5184	300853.6862	157029.8517	110016.621	230389.9405	206742.1234	375961.3695	321858.5251	325124.7867	242562.5957	390423.8391	442839.9175	291562.1231	104932.9595	119575.1906	223625.2717	182299.157	185537.6579	178770.2054	115658.7383	208941.0506	230422.3148	199734.5489	437472.8662	211551.9091	134869.0364	165074.0319	326586.9291	185536.6878	127448.9736	97308.92311	393436.7964	208370.5384	226705.201	88654.30232	120588.6603	161986.1423	184337.7833
PE 36:3; [M-H]-@5.87	5072.863871	10329.01043	16638.17516	2150.912001	3577.618553	797.5420652	11721.85733	2697.63873	8991.839142	8294.703732	6504.514795	11942.12585	7709.518253	6256.295795	16914.82726	3647.828434	3754.698388	10942.57547	2451.086041	4116.867919	5491.933964	3218.306243	2948.837699	14841.1281	286.0048363	3325.391548	6256.720702	9113.825917	14182.76291	5669.680111	15353.83561	17751.01851	10489.60362	8853.890337	5016.984777	19140.24334	4061.630392	17058.13022	7222.872718	19738.09054		7333.189016	6421.218497	141.8748896	5017.560602	6805.504719	4362.605692		6972.272081	14821.23104	10084.5721		10385.28893	14302.88489	9486.247739	9415.423366	8575.604322	13529.37278	2870.418847	2783.485699	6481.311575	7123.021604	3003.401487	2463.393829	7032.793905	6080.94647	13195.36398	4632.25731	17172.36347	6722.316828	8451.021953	4378.758809	5731.609701	12461.9717	8385.644789	14212.66116	3692.888936	3298.512308	5922.968166	4515.864101	2287.238103	8945.213013		7894.289552		6115.019918	5029.811773	9625.131263	2654.517504	5456.91699	3662.360355	2396.875431	7872.436795	8889.320968	9387.042171	3789.633493	18053.16679	5574.558492	2995.983736	3400.20843
PE 36:3; [M-H]-@6.60	24190.57147	104913.6632	110600.5506	57021.97836	58696.86367	77422.48027	59153.29487	45146.26204	178515.4314	62434.32572	228065.5769	82498.59056	96919.822	118623.0904	116608.529	96923.1621	33510.94483	24978.76789	67670.30783	50702.55607	180811.4062	78621.6768	105949.5987	125917.5534	60179.65749	16425.35549	91342.16186	48115.95223	191141.4125	26608.98274	88751.4986	264411.458	148475.527	127361.993	164442.8931	198192.8427	53903.11879	65871.95882	194909.4912	31952.52752	60575.49334	32411.64955	34072.86281	46.70282132	64933.12581	181001.4392	52667.96261	81925.53942	103659.6178	106402.7554	35011.27028	33663.93287	42217.45944	45497.40281	194262.792	82449.47882	97040.86927	223211.4781	78114.72123	59199.47801	93154.9216	67478.36067	84782.94991	224431.7115	84526.18381	59876.01368	141045.2783	120835.9107	221123.8347	176804.52	221082.6191	108542.9952	225968.9132	373351.5647	166293.3445	40567.30233	82181.15432	130329.8968	74727.8755	131200.4589	100735.6438	42045.89616	93239.89187	129807.3012	131090.9895	233082.583	91678.07743	55397.01206	73044.06941	177541.3972	80874.05372	97038.24451	46972.10035	174764.4681	105229.446	92236.42735	37141.00525	34653.55729	86903.22179	66236.52337
PE 36:3; [M-H]-@5.18	5980.352481		10039.6946	1216.489424	5017.358697	1198.253089		1410.003186	3265.714478	1985.633499	5925.911217	1203.582923	7549.743327	7699.729897	16914.82726	6183.757206	2478.493609		2553.495858	3573.569559	4772.3512	4539.821815	2460.896811	6147.75947	857.1333814	3220.782943	2020.186362	7028.501111	235.548419	10107.08543	5230.057778	3718.898175	3185.516772	3849.990958	10792.71093		6531.643179	8222.983303	4210.645086	19738.09054	23918.50756	14436.57405	9559.538755	36.49762427	4583.50469	4543.082602	3650.107552	14110.83307	7386.352326	9993.657593	9535.59486	19988.21933	103.3597934	9189.969118	3129.713405	11235.00123	12586.22274	9903.705562	6623.36714	2137.028481	10871.15626		5521.515281	5140.685685	26389.02345	7485.996662	3956.111387	3695.507223	1036.410791	5979.216875	11788.4429	3999.786796	19615.36808	1980.056267	9935.527506		1277.564479	4050.74237	8067.32458	7952.898162	2493.424542	6461.818081		7894.289552	5258.173378	2492.700836	6743.673464	9215.961763	2378.94202	4036.709174	3480.999259	1680.554302	6382.710379	10064.69056	1544.32448	628.692426	18053.16679	6249.487564	2186.457756	6515.280453
PE 36:4; [M-H]-@6.30	12871.54802	82834.34916	75590.87751	47138.34922	44679.22136	62616.71502	58279.9567	75411.03432	102186.5125	44085.78304	139437.6692	94854.29631	83325.52532	166064.4662	98142.30099	79187.31075	37253.62076	23312.88407	55512.99602	75301.09682	118589.4656	49199.66821	75630.76633	64156.33605	52609.12819	10204.14574	79797.85451	45938.63073	209017.8095	22491.02411	149661.1055	232344.1346	161055.6332	104282.5011	164947.5185	195236.6724	59073.32142	45630.78111	139791.7515	33954.78851	23583.94602	29043.1126	44414.95004	66.58789084	61158.11482	103828.7244	56962.01853	22933.12342	118348.688	63166.93255	45760.12846	29648.48535	54405.97472	21361.78107	99377.58019	42623.96351	61492.2988	216200.6206	52609.88984	56747.80788	34146.44883	60460.0137	67283.34765	151919.8537	30833.65849	52428.48555	130197.1216	84540.4077	137067.0245	111178.5042	138391.2608	84813.83862	91962.69293	121334.8114	67565.2898	57302.21366	51605.54191	92798.56517	58108.20207	81854.60278	53558.71474	52287.50783	93791.0428	55521.27991	211903.9272	191906.4411	101196.0735	49402.05679	52653.9152	127077.8078	63013.82258	83783.08006	20644.29507	177622.8663	64605.74439	63274.07526	19008.72731	32294.68554	76717.42224	62185.05942
PE 36:5; [M-H]-@6.09	5915.089487	12899.34889	6419.783225	4646.45625	5240.522297	1671.81884	4103.888795	7841.924372	3938.668478	3903.014619	13819.11559	9662.951051	14054.75525	23226.61298	8212.428408	12210.28251	5999.420607	3017.754428	7436.65134	8195.358688	6645.748936	7187.97492	7437.143188	5022.254	6623.097487	1545.093266	12359.49437	10844.89963	26528.80201	8285.365492	3146.333157	14863.64347	15980.37988	14762.13147	15506.76928	12018.96983	6590.256921	7936.563281	18391.16968	15784.82441	5035.052519	4337.333821	4550.270438	173.3525616	5695.738272	20280.84668	1144.210945	7162.439714	9463.418533	5176.526092	4044.121534	4035.203317	12179.00837	4761.653981	4756.586257	9820.387532	11455.70465	21448.19678	10127.6539	6278.185759	3470.082329	4654.132586	6326.822314	19397.96174	6834.639884	3410.357508	6708.480421	8981.916966	21776.88714	16534.49355	20527.41197	6448.476674	10838.9287	4150.778338	13955.55042	1761.317221	3288.990898	13066.89621	6069.20028	6611.312348	30452.09996	10820.93188	10856.6715	4394.035667	17078.07356	28351.78199	7476.4342	2252.796652	4684.830765	14389.15407	6757.360973	10999.60243	1393.198318	18456.45022	3497.877341	5021.143373	3914.33887	5257.969055	6385.899682	6962.749851
PE 37:4; [M-H]-@6.74	5552.137165	4641.170104	5947.76194	4295.310821	12335.25334	7688.834255	4807.039005	3151.525594	8374.240155	11466.71653	16702.19059	8654.160018	8683.243356	11129.01085	9529.015694	14294.78779	5731.052448	5470.17846	10434.73734	7761.083454	11939.29454	4633.225057	7580.018785	14377.33143	6613.673627	3393.997043	6823.898345	10461.99204	24991.0821	4790.606249	7104.453084	8594.158822	11468.20864	8193.237339	8188.062148	17662.81354	17087.38072	10734.17451	13128.83266	3416.063391	5152.235598	3394.368942	5710.879737	149.2758533	13804.6301	16021.33768	5774.729438	4521.432107	16863.07795	14715.27641	7150.809602	17616.47033	13852.90236	8074.505577	6913.075631	2930.734922	8727.467345	13333.21188	11614.68208	4516.516802	8678.958795	7754.297167	8182.00607	16966.62167	1778.676511	3603.883563	6054.600686	7205.36552	8824.169832	9138.31449	10680.13885	11575.75923	14025.07612	13916.77436	4306.258556	13425.033	5069.085999	8019.129203	12545.11292	6301.650508	4848.022832	13697.15434	4849.793715		20095.17895	10158.87514	21572.72085	18120.83391	5781.351089	9485.508328	4477.610522	20893.94038	6956.957683	12384.14183	6705.494177	8927.318052	10161.00976	5054.211881	6429.759113	6177.600017
PE 38:1; [M-H]-@7.97	7334.850101		4431.345368	1419.547108		4985.527592	3106.158572	1307.418039	1159.255637	2583.518412	5686.747589	3519.752526	15193.08888	1857.639913	11608.30048	10836.31349	5600.922863	18343.32637	3754.171999	5924.873179	4262.334701	17047.77315	5179.616082	101817.4904	1507.019341	21103.87593	6324.026442	63882.91596	3077.429813	87605.49008	47009.65978	9432.644931	5851.685314	4118.630946	17347.49511	4842.440317	6142.951801	15226.76226	5101.312906	72367.09792	65027.4132	29142.35445	111682.3052	157.6340547	5744.346166	6285.204269	5780.878814	74156.39652	8992.443172	64320.02236	29177.67874	147972.8525	7034.593229	119893.9296	9511.126367	21276.45876	54637.33132	82486.90636	3786.221446	2689.862066	5299.349621	3730.764832	4638.533463	4944.312917	135312.4849	2609.964423	2024.132629	6139.786707	8059.153291	3427.080146	10282.89316	7046.259977	21240.16402	3478.902177	8824.035799	51539.78469	6607.607931	897.5853035	100385.0166		3293.600998	28356.02553	3999.673979	4850.38151		9746.911977	5433.013068	96766.82763	4082.577943	5667.400377	8519.630571	5192.553888	45864.83058	9657.241595	3304.412963	1709.254602	105596.1927	43381.5885	985.330336	383.0636843
PE 38:2; [M-H]-@6.97	5193.154633	7223.107294	8517.216598	5860.839852	8474.178219	4244.897821	5995.385582	5611.497311	6213.062861	7463.456924	9528.897409	6363.59999	6887.587157	6706.3778	10300.07163	11912.91824	7413.052379	22856.25548	6800.994378	10796.07591	5604.664441	9644.644079	3714.444675	25215.76036	1227.146103	9028.202092	6148.763989	28843.80249	10006.57918	25618.43418	21708.38682	11318.66051	9533.101229	9426.89519	14801.79864	12644.72642	12016.54881	22939.45292	9001.480583	18320.06404		29873.32006	35024.34499	40.11647166	5765.98341	9539.665364	6748.77883	9373.932408	8330.048045	22691.83201	29951.16372	29181.519	13129.62532	51934.93057	25589.76017	23192.55972	14034.14368	31788.48945	7819.236202	6028.172845	7906.259323	5761.878174	8882.042305	11179.3749		6352.333543	7268.375802	12874.96066	9515.478693	10183.44997	10147.26084	7106.200482	9639.560177	5053.392543	19071.30244	44921.53494	9260.731489	2676.176946	32482.35561	7427.670979	9403.000342	24625.23117	8512.705007	8497.243494	19977.77112	6077.051945	4706.838745	30556.67103	7967.325176	10354.09476	12778.44063	10681.6596	18811.14648	12650.17586	8919.3307	11261.56975	67311.60464	39941.49881	8262.388276	11454.67994
PE 38:3; [M-H]-@7.30	8416.665515	32000.30915	17601.59571	10160.99642	19799.73685	8884.575364	17038.64524	28814.74425	34406.07741	15222.49939	67862.76985	43519.22741	25385.49163	20687.20502	50735.22201	39029.18021	20120.93587	17987.22854	22632.79972	25903.54994	31701.86194	30310.0055	37240.77388	40531.36502	21342.93539	25170.55648	51980.51949	60358.80746	69559.63347	32128.1555	18750.49627	72359.67818	43823.26027	18309.20711	45797.24664	50721.83668	33422.72695	25453.5026	78979.85078	38833.65699	13645.01823	24474.74572	22556.70723	22.3845459	24331.6442	33026.25744	12663.97574	17818.70053	42685.49024	44925.74276	28235.43937	26403.75254	28108.75564	20650.88583	37091.12913	24074.80794	20518.6048	54470.19075	25014.99	20761.49881	20074.67654	33911.97421	28641.86756	77379.27461	13255.8206	23869.24329	28728.26901	34982.37871	44187.3163	30441.3202	39732.60623	39948.79465	52961.7383	28695.04464	50477.27359	27815.78661	13346.14768	19281.50026	20313.53835	30401.23079	19176.51907	36179.08665	32935.26405	25411.10682	49901.84534	63035.83909	47763.80383	32723.42996	20207.20335	61785.96974	58937.18515	44415.28348	22463.26232	42189.26104	30443.50407	30551.4031	41977.67944	37363.31238	39093.46289	32799.07552
PE 38:3; [M-H]-@6.46	11193.82527	1577.47856	23038.76782	5852.292118	8703.392463	3568.979375	11821.5988	8589.147434	10508.29154	7494.177421	14853.81705	2948.224657	18696.48713	9659.895734	18242.01702	14994.0423	10776.36554	27899.15284	13341.89176	13019.46057	4009.77009	11513.31247	2159.362467	23995.77658	6603.513502	4216.959991	15257.1515		14411.97555	16070.14043	16727.82582	3357.437436	8545.380263	13397.27307	20188.4423	7261.169617	8696.252094	27694.38253	15627.09525	13710.90388	30637.78971	18376.10263	23550.87372	82.35305326	12672.48111	28945.27913	9225.235558	19984.67254	16679.1396	13352.15831	20039.61824	24441.06939	15659.81266	18412.7367	18156.27223	11948.66621	19853.3433	48426.33954	18162.72232	8429.331698	15372.74954	9541.911124	7983.102365	10284.74387	30732.03037	19198.37288	3213.703286	11345.49407	16207.3679	8217.248037	30252.37639	7172.813358	14013.7952	1648.495292	21836.46938	19245.74286	4933.769456	3619.472852	15785.53228	18830.68864	11042.69903	16139.17988	14295.69343	2469.446769	26510.85232	7664.812495	8694.106102	32576.50116	6156.218859	8858.141141	9071.195534	3495.849359	14433.78936	26411.60938		8420.36463	41251.14052	14797.4176	15525.35431	8990.297039
PE 38:4; [M-H]-@7.03	83102.85418	204111.7701	202763.9725	99550.04203	185213.3517	162542.292	228636.1222	241844.3451	272882.4151	174589.5387	490699.7744	323829.5717	218235.6355	255722.0513	265189.5126	262380.0457	185765.5047	85618.1161	156970.7891	189248.4054	269338.2539	149155.6788	291644.2188	236374.2725	143928.8389	44848.20937	258322.8056	158277.5165	507432.2845	99128.62661	164664.8854	460017.5155	286158.4987	183478.4767	293409.7077	421374.874	302472.7208	212697.6927	628831.6772	147443.104	103306.9179	140484.0671	70525.8106	151.284822	213034.0348	470885.0419	156583.363	111039.4541	308324.852	233017.148	154289.4059	102040.6535	305034.6941	73390.13963	216434.1751	252733.52	143501.9292	253953.6866	227088.1972	180571.5436	127052.3151	247194.3975	326094.6541	438137.2404	93499.41934	158587.887	232877.9605	281288.734	307346.8375	253064.7653	376648.1328	309689.3331	486339.3368	270213.7411	220292.6301	148334.5329	151992.7736	294667.1047	168418.0154	176165.0207	213230.1589	207499.6352	344880.8237	293042.7738	551544.537	376767.6687	391877.6737	143813.0352	199151.0526	437630.3827	406907.0625	268097.8309	80640.08711	365630.713	192125.5345	240140.2448	83784.88549	186573.1397	233039.2631	349303.9092
PE 38:4; [M-H]-@6.71	83102.85418	204111.7701	202763.9725	99550.04203	185213.3517	162542.292	228636.1222	241844.3451	272882.4151	174589.5387	490699.7744	323829.5717	218235.6355	255722.0513	265189.5126	262380.0457	185765.5047	85618.1161	156970.7891	189248.4054	269338.2539	149155.6788	291644.2188	236374.2725	143928.8389	44848.20937	258322.8056	158277.5165	507432.2845	99128.62661	164664.8854	460017.5155	286158.4987	183478.4767	293409.7077	421374.874	302472.7208	212697.6927	628831.6772	147443.104	103306.9179	140484.0671	70525.8106	151.284822	213034.0348	470885.0419	156583.363	111039.4541	308324.852	233017.148	154289.4059	102040.6535	305034.6941	73390.13963	216434.1751	252733.52	143501.9292	253953.6866	227088.1972	180571.5436	127052.3151	247194.3975	326094.6541	438137.2404	93499.41934	158587.887	232877.9605	281288.734	307346.8375	253064.7653	376648.1328	309689.3331	486339.3368	270213.7411	220292.6301	148334.5329	151992.7736	294667.1047	168418.0154	176165.0207	213230.1589	207499.6352	344880.8237	293042.7738	551544.537	376767.6687	391877.6737	143813.0352	199151.0526	437630.3827	406907.0625	268097.8309	80640.08711	365630.713	192125.5345	240140.2448	83784.88549	186573.1397	233039.2631	349303.9092
PE 38:5; [M-H]-@6.60	30085.44564	104309.2609	95699.48938	94616.69411	68255.0136	50684.74069	115835.1232	152856.433	145943.3571	54779.38548	217469.969	112174.4189	165741.9292	169343.3728	128858.2187	184121.9358	65392.81044	36851.77499	100167.7226	105377.1957	156367.3498	54267.56183	154205.8968	94842.69801	88962.97167	27908.19435	145954.0795	82892.58586	324262.4504	66142.81894	60676.32315	226416.1294	130582.9515	80619.14706	197252.7274	251561.3535	120077.6569	81410.71374	283704.4839	57890.85966	35530.09564	38460.32685	31961.22802	154.5533824	92904.09227	234838.7222	89545.9713	50163.0425	159322.4726	93540.44695	84758.461	42571.74528	128364.2382	34112.96535	120363.4919	122377.8247	63593.23358	154934.2359	92622.98189	97949.99393	55105.53845	108488.2155	148396.8086	326406.5975	54209.42459	65878.72205	99047.34181	174268.3699	196839.4946	140506.162	263060.3926	139484.8672	159589.3325	218716.6662	116348.8135	69930.86696	95757.93316	112339.7558	58631.99727	163842.3732	141736.5511	94874.89284	119705.0982	109036.0644	283199.7105	232562.2195	168747.1613	44941.85305	127735.9517	171263.1098	126263.9923	175715.881	45487.17056	158555.6101	73639.91658	77219.53681	33752.76193	61854.70374	107763.9967	111500.7573
PE 38:6; [M-H]-@6.23	88571.13348	245972.3397	147119.2849	113671.1097	65809.89105	83805.74432	243798.0779	285584.0452	269679.9692	129582.9474	277429.6625	178190.727	253229.7143	331294.5596	113776.7587	141847.875	112237.7498	46700.30138	166026.3149	227109.5663	264826.9807	103112.2436	318046.3181	109547.2181	184888.3358	42201.27247	226523.0491	145131.0749	373018.8741	123565.2144	58118.46191	144482.7079	179556.0243	66802.70063	135341.9598	248818.5324	145816.0059	119454.8857	293112.4428	45652.59002	62286.92828	77423.11756	71477.51529	286.4907114	99649.15482	191529.9084	105504.0713	89579.58881	311462.7726	79191.20774	97197.72647	53584.31517	207912.7552	41285.538	147404.0974	114173.0571	129688.8051	180963.6462	78941.06885	115596.3094	56677.57294	87226.70281	99307.76417	377301.645	54402.91591	140931.3866	74167.72887	155932.483	233923.6683	157210.4391	467147.5352	140458.5222	207837.0016	175144.1775	59608.85195	89861.72848	115876.2113	241925.6149	73426.68721	136717.762	254976.2891	135331.6361	127375.4004	242473.7687	229715.5951	98288.57518	123255.58	46992.83723	164672.5767	150159.5359	126711.5338	121979.4535	52513.17898	188919.5931	61182.48792	81416.14759	32891.20338	43993.71976	165726.0433	126744.7532
PE 40:4; [M-H]-@7.47	9153.73189	8987.725442	6186.616429	9170.155896	11307.57376	7956.522262	11610.638	20952.22428	11428.70171	3631.567586	16112.03423	7013.788992	20745.58328	9383.766724		16507.01698	6315.156174	38350.32315	9562.81976	9352.601688	16637.32166	30088.23692	12800.94427	65520.89859	6467.077635	21589.65649	23477.99667	101146.0624	23135.72265	73455.56262	34634.66136	37114.53319	8937.227283	7205.221192	26047.06828	21980.82869	16982.1819	17109.11073	34893.28746	101691.1269	23883.70479	22461.29645	122353.6791	31.11596115	5916.092811	25892.87116	13227.68214	52066.57433	17433.72442	68085.65232	45040.37931	88674.82259	12933.93967	60294.208	32353.95291	43398.55452	110222.2107	56005.646	12264.08329	9268.757786	9823.110839	12046.92911	14536.11827	27605.08429	100851.9851	8377.143629	32547.83796	17576.3234	27726.74048	10836.74222	14134.50872	17252.48463	36002.77093	10926.16945	16841.98519	94638.883	10748.79315	9523.305156	42759.91629	12737.37463		38854.68973			28704.06583	31203.9603	13725.83389	58863.0476	7271.703333	30541.64321	16791.0067	14437.41536	31454.60228	15959.67255	1061.205153	9370.322032	45834.88885	77504.25909	12867.78147	12424.55463
PE 40:5; [M-H]-@6.42	33757.89753	26280.74069	66321.50286	18760.37977	42577.06771	27164.13054	39292.97128	12008.44842	15335.8309	22540.03534	42662.5854	11094.07171	39327.06652	23634.26111	28977.06146	29262.63733	24192.3804	33843.52538	41537.97623	30694.76496	35558.39907	63453.55053	15897.25022	53866.88016	14477.32849	17909.56766	18819.87543	38888.76209	26087.17537	25498.16258	28665.02304	22362.63909	19343.05962	16051.44927	66604.74814		55454.03605	114163.789	35680.0063	37783.13456	37009.10368	33696.22746	28467.1495	180.1751623	33267.83181	50928.129	23224.2992	37600.00057	53846.50824	44941.32446	31935.77153	44950.84969	118797.7616	36410.95862	31384.94574	62080.31881	35645.37713	84996.47114	35486.80512	24465.68155	42824.03941	30827.40996	15348.21802	23803.56746	26116.18795	45419.47107	31275.33046	22602.61306	61246.14078	11631.65145	64756.54404	25143.41493	25682.88423	8704.760852	53808.24777	56023.29604	31050.35066	30890.17398	29286.38621	34088.86572	16347.9769	107283.5789	68832.51428	24669.17484	40453.12364	33697.11929	25659.50507	39124.05394	31179.49913	23105.32116	15662.14064	7665.024138	32361.32222	52614.9266	17789.90549	15623.5436	19342.42984	59999.571	31930.11602	25136.34922
PE 40:5; [M-H]-@7.13		23839.8773	15736.6825	12369.86802	42577.06771	27164.13054	28954.27849	26648.72491	24466.61693	15469.36659	34184.51477	41145.58796	25270.76348	21809.92052	41004.08239	27608.66001	18834.57678	23316.25484	15692.52705	19690.56955	24665.11522		33030.26342	25120.20241	12923.70135	9227.016844	39098.04684	34480.13502	56005.94436	35617.15332	16401.13882	40812.42069	28469.77002	16051.44927		81066.56456	39267.50343	29683.69961	52774.35961	44175.02513	17506.48915	30843.50059	25843.05261	78.53308054	14488.54678	41301.44769	18232.1213	11466.79343	41377.55285	44941.32446	31935.77153	44950.84969	31802.23945	26998.97746	43988.52861	29855.73139	28855.84304	14001.29078	14251.85107	22845.18818	14027.17781	22387.84174	25256.79362	61107.84759	14150.34728	14260.40863	16061.53619	29174.94622	29708.19443	17594.71378	47824.46961	21397.38587	35163.40969	29920.57921	27279.3413	36711.86728	31050.35066	30890.17398	22382.88774	32403.01711	22694.26608	39444.22354		36313.15944	56635.8468	58215.47091	35343.1044	21092.53477	16630.72377	26980.77236	29823.09717	24892.2668	11318.49107	21783.30251	15637.31933	15899.5054	27978.88047	28658.55299	28267.88233	30132.1883
PE 40:6; [M-H]-@5.93	22541.19801	32718.553	62496.28763	15220.14547	22470.82625	11809.08555	23138.8959	26060.30451	21284.62986	12257.03685	37329.37878	10433.13878	42470.3295	57903.99225	42214.55008	39384.13828	31346.95649	28711.08696	29843.04987	16837.19014	20459.21766	60282.31022	19934.25903	69045.57947	16689.7078	8759.468862	39285.9659	49878.85933	41496.71038	39616.47327	33435.54282	26611.94809	19623.9079	20568.00473	60027.42871	29518.82115	59436.45074	107572.1449	41772.02215	46219.16172	57837.63854	65257.72679	36083.83173	87.53984343	41972.08544	63277.32534	18200.07528	37988.33538	65003.97427	59453.95811	60702.14133	32819.30634	97867.66505	38932.85031	41120.64263	70014.85671	41720.48758	40059.48496	25247.16124	31917.61122	43072.37719	22306.28207	18809.65913	20855.09913	28931.89229	55589.462	16669.72515	37002.79152	37819.70317	29667.89236	64097.70801	12835.59117	48624.8559	10891.6221	56421.26974	52181.41141	14528.51969	23300.38495	38117.20356	53290.45108	36416.08509	90216.70311	54966.92864	23386.639	27608.18675	51295.03059	22856.0651	51432.19935	32581.11131	18659.00973	19216.48156	9213.538467	20495.09758	101334.7088	19502.58773	24231.35983	21456.85979	40409.36012	19994.24469	15175.22531
PE 40:6; [M-H]-@6.97	42712.95026	121007.5679	53155.08734	35071.51072	39221.52055	34646.2915	95445.45686	78212.99098	105887.4264	64461.48053	163806.5125	134940.6022	102960.8731	86194.29741	55531.43361	69111.22396	41457.51825	15655.7759	52163.19986	71408.22796	119934.7833	37604.35044	182318.7968	43950.98208	61514.97193	10965.50963	102950.2706	63091.56575	126790.3948	60904.29679	41689.35369	114459.8435	59543.41915	50555.21605	69966.17935	100444.7413	110993.3345	52712.97217	172575.1393	35299.05866	24018.18975	43266.80922	30734.88756	29.10485004	35506.39142	62501.6778	45215.69498	26222.67013	136126.3223	28569.954	37437.3651	16742.67644	115229.302	19192.39211	67398.95497	57787.98546	68693.71962	49429.19486	29235.12442	46687.10438	19443.75005	47758.99962	51861.67717	163817.4098	23849.00852	51491.89536	47414.80902	74907.20875	48619.79882	65573.57863	125113.3419	52397.55873	66964.52506	64533.15216	46254.33512	34761.15301	50550.85845	57825.75859	40381.82444	72001.58874	98840.75891	72076.14467	45187.02789	151317.5793	94043.33149	69639.72389	77783.22194	22704.14753	65247.15021	85880.41202	72926.37085	47421.51096	13795.229	75590.49647	36194.37883	37194.30317	40902.42029	31897.91598	42233.45999	70459.98337
PE 40:7; [M-H]-@6.48	7004.606655	15896.4319	14947.25771	13464.6677	8723.686908	8697.323613	18678.94185	22888.13759	20433.23866	10022.96546	25261.42132	13418.23769	24586.25527	22149.59542	29703.51661	22755.0609	7565.428427	3867.940688	14377.29847	17540.9787	23306.83443	5517.930747	30974.22992	12208.7027	15247.9155	2607.666761	15591.95335	11365.87432	23911.23492	9982.88092	5513.725878	30916.81563	14104.21427	9075.764152	14209.43648	31782.77863	11074.46961	9811.366164	39614.23409	9963.299224	5886.137961	9465.94835	4292.151456	60.61953848	15922.51363	19728.09978	9934.456875	6677.454791	23650.5646	9790.757063	11359.22097	7297.700617	27327.17896	10166.13059	17719.80206	20793.01828	14868.36291	24435.5494	8578.675358	12902.16862	8027.932879	9811.600443	13214.29261	38586.56249	8105.644681	12514.98141	10235.24863	20926.87238	36037.78596	18656.88452	58474.03191	17762.42007	14028.44157	21213.96081	10472.06888	8386.767229	24535.31624	19265.8284	13575.17581	28146.89087	41153.07276	9056.193128	11965.18967	45596.62766	27735.331		15962.59551	5109.087602	14835.34664	13600.77456	16564.92763	15973.07715	5998.157859	43440.42693	14047.51048	11260.96387	5579.829399	7272.84186	15216.59236	10391.64713
PE 40:8; [M-H]-@6.11	1034.540013	2781.890643	3790.493236	1336.965457	3759.625605	2579.956041	2288.753961	3841.531248	4361.551793	2005.176772	2685.307361	3090.008431	4225.320707	3700.335734	2428.495686	1927.476631	1571.474689	3149.087955	3570.924475	3473.267551	4678.169777	2155.878249	1928.050352	2848.731582	3584.263949	782.0976832	2292.936341	3030.358144	3731.231525	4059.785329	3284.792509	2685.623034	3273.019384	1444.919234	2998.542152	2597.31162	2042.104016	3209.80782	5271.499941	1636.77217	2690.082503	7422.600718	2663.960334	70.84779295	2267.492704	4257.702359	2464.441502	947.7278964	2777.441472	3574.4897	3227.411027	2708.544995	5271.248716	8440.333516	2969.409743	4769.868701	1636.163982	5774.813716	3712.180939	2381.33014	3740.382028	1542.630747	3435.291972	3481.72895	1883.034673	2227.047849	3793.927529	3597.960184	4421.820043	1215.321231	7661.87547	2390.363823	2108.693939	3637.011986	2516.290948	2114.565538	2574.300066	2694.29768	8354.08518	3831.531956	2936.558659	2515.798992	2923.046472	2438.200288	3712.859995	2617.959439	2918.61424	2969.410518	674.9568464	3626.688296	2981.623145	985.7067951	883.6832879	8225.02676	4472.491722	2030.292953	3236.402058	4136.079734	2983.051474	3288.888753
PG 33:0; [M-H]-@6.14	4510.705812	2348.125966	4130.052469	4884.19471	5304.930894	2273.183437	3718.764907	2651.944573	3145.502774	4879.735347	5272.650021	4368.934145	8911.713519	5128.336173	3060.228464	10126.66287	3330.208794	5349.557512	3436.553322	4949.017619	5139.995513	3157.101708	3592.712439	2001.044887	8552.444965	8059.765493	5109.400966	5336.396244	4709.493831	4702.29308	7481.83081	5831.455867	4875.324744	9409.817198	978.4475614	7056.136841	8366.133038	8778.789354	7890.703686	9040.404046	4278.619194	3324.665851	18739.84465	138.3706562	5157.552744	6124.337645	5070.970041	8671.368013	2833.525907	7603.314626	7695.540173	9078.554547	7585.604326	16854.25976	4330.782989	3165.6189	5758.145757	11384.75317	4040.929546	3762.691543	5617.704018	4164.976041	6269.119799	2020.857952	6500.441716	4718.205541	7547.771733	7494.334069	6235.480542	1978.271883	5081.855773	4296.104983	3411.29754	3312.685932	9183.568281	7491.17136	3680.734591	5361.276139	5403.406372	2851.403435	3562.80965	4915.330186	5812.525973	3443.046602	5769.872661	2334.583654	4743.822552	7885.118544	5416.216674	7362.50051	2919.228852	5955.11796	10719.96413	14492.33245	5967.03711	3487.050764	3029.259124	8703.43215	6163.698551	9727.292329
PG 35:0; [M-H]-@6.70	2155.790763	3021.83244	6407.748	11128.32145			15309.59088	13862.02803		2400.351521	5758.175665	4058.394639	11842.09897	9398.558377	4274.082729	14094.67552	1551.941732		7826.194556	10683.87277	5795.228313	4417.138572	4697.909573		2754.649545	18237.70157	6032.088796		20711.64073	14969.74555	2386.804795	26554.65824	12092.26351	1610.530963	5680.946564	8757.665182	5189.765318	4231.960459	13614.4735	8185.411351	4912.114135	4389.431093	8063.775321	59.56827593	8747.310181	8546.523424	5557.794003		3538.869188		2100.791124	5534.793071	15523.94602	4742.434765	11083.98581	7577.997698		11928.54836	2469.621931	5437.690699	673.8591736		8667.287452	3718.24547		5360.92492		13198.81425	21091.14643	18167.22292	12321.29102	5202.212033	6247.817824	3875.407814	5098.722079	9855.793024	10085.85531		3496.536919	1579.444868		13037.96312	3288.972799	4729.63576	18253.29246	3043.270051		4987.996026	17276.83865	16730.69552	10925.42025	10519.54071	32921.47546	15524.37219	11402.78396	1534.512994	7845.713752	3156.626034	8659.41302	10232.89878
PG 36:0; [M-H]-@6.95	15383.19609	52240.18242	33725.56539	35175.09337	18324.69146	36281.39256	17991.89309	50955.54407	37654.89627	20085.76877	55358.12517	27036.354	99191.86684	46601.58781	13253.74345	165998.0433	33374.36712	25875.6105	56697.87516	69961.93284	63604.00776	8851.73273	34173.35909	27042.4454	42193.1375	21731.924	14946.62905	33295.36505	16213.43901	20519.70932	27087.38359	72412.23096	54895.54665	18137.88639	14378.33842	79123.38756		26563.64607	79621.85464	13194.69218	14993.28115	10331.28454	22015.30076	186.8576805	37106.31695	78229.32996	16434.57349	20954.7493	49294.53718	23875.24913	18720.70807	29257.80383	83752.76206	15281.16013	14468.71472	81715.52166	16276.18664	18318.94191	68080.56222	11821.42842	23785.6955	11616.98921	13282.0598	17106.10437	46618.04987	75393.51232	78478.93661	72316.88654	92014.87517	68741.83816	137840.0621	73906.24387	16696.47144	56537.48435	45277.12932	35340.63716	42614.02387	47041.27647	28580.35014	68058.33848	23002.08581	25855.23367	76288.35807	71441.28625	128837.6919	72709.38308	91113.24681	41748.72029	108816.29	46720.56416	41465.28556	62873.21008	34159.33991	129983.2349	84702.39388	19378.71915	26478.40183	35767.24796	53625.71521	68491.71738
PG 36:2; [M-H]-@6.15	1570.130994	7017.639668	10181.82218	1692.771495	11897.20801	7103.432183	6008.54728	3636.810177	11941.00279	4902.059083	15722.66149	8092.558641	7844.256534	10026.73798	5365.716479	2792.16885	4967.0155	2886.023731	5980.382951		19491.90147	13417.35411	10216.03359	12634.26528	10304.43535	4102.242843	12513.0677	19051.72763	14009.35764	4227.886607	19427.86429	25125.67164	13507.78541	12432.93924	11304.69876	9459.311143	7233.440545	11600.27686	25996.58596		6438.198232	10238.87539	9115.785416	100.7421015	4205.397957	10984.50814	9221.538105	7703.261014	6919.547414	10895.08508	15165.13662	14419.72326	9433.093179	30006.07618	10833.44243	6445.00967	15690.93125	19998.31291	10215.15647	1982.928544	9458.946216	8697.934298	4903.77631	15642.09792	7762.426957	7073.862486	8338.394307	16823.45246	10227.96852	8242.944663	11510.47797	10979.92438	7079.218894	9379.909013	8266.049633	6820.321915	4573.798139	6173.534404	10692.28874	3522.723841	6311.007199	8922.061399	8632.691999	6545.140519	5652.287899	23471.3825	7934.071972	8362.092539	6496.525105	15773.4842	4915.844906	5538.973522	7991.816893	11490.27312	9853.049768	11236.45815	9288.735766	17492.6837	12310.05304	4484.554203
PI 34:1; [M-H]-@5.77	7626.626206	9905.940224	4564.877426	3989.654936	7009.647962	7487.755144	7408.417919	4512.187582	6014.003448	5582.707177	8299.551041	6507.735814	9569.549981	7148.686945	5359.777414	5403.570036	8438.604765	6735.060255	10294.12672	5252.355358	13361.52805	15947.3933	2516.369671	7774.526336	6522.103646	7806.477844	8333.331728	3048.3956	24817.65892	13752.94407	13053.62649	26760.58379	7366.219477	15809.04707	21440.29872	18906.19601	8335.534713	17183.2624	8340.358485	3635.946251	8705.178191	8042.2829	6388.08638	56.70176194	4902.50258	13543.80145	5521.502983	13618.50997	4916.555669	7437.029799	8760.178836	8199.3333	3435.004084	6868.025874	31224.36308	16023.25101	21178.09514	22752.78628	33828.79378	7724.396855	14952.24923	6865.798124	18665.08117	15914.18399	6353.525939	13671.19128	17491.9389	6753.939138	22399.6266	13086.88651	14731.22041	11349.04783	10585.74158	12967.51828	16014.21806	17901.46035	6056.073772	9609.775802	10789.15099	7752.229823	11502.85867	16692.07797	15626.41461	14657.10883	8879.1997	23323.39992	7830.032824	10405.76524	5501.060257	24009.34983	3383.182125	22054.83369	12518.44306	16562.25225	15466.40511	20026.07387	6942.754349	9547.39686	14508.25759	9738.254412
PI 34:2; [M-H]-@5.35	11692.47868	16524.67858	6657.733307	4770.148165	8402.078168	10769.67154	7523.155784	4716.262697	9821.38714	5194.314518	13801.83252	9529.901138	7682.001353	7387.182388	6799.482174	5824.195993	8171.947293	11028.0435	6402.629393	16947.73147	13134.30739	11819.83759	6488.881226	10923.5675	9067.161037	11388.33979	13957.51076	7397.723906	22347.57074	18969.29778	19367.07426	50939.08158	12618.60403	18375.87016	23555.35649	24533.73984	8042.500341	16507.37827	17074.79673	4806.134468	9179.449113	8741.620348	6879.265144	57.25444261	9829.837489	20554.00264	8959.2962	13894.62053	3106.76676	8441.66224	7983.379247	7975.622164	7286.429687	12313.44101	57326.45395	20359.55778	14452.67864	32638.13952	29440.92399	8761.709881	26423.11318	9083.813273	24751.47054	21388.56446	7768.500003	24711.29495	12427.84986	20191.90501	19860.8302	14067.85113	21960.69179	21622.11543	9157.026899	15517.71177	24744.29528	20973.2985	9032.373527	16330.99007	14613.66384	13483.88661	12427.49684	13196.92644	15023.41243	21995.59049	5136.920253	36874.07121	11989.55074	9272.531071	7264.808875	30624.76933	7493.129616	12656.59814	12243.12708	17734.41037	16133.63454	11867.34175	10812.91142	15477.42672	14499.90995	16679.33349
PI 36:1; [M-H]-@6.37	2041.06233	6717.085217		1036.842645	3190.31513	1257.120228	6451.642143	3387.739997	6362.89342	12519.85551	3819.864085	1655.010961	5387.147138	6998.450512	1676.686352		5665.5216	3157.598856	4666.297896	5195.292422	8293.461052	12161.51691		2817.919388	8568.954624	4386.46586	3970.105141	2424.692442	15243.99232	9520.30538	15545.66963	12091.66553	2807.371257	8995.47403	10657.34407	9635.105898	2388.47362	8258.076162		496.9809834	16113.29629	6358.515628	15499.19793	58.49411532	3806.407854	9878.546098	8652.918001	11071.12806	8174.720912	21375.9493	4223.378374	1012.814303	4914.539305	3448.392722	18593.71245	14275.12086	13500.84885	16181.29351	14103.89206	10063.37653	14545.74885	3345.706111	9439.067304		4424.748962	10667.31857	7494.112753	13666.7145	9224.889212	10202.79718	10390.54095	12714.70211	8575.692451	9455.016767	8224.605546	7725.765692	3591.722687	5660.054641	7169.841661	4163.119175	13518.52258	5993.60603	10498.76355	6465.486744	5504.609645	8046.423507	2343.153017	6911.206263	4337.666894	10106.4399	1739.80646	14338.55714	8149.692002	6867.025509	10891.05685	11269.23583	7857.091883	15394.18651	13057.82287	10061.06537
PI 36:2; [M-H]-@5.98	25934.31043	22263.84594	20193.12461	4681.528336	22053.24556	22461.80071	18162.79964	10983.15092	27514.93184	21651.87633	18456.2951	12400.602	16272.231	23281.51245	13900.26269	20661.54127	19976.74502	18682.10614	20008.21925	29465.35999	39736.59378	27349.32526	22016.72438	22066.45374	21233.70991	21963.44608	21350.17863	25202.82769	42279.5232	41623.89463	64273.19983	107705.2793	22925.71582	52071.58793	30618.6898	37968.09555	30164.89161	28958.41479	28417.00073	11633.03561	47559.59945	17150.6524	24294.87489	135.9633543	22093.75747	44272.92031	34208.48768	75912.80923	16773.79192	30697.02557	21793.76249	31161.72898	15617.22087	33768.80187	84444.39865	76968.99422	52815.4625	49515.45082	72801.49131	28471.63625	74330.94748	28995.02048	55764.5171	43405.54929	25053.39923	64753.42611	35092.15429	72469.20208	37829.16433	36963.43961	59953.00899	83063.84571	52337.48541	44363.30041	53568.49738	31703.11681	32339.4397	29605.9129	34249.2442	32016.78334	38614.73435	37580.12424	44163.20017	58106.0161	23100.17562	49307.86083	27630.94647	49069.12739	15987.99032	46548.09151	13303.7142	30062.45983	44910.05966	46704.99474	56825.86864	25262.00222	39001.04866	36446.96688	43861.99036	57135.20301
PI 36:3; [M-H]-@5.47	11103.39231	13534.55377	8572.128146	4946.332816	9595.858154	11178.41725	8033.512644	8926.720247	11334.6207	4710.277386	11301.53098	7478.00772	5675.649517	9992.413418	8475.289639	9225.277809	8221.841017	8427.872599	7985.285876	10774.31016	11494.79209	9648.456999	8216.909483	15926.37086	12605.19867	9473.037476	8313.438329	11945.70167	23884.60214	14637.02043	23703.85915	37460.92125	9893.10073	24879.21371	14168.17099	22323.46866	8599.672139	14855.26169	14287.52875	3687.40283	16559.95703	8938.709517	7794.819546	57.25441917	7665.768572	18573.00915	14916.06402	23273.37301	5847.004071	16636.98795	11783.48069	8246.142313	11763.1757	10807.25778	58084.84385	42692.29131	10804.17168	23733.37917	40948.16467	11954.32824	35181.04028	10274.95493	32429.14133	27134.49861	11878.35066	27355.52621	17409.88102	29537.2321	25512.70214	19252.41004	38227.69358	36523.27496	11296.5086	24501.14562	31893.85776	18431.48694	11616.57645	19499.80659	14024.69938	21372.3576	20401.38645	15751.064	12585.45007	34579.01974	14137.36377	31231.56517	11914.98582	14801.94791	8723.464725	29196.30291	10347.7935	17706.49673	19966.44551	18105.75491	22353.11095	13591.34436	12934.36209	13167.40524	12937.15198	20021.97683
PI 36:4; [M-H]-@5.34	8484.515721	18879.03276	7691.898678	3443.468912	5545.610408	10572.70075	7951.701235	9173.415664	5424.063903	6555.157129	8630.026125	13418.48313	7464.312548	10353.93031	9156.843298	8238.490011	9883.735919	12726.3488	8885.503016	17531.21205	9063.959235	16810.35397	6193.176847	7495.366461	14695.30294	11014.41277	12872.4159	8468.29147	43449.52409	22633.75238	18066.89147	43657.41781	9853.121853	18101.66419	14904.45194	22569.09539	21859.85863	26290.47114	20856.70725	3163.936545	6286.122546	9624.448613	4384.184463	62.64115232	7858.32618	23495.60213	18553.28695	11056.53044	4312.161093	8860.08854	7396.276716	7859.801231	19841.09464	7669.537102	54273.3741	23701.55082	13189.42685	27096.48341	35280.52667	13522.49367	12068.39065	11842.32596	29036.61269	28435.03464	7237.421404	18730.43062	18672.40128	24511.19255	22111.51184	17978.98259	19366.43965	28043.63648	8422.245764	17856.34133	20005.42077	22661.85031	10621.02484	16182.16392	19172.21782	19224.93059	8944.450568	13764.88313	30038.55798	15755.59689	17090.66968	42793.77798	14347.03701	5747.042151	10311.21379	32720.19648	9998.214612	17329.95156	8163.595434	16042.12702	17904.87858	17324.86457	5488.485558	22120.5673	20837.56958	17448.19086
PI 38:3; [M-H]-@6.18	21029.89421	27599.41663	20638.69745	7219.786396	48623.84643	30973.09271	34576.34408	28095.44791	25836.97938	17595.86101	15871.43432	32782.96408	26928.21165	34381.63197	54671.92067	38053.92401	28744.93704	15997.62174	17874.99577	26847.53697	42448.16221	50966.48375	44828.38921	43334.54629	28762.02352	18116.6293	36689.9336	26407.02057	60374.29418	46543.40142	114243.4092	140321.7643	33438.38817	69171.55983	28599.53476	76442.79794	57348.21294	83629.78539	66881.35536	15295.28045	28706.53092	23566.05691	40768.12721	68.25111561	36661.36194	94511.91102	55434.27193	76255.29216	18759.81775	49451.69597	42398.3819	43843.22077	48319.20978	51415.97423	140892.6246	142822.6102	91252.49049	147635.088	85285.45847	36580.93754	136036.6009	67420.88253	103402.3373	111660.6145	33069.88154	55678.37354	58986.43881	95094.12595	94604.75649	54174.11679	43814.12734	88188.58407	43703.49096	138789.5463	120579.493	64810.48119	34968.18696	72468.65675	52669.21633	73088.20873	39901.64951	51912.33091	101732.8545	77581.38188	86882.65763	96773.16787	45487.51791	57412.41987	58035.44587	93574.3411	68025.88835	142116.8765	88867.20166	125837.0185	121209.6594	61689.79768	66785.39851	70458.38302	107370.0285	116491.1144
PI 38:4; [M-H]-@5.98	58953.16806	70235.52528	49377.48649	17908.40694	70691.95802	74727.0744	100091.0747	76040.05229	78148.58786	61082.48017	59337.72445	102325.7821	55423.97378	64504.26949	42992.33548	59251.06264	81132.42687	52201.02995	66521.82761	101725.1833	88650.22446	99097.69385	80137.16001	72392.38824	115426.2883	86592.64607	131297.146	98838.71575	173229.5624	187249.8675	167068.0332	220402.5517	67240.45521	113102.4421	75758.22072	140929.0436	157239.4868	140789.4111	154461.9409	45355.3407	64662.77944	51888.5715	42021.35939	258.6223816	76196.66287	167962.4095	116375.6452	149278.4881	50625.49115	94517.65054	75064.63091	77828.33846	150358.2399	91432.16777	276262.7991	235027.6965	141075.5786	108277.269	153728.2897	94306.96896	112456.6179	145319.7369	264697.3039	164857.1609	47745.6019	141738.8313	112354.4651	237066.358	125781.079	113990.0682	138591.507	230671.2328	115697.5406	124572.7573	137254.0956	119486.7996	77107.30802	106331.7413	94317.07704	125711.2436	73934.3207	115412.6042	241267.7971	177610.6065	178586.2149	156239.6572	165543.0799	84762.202	109786.763	137712.9046	97873.76801	155664.26	102144.0055	178598.7195	186204.9417	151865.4688	92967.62918	166346.9694	174013.0322	153640.7115
PI 38:5; [M-H]-@5.46	6400.31825	7508.744716	10642.84926	4852.398401	9740.678117	10539.99727	15495.93938	13681.59132	11399.04104	9512.14794	9084.065957	11743.68555	10546.52507	12365.53354	6711.294746	14685.88059	9981.60405	6956.164977	14132.0949	16125.527	11542.04036	10903.47103	9384.308974	12211.00558	15693.51219	7820.553688	9382.488394	7076.902965	30662.83443	13554.43485	23219.27819	38732.09625	12990.95896	16706.19133	16496.52317	16195.21851	15667.04364	15315.91183	18493.67039	8546.608971	7889.371679	9031.297491	5652.448696	30.14505198	15248.25011	20655.27518	12168.35451	15829.64039	4096.765707	12940.71999	14468.90508	11219.87774	17964.58646	9808.277702	52060.63958	58236.5695	13013.65848	28600.85984	46601.83922	21209.33932	16676.69435	25497.35165	40149.31444	40588.24531	12191.83729	27487.8374	18868.02325	30351.72484	22496.34474	26132.68955	41064.88207	47561.96859	12526.48841	27973.60027	43368.86227	16187.34901	19457.07315	20902.1651	20795.03188	27931.96426	20533.28826	15049.49859	25584.11376	42926.13476	16570.59586	30808.19371	13366.46494	7949.301738	14968.16478	41117.57752	15435.02939	30135.59925	18660.24593	24799.41648	32455.50008	25569.24531	13740.50363	17674.08399	17444.68879	17316.17833
PI 40:6; [M-H]-@5.89	8865.766404	7410.649248	4207.50746	2003.369477	1999.118772	4396.415431	5827.047905	3136.533499	4897.718847	4653.693958	4257.951556	4872.649795	3818.058858	4203.849982	741.3507717	5034.063632	3451.420125	2121.020154	3966.053604	3896.088883	5032.743748	5376.694873	5867.203022	2525.229687	8658.539641	4921.475424	7103.033917	2019.48337	9176.593869	5995.719732	2149.845541	7094.067505	4814.128687	4154.321383	4601.073945	7503.369681	5593.765141	5878.031423	3989.250869	3199.753583	2581.985377	3226.433271	1707.730058	55.14147449	2215.453993	4944.287053	3458.047183	4712.603446	2965.191249	3398.311635	5339.05978	1755.299049	6754.357952	1830.871956	9757.931403	8659.35519	7748.415525	6118.023667	11535.08116	3775.298471	5801.767388	8131.418774	9178.566454	8314.883499	4399.967432	7874.14246	4803.581539	6008.485858	5200.384604	6480.200458	12383.33687	9064.848087	4684.071795	5730.075836	2174.512764	6553.446004	8946.942408	5199.611384	1160.256471	8038.038919	8897.105987	5426.097011	7974.129256	14274.1368	5040.095284	5503.255179	5329.523154	1426.664214	3744.196871	3423.979485	1624.480201	5624.45315	6107.012332	8415.9794	6930.819161	5891.976211	3485.517476	3109.689548	6492.333924	9766.247784
PS 38:4; [M-H]-@6.06	2201.536564	687.960037	441.9515827	1016.432498	2462.544383	1343.864517	2949.779006	2254.009197	17942.83037	1133.718525	5752.988008	2829.144952	2120.49435	2956.995245	3975.678472	5421.624122	3755.878564	5350.005349	2891.365277	3394.054563	2804.485812	5238.220503	2943.779349	11814.01479	886.829591	3489.081139	2934.724453	7492.286129	2643.849235		2676.507941	6762.653277	5912.02158	877.4069676	9913.962175	3776.488856	730.570926	8844.060424	9909.838429	9999.12555	804.4376453	3910.252406		138.3698714	2794.469137	12264.15747	2642.181117	1078.838257	1528.969095	7233.466156	8234.721507	3863.493748	5500.040237	7373.6971	5774.581404	19612.00228		22193.94318	3445.363105	3416.88362	5960.718969	4383.862539	6600.503924	4412.380766	6301.77745	3478.158758	5604.614057	1990.929067	23873.50575		6001.045972	2863.011778	32202.91754	4431.110958	3483.385686	8055.635203	2265.731653	1811.757733	9789.759489			4734.082743	1788.437302	2181.654987	15650.09069	8939.680024	7038.745404	6303.303117	670.561349	5697.774525	3746.181182	1845.299851	4103.880948	10063.76365	3249.937364	3781.870219	6054.879291	6239.491305	2233.319257	3164.602395
lysoPE 16:0; [M-H]-@1.74	17440.77593	40415.63463	48085.44745	27095.72664	26293.3252	27824.40003	39983.76483	46489.27016	39523.49839	19840.52552	58206.20233	28150.8064	55477.23672	67568.9276	29197.18467	23116.09121	29361.42414	27708.94548	54676.16613	56585.25033	41153.924	61926.25542	54509.11115	71134.03736	26997.88788	20465.49912	38635.88908	51219.61449	65971.51625	33499.63367	32788.53864	110365.7169	50923.57069	30593.2082	100446.4914	56309.36817	44278.51429	52615.39787	44775.64746	25981.28408	32368.12171	61821.93413	58647.66933	23.94835721	30590.7806	45982.47569	20341.15897	40680.57486	47513.63359	42163.91807	49450.95926	98000.92165	35509.76656	45190.27675	30210.02286	28649.50589	50312.54154	65431.7853	43192.38479	16827.15026	20215.38734	33690.50969	31985.91916	43477.09558	58075.14064	35510.43187	24118.17284	42509.64046	62815.63629	40664.95738	64115.16278	40932.47645	30817.90103	29124.72522	47640.72934	40148.31656	34603.57707	58591.34544	40524.24165	22730.69684	39665.27613	34183.36108	41095.00563	13431.86632	45370.20497	80642.6607	41509.80901	34848.68344	27041.67545	48590.99119	30208.28233	34716.33971	32779.1226	43659.39827	25920.85255	34935.09206	31916.38425	23755.1419	24426.95525	19305.7403
lysoPE 18:0; [M-H]-@2.55	33687.24823	109805.2436	113693.9875	43647.37891	45065.19202	81796.9422	81394.63403	85493.36071	97986.23632	42081.58782	88191.20083	74836.532	107820.4915	85686.68537	66615.47445	62326.43558	39723.72009	55619.73011	89243.22993	81656.91574	80057.3481	92644.60594	104262.3945	96824.69269	52843.7773	36083.77031	91708.66016	107330.5935	127554.3923	51674.77024	79703.14742	316694.2769	78219.95038	47133.60658	169102.3837	130846.765	74483.51042	97534.59752	109293.6044	70787.28465	88332.04076	138826.4284	117732.8237	155.1767939	55984.21747	95142.75839	38612.25051	77203.93894	96094.89952	78377.30346	89613.63621	145034.1429	88345.75306	95597.3726	66303.12113	95303.28901	92945.16933	141502.4925	66860.17785	47907.72851	49088.54606	60086.28157	68911.70401	78549.28188	120536.1623	72905.51354	56246.83861	80951.78475	99444.98959	73794.68127	173415.014	86900.04572	88590.9083	81497.20531	111471.0892	57934.94498	68838.02001	88942.33593	72643.05736	50526.5956	79386.62584	64303.48721	112918.8675	48906.91711	174508.0495	118486.9547	68121.37398	69880.25725	59530.75768	82672.50143	68141.39474	63679.02078	66455.99148	121928.0843	83655.84495	86522.76647	49837.94394	57027.38219	101081.0218	69419.96522
lysoPE 18:1; [M-H]-@1.91	14094.74029	79641.11407	102582.2726	57056.79902	33268.57184	69466.38796	38730.11516	49769.6599	95284.74217	63234.84619	86184.14959	45682.01235	81654.14295	66727.08819	49363.33765	61678.96944	24110.7208	32201.03759	87311.25651	30954.07348	88564.49622	47953.2963	64664.96727	76379.55728	36552.39598	30617.75315	40617.47724	64098.21037	73387.60434	22774.07933	62414.44574	130867.6642	96970.92649	89634.55886	139662.0691	107106.3946	44959.0887	58233.27158	87020.52293	49167.34394	67017.97732	58300.40877	63043.48689	49.28710887	60110.06487	91179.23547	25149.90451	56316.5093	91974.53866	88073.08957	78349.84615	84956.35737	40719.75976	49473.20483	72478.50669	103568.0533	96579.33854	82889.39738	110055.1171	38703.42424	76331.74033	36645.0503	63292.48054	53277.31827	99955.4333	57036.83141	74896.2294	71709.35045	139127.0306	185173.597	95917.1754	56625.8566	79368.64513	155324.0165	95665.85917	31579.74424	57715.02121	84068.31283	52192.43399	45273.29245	40941.17795	41667.08154	55540.53569	33669.78724	68772.5691	78685.85202	59709.82018	33778.94739	59050.04441	48335.06429	38904.47298	41305.56804	50749.31338	81200.58123	95404.82057	39008.83622	39050.75473	28578.06409	51230.86959	46420.45851
lysoPE 18:2; [M-H]-@1.43	38586.47273	149556.8444	118869.1406	66945.83662	61258.027	121757.5385	39052.55509	53018.79845	141024.2945	62202.49626	123165.1672	64520.38125	103629.7261	126852.5088	75393.07496	66383.2241	38153.03084	39629.04976	107929.1638	76072.3983	170009.3875	86173.47559	79800.81691	123658.6829	56504.83353	45283.26363	60129.78839	98285.14153	107236.191	31395.49562	120864.9201	137321.4598	168421.2401	104964.8072	152525.678	173917.3127	38957.89152	57171.29669	92252.39656	34426.04232	103302.9758	60810.64651	57903.28752	75.47356003	69424.78158	102465.9692	43232.1635	58043.05014	101126.1262	135728.1916	73166.01661	68006.9928	30630.84115	63052.95203	117900.9154	114273.212	66139.0521	137381.9891	114693.7167	30708.62631	83609.22719	52939.67455	76627.5493	65994.7749	138588.0362	77272.52258	143187.5728	121314.6265	193999.4306	278108.2658	105504.7565	87717.51648	123904.7826	251486.1114	110818.0291	33064.04267	65276.55744	114603.8425	60471.07188	59590.69689	92146.57481	38502.12015	73335.42733	36350.63925	38343.36926	118234.7619	87040.82237	59658.36422	64569.42111	54707.38027	53040.53475	54494.32331	58571.59399	139555.9339	141279.9385	50835.77676	45985.42448	32743.7975	74318.90762	37261.95457
lysoPE 20:3; [M-H]-@1.68	2406.37587	10114.45808	12535.62109	6492.669977	6500.54852	9616.833902	3906.565973	10771.22732	9999.35152	4559.482854	14241.51771	7075.51732	8161.321439	14348.96722	13334.69565	8541.682594	5626.460141	4299.856299	11824.9813	4022.070235	10625.9054	5319.582837	12287.5123	11554.97008	2592.241643	3156.993828	7939.463909	8390.122031	17863.00097	5823.093859	7251.583431	10260.75583	15686.60274	7752.68023	14721.70024	9995.01043	5927.857534	7938.557002	11140.64021	5904.034908	4949.882445	14887.42449	9753.978048	91.1649835	6470.789051	10181.29988	5032.317584	4069.181648	9335.293172	13325.42565	9263.899473	13698.1689	5412.093631	6307.576601	8809.615921	11811.09498	5725.59368	13645.10153	12901.86299	3561.172162	7636.698277	7852.936023	5156.304256	13851.1307	8449.064117	3369.782087	5989.3223	4307.489904	9724.583436	20780.23024	8760.479145	11102.18653	7161.973815	10444.3462	11058.64911	2597.386806	3043.749198	8335.812264	8063.507377	10829.14501	2896.287423	10494.78365	6585.567329	2006.924234	6401.771462	14749.00607	7764.432819	10447.71805	7577.559177	8845.330848	6440.343356	9572.643596	7187.017913	10871.60609	13106.18191	5442.919404	5326.156593	5348.76932	5442.636644	8959.049712
lysoPE 20:4; [M-H]-@1.40	23313.65486	72049.13971	70950.73442	44214.14723	41579.00081	66017.01881	45937.15199	78164.01197	79389.0247	36807.45025	80208.48713	63366.01444	62534.30512	90303.44029	43722.15001	70772.0366	44094.69682	55153.89629	88710.02229	45687.35556	58415.18374	51395.35301	64738.12038	98338.72	39480.29253	35435.82371	52925.54717	114823.9603	107555.1603	41134.40256	59982.30725	71452.51507	83894.30414	42972.79276	86301.75252	83596.49939	47952.35335	45167.41565	92599.77784	61403.38193	50842.40409	62210.40817	42342.2002	51.88625648	51108.7027	59657.26099	40296.9579	32026.98417	93984.83489	84700.38472	115181.3214	88507.17729	58078.59172	39140.40779	44184.04714	79874.06255	53696.64399	55369.23045	75536.37907	32521.85474	25904.93676	55281.59445	57144.48444	54633.1964	72346.64656	49873.68054	70065.88491	68344.77988	64330.18235	123963.4344	94573.54321	75005.83031	45377.35342	81464.16454	58400.08645	37001.1434	40884.50262	61512.00953	46904.30567	33730.88998	51867.6316	82738.80062	80087.38248	15905.4195	56977.62065	68272.61614	72776.12185	67720.34911	68760.17669	44956.96905	52198.85748	51871.30575	47828.03367	55849.27115	77286.05188	37354.67179	32437.68383	49604.2893	58326.59846	47665.51769
lysoPE 20:5; [M-H]-@1.16	4085.754782	8019.821295	2613.444433	1696.998891	290.5014549	2820.957915	2301.177391	3379.332923	2431.020933	1084.418736	5642.483247	1456.117887	5284.533299	4278.100334	1623.737815	3585.039598	2332.649364	4816.200389	4978.870256	2879.333025	2651.287518	1407.58215	6009.527347	6433.619746	2987.081069	1311.695258	4572.133716	4586.093341	6156.821421	7027.523118	2357.18228	4931.353578	1606.33322	1907.012169	3904.292407	1685.205029	1303.943842	1393.825147	1755.129379	1885.880737	2406.494913	5854.67597	4157.095122	93.76938788	1514.623464	2025.055505	2627.421241	1350.384285	2914.157182	2637.390264	6160.554729	3419.976589	4535.901235	242.9050972	1720.267172	1960.577843	3462.462968	1573.721987	4164.307809	2427.333022	549.9832277	1003.938719	1363.173253	2793.508127	9804.990972	1081.420515	3172.681607	3348.791268	3226.071769	6959.319414	3641.657818	1684.965559	2526.389606	480.7961546	1597.484237	523.5304865	3064.49673	4368.68259	3179.134527	2231.776819	9120.749294	6427.715049	6547.976989	1290.05764	3025.570865	5333.393883	1397.045564	2367.100672	3431.99556	2427.031869	2166.887679	2298.694553	1769.777819	2282.25241	3796.540639	2255.252338	665.323055	621.0114126	2221.885177	1127.995538
lysoPE 22:1; [M-H]-@3.60	521.9147968	624.5401906		763.5862132	54.12218924	766.127779	394.5062879	814.9519139	146.6735502	243.7774658	710.306861		5269.843943	571.9112225	298.4063987	279.6392205	597.3177885	768.4407277	738.2014401	296.7175424	299.411468	324.2677065	622.2209059	2297.398318	547.4064294	287.7063126	455.0349491	1627.000416	462.317308	625.8157162	506.0154858	889.5686476	685.2326669	204.362299	492.7024619	433.9780945	471.4119784	304.7275953	511.7831761	300.715205	293.2071027	776.37182	453.2572061	268.8623874	607.859133	561.6089686	855.3854267	293.532216	126.4238641	64.36119682	456.1617826	856.5210052		369.1006159	199.3100517	282.4983714	598.1682061	616.718653	552.1762192	171.6779958	439.5612416	282.5238562	779.9931467	698.2192551	931.2947189	273.7137109	252.7903352	72.955507	600.5889964	40.99850514	762.3534651	295.1002459	500.3691785	417.6817867	529.9016423	774.3915858	2675.797145	381.5152288	1263.081826	846.9340808	1024.655989	1141.740686	351.283054	937.8977066	852.537836	318.3816003		287.6447222	695.377603	291.4753373	689.9193765	828.6572638	530.7533896	296.0104588	402.5194196		679.324347	509.925056	819.289756	714.0769696
lysoPE 22:5; [M-H]-@1.58	6393.386199	15206.72037	10594.8346	5692.87098	8088.521645	6122.247601	9042.095557	19062.58901	12162.41516	5437.728991	12943.0061	9981.978606	10711.05814	7849.507796	10287.7715	14257.46483	6397.598959	8555.884868	18535.6975	6526.963265	12146.46574	8536.263254	11755.90937	19668.82135	4806.589195	1370.667073	11373.60044	12571.35848	18180.73565	6724.018765	10967.76226	14555.08617	21956.5696	4223.079668	17965.80945	15708.64207	10704.90708	11954.7877	15126.9676	11233.06399	6572.219062	14233.82604	5284.616903	32.84263279	8959.083252	10507.21041	7656.554638	8375.889201	17418.51202	5749.329217	15778.24335	14144.48032	7109.15018	2966.720408	7961.029322	21034.77135	10912.10604	17649.11367	4898.797206	6666.760754	2484.861196	9276.506939	10536.59267	16088.94028	13071.49776	6713.838048	10372.31265	17642.48982	5501.981495	15327.80556	15405.56288	10123.58597	8222.98853	12244.02116	13638.93377	7103.018294	6166.659713	8151.647812	9374.091766	3910.114139	4792.573605	11710.91248	11107.20826	5684.424273	13753.40964	18539.01117	17983.28602	4775.363166	7272.058014	11122.57071	7355.210106	7294.694907	6165.847971	13115.29404	15782.25374	4933.588299	5130.571688	9552.792023	7735.161828	9169.565735
lysoPE 22:6; [M-H]-@1.35	32758.10578	103468.3	41024.0003	21672.23068	17138.9331	21164.27058	27759.79258	68772.69528	42533.25523	31125.5347	38152.69427	36497.46516	60365.75408	71779.52014	18867.24108	41710.67908	24731.99186	16973.02549	64393.47673	36150.18894	39894.53722	24227.39464	66840.68245	32588.68298	28791.97195	11236.51647	33746.36868	50343.82381	65900.09633	37721.63677	20745.8585	34566.67529	31926.74841	21387.78794	46248.66953	37997.26028	30176.1321	23734.72396	36074.31109	20042.28839	30087.07536	35432.1729	58080.37719	65.54101978	18823.10443	17765.59604	19943.83251	16301.24872	81189.93527	29918.68804	47679.91127	44990.47367	48181.07544	17776.14703	21641.73445	36823.66136	60496.70795	25863.40224	20910.19282	14311.48881	13145.12047	25307.20361	22249.84127	31513.78562	50854.03948	48747.08999	40555.10245	36738.83752	23371.34315	42494.3052	80725.1446	28934.19552	29523.32523	24186.53542	20089.27382	17147.84328	24947.7498	28220.57931	19355.43193	21602.69212	51149.24946	41533.78743	26399.12308	23567.4838	16389.86728	17233.36061	31494.38536	14949.03417	36512.15579	13961.1357	19373.33229	14082.5598	18018.76696	28987.22061	31471.70176	10996.23363	7976.409347	9307.719451	28129.62728	20876.27349
plasmenyl-PE 32:1; [M-H]-@6.64	1384.181649	3407.975687	5162.437871	2467.698289	2576.87522	1770.426783	1622.200817	2303.553024	4873.916934		4022.585524	3787.497131	6272.680668	2404.979572	7632.42713	3831.253401	747.1671596	2549.267086	5509.244909	5793.664464	4575.968664	4382.785354	7210.791598	313.8260951	6329.208345	2710.565867	12815.19829	5757.556929	9116.659664	8511.012275	5921.527759	4854.115395	1422.561009	3178.203117	5202.91755	6508.357629	7133.064392	2291.165987	4873.150338	7909.784892	1238.374402	5450.509178		460.8550444	3633.217377	5587.142947	3424.517006	4280.052483	1635.189978	6302.905778	3279.514163		8875.741673	5730.501782	5037.808191	5647.417665	3395.77146	4312.471815	1918.937531	696.5829815	2725.494432	3329.589372	2231.478838	5273.681488	4075.971615	1215.376281	4258.884647	3842.561473	4480.506783	2097.546531	3637.58844	2397.609853	4320.356366	2477.577784	1478.182556	2400.39642	1105.210586	1953.716198	2115.471551	7355.598866	3272.022636	5205.106986	19278.80982	2836.971717	7834.812074	5518.542699	2118.229486	2780.865851	2011.411832	3040.829678	2303.539187	4569.996175	552.4051407	5954.400107	4369.07928	2029.384394		2967.085189	5307.72109	3515.486463
plasmenyl-PE 34:0; [M-H]-@7.29	10314.28861	36105.84355	54078.83687	27155.15	25855.79661	33278.81625	45917.94228	40000.09443	79864.17936	27914.1958	58145.00304	78823.57225	54303.40589	49431.64688	48159.33196	40206.87029	39511.63359	36864.688	43570.52238	24217.07801	40380.81536	29785.88145	43494.8203	59419.04533	33617.47003	16419.10092	152088.9263	75750.03858	166571.3247	34674.96124	54872.86179	84442.48732	32824.36192	26854.16624	51307.39828	89506.43166	69096.92693	61800.06565	200696.4111	102728.7618	23166.07575	79169.22274	35181.95864	344.6650532	35754.22786	52682.12431	48830.29197	21710.90565	77293.24692	60923.91251	54318.5737	41961.54347	114385.2198	41694.21577	99559.49588	75471.87787	47940.10608	39759.8946	40553.46943	31471.30114	15823.34132	40415.91153	42638.58671	73423.25731	34413.91632	20889.36813	48999.60809	37310.48034	44810.38379	64277.45665	56968.56881	51559.43004	29136.57212	32060.03841	36284.93545	52614.94261	17668.49087	23841.03278	55161.55553	35232.76529	19941.68796	51736.65978	69213.62004	54608.01324	79299.55095	72380.52896	107496.1728	26461.99137	57268.60838	67605.79903	31670.76291	37798.8037	20248.34695	51166.00726	58935.51576	28947.91497	37113.13621	174446.7321	87219.92009	84970.18984
plasmenyl-PE 34:1; [M-H]-@7.22	24775.26235	40323.14217	53563.70054	35286.28094	41313.28404	33364.17056	37148.48649	29716.29741	74449.74251	33086.08401	59131.11425	59208.00707	60054.43326	92504.66876	48817.83527	59844.25106	31573.30753	29474.7359	57633.16637	41579.24289	60843.8286	33303.29327	44781.54228	58346.01012	43781.9367	17838.35245	130263.7066	82053.07846	97302.44508	49176.30969	47119.70022	83584.28398	61632.82542	42668.38261	43074.55429	53459.33881	57366.3172	60926.43728	152260.4361	70690.38007	23052.81923	63115.82407	44813.52314	73.79631547	47400.3334	66980.07405	58961.54223	17316.70242	73079.79269	61311.15483	47203.6797	25963.64824	134322.7321	35871.72922	104825.2247	57364.71235	37716.22661	52302.86388	35260.47608	33923.75519	46695.83144	36973.95838	42918.68368	70061.76813	38446.05211	30686.49095	67318.62264	58770.43809	51879.38356	50903.83434	68855.11392	53417.54178	27277.72019	44352.75986	43808.66008	39203.37383	31265.45012	48385.51137	41656.92494	50026.24159	54398.81888	84186.69958	83231.35977	55765.9481	69062.02873	75361.45469	80396.06159	39071.20497	42621.35833	74559.47277	38501.37075	38098.22761	25700.1338	53595.35538	64561.24119	28229.86232	23936.43024	113339.8018	85907.07133	76935.85544
plasmenyl-PE 34:2; [M-H]-@6.78	54861.04826	89091.34866	138007.6207	119900.8355	98741.65895	74578.60083	65709.47566	60892.1836	114388.8228	61777.50903	187579.3829	54996.37293	186406.3786	355507.4531	230428.1327	160572.232	39342.58553	54400.82874	150618.9376	100749.1143	169252.5059	90758.56363	98396.94472	112549.6124	96258.79465	25530.25871	96628.07816	65413.08654	145509.1815	65424.75678	69309.00152	186183.1094	183040.8983	133851.7493	111661.4018	132233.8943	112532.5209	72825.71966	106184.0253	49724.34361	101252.8748	75589.13248	60347.74041	36.53819531	160242.6278	168680.7069	124018.5724	70727.151	112769.9882	134848.874	78299.1391	37658.98976	79849.74156	54074.17105	110059.1292	81586.10224	84209.60853	138262.9283	106062.8726	39227.28911	178973.9796	48739.64086	109025.4936	103173.4911	89014.63157	83377.76895	132803.9318	108300.678	153482.2573	110295.4847	198409.6783	107985.5337	139157.0048	204396.5907	112066.3192	34547.15958	113985.413	101498.7068	58195.25415	142282.8313	119895.9082	85333.94464	131254.7981	104269.8551	149868.0014	101673.6567	90037.90931	54529.54662	88834.88925	134905.386	57354.30791	152974.836	39421.48356	195582.9782	155825.6925	43274.95887	35542.61741	54415.15541	130916.0634	147555.0627
plasmenyl-PE 34:3; [M-H]-@6.39	1141.108696	2535.133707	3563.552228	4315.59834	1959.946359	2790.261152	1368.469883	2726.606377	4980.75156	3220.785927	7597.448366	3728.662299	10363.09734	14077.80412	6516.791577	6240.579803	3111.501991	11312.96432	4251.308289	5956.166135	6060.42666	5580.595633	3662.603167	7511.449406	6246.649937	3954.771262	5449.928248	8956.11731	8236.757048	8067.226216	5320.948508	7740.21823	7761.117877	4793.647625	7803.028891	1695.511228	7815.482372	4248.533252	3046.210934	19687.71669	12271.02282	37771.31809	29912.46506	163.9937091	3174.550374	11854.38776	3488.342507	8592.915052	5815.760044	5211.693248	8481.272324	57092.51439	9463.520527	25637.47993	4157.067968	7931.299532	12711.24409	5041.182605	2634.57459	2508.327986	4033.107107	3589.473364	4092.674676	1193.172526	12800.00164	1901.786494	6079.104939	5367.046062	9038.418252	5252.590956	9796.378388	2245.412448	8682.533884	3656.460918	3568.90565	4626.836311	4447.359813	5526.892214	8441.097626	6561.194868	4294.360745	7938.684185	8716.312787	3957.446572	9970.15978	2310.053001	1346.01738	8240.195414	6211.142875	5915.587832	2615.391882	4581.515247	10147.15311	13343.97487	1675.024557	1362.859428	8683.525853	5067.350613	10837.52109	2170.466304
plasmenyl-PE 36:1; [M-H]-@7.77	14097.9214	31643.1373	66022.3572	41453.89959	53543.92596	29017.28129	31474.40222	34198.69503	78531.57779	27936.69973	63274.3964	24512.31883	82839.41719	89713.6522	91016.60594	72028.92498	35294.67096	30242.46396	62447.21943	40754.9379	72044.87152	42806.22812	35490.36839	48358.76129	34244.77663	11209.96657	57732.11533	27077.67523	64931.86881	28276.11223	30071.5697	93420.70699	61890.20562	38358.61488	54771.76557	56725.04575	58412.50119	45746.24592	92346.86247	40251.54713	34119.70155	58245.87757	36441.83258	51.51980692	45910.25989	92051.4557	48986.98407	34131.52155	67929.9848	61393.10458	54784.37196	14455.90284	62887.81198	43936.46396	52647.71713	42164.95713	40693.48597	64417.46129	76387.38549	31407.23975	48932.96656	34626.84023	54241.11356	59976.77751	43518.04454	35194.20987	57712.81636	65068.70806	89650.22042	66677.57831	86647.77419	66983.8019	54640.57295	65921.24769	31845.56145	31694.9984	29015.32045	28087.95017	27976.23762	48795.71899	42212.32072	69447.97431	78304.52049	60140.81293	113779.5541	38487.59889	53578.16669	24734.19947	61246.71728	51665.84329	53284.37247	76193.95565	16586.8827	108607.4476	98044.78541	45694.25472	37504.6934	45413.66755	89976.716	52259.46229
plasmenyl-PE 36:2; [M-H]-@7.39	65742.09707	132238.9112	186984.2468	101659.0291	138043.1819	82578.38257	97790.11812	69968.92945	184966.4636	125985.8697	179944.1431	67207.90723	276013.2824	304893.3704	289911.9201	192693.7196	86771.24643	68224.86727	187093.418	161335.2738	277045.6986	166101.0584	146313.2504	153720.7496	111611.5739	39023.26315	100020.1638	100360.2345	112393.4341	52076.27656	100224.4627	219977.1246	185738.3174	121984.3126	153585.0044	155477.0013	118320.4138	138250.3436	168491.5995	93481.90477	104835.1417	117736.5412	70217.3734	277.0071076	176093.1226	289085.3788	146818.0829	133943.5281	158554.3566	167047.3966	128803.7493	49827.19502	127964.7082	95324.50475	161965.0984	128915.0585	99820.52017	247674.6732	209913.9618	69631.36945	216170.2926	105280.0429	166688.1038	120678.4857	180934.0447	114757.2077	161088.6276	203237.788	254166.7213	183177.4545	359486.0793	204959.5799	215724.6531	313916.8542	137729.888	55304.30337	124405.0782	104914.9596	97315.31123	199722.2403	147876.1681	164160.7853	193731.6567	175279.6217	249739.2256	107513.4472	176977.175	87563.00007	146156.9902	138694.4994	125354.4518	185667.1657	72339.18828	363528.8902	255172.445	102091.2666	93485.18767	69874.07668	231318.29	185628.9423
plasmenyl-PE 36:3; [M-H]-@6.95	76196.75308	129190.6928	217652.8063	184781.1181	180186.6458	155805.9589	111363.5574	88411.04116	187817.5616	98889.49582	271449.95	76494.42082	317213.0367	383495.0712	351418.679	300899.7078	94799.97333	81913.2877	231498.2094	257986.479	258519.1396	127986.7974	112164.9296	137984.4994	149711.736	31817.45925	122411.9725	84083.78253	196684.6002	94882.77294	142331.5975	245282.1055	223348.3679	141347.0021	212145.4302	181256.0999	220527.4155	139463.8585	177748.7777	91073.53469	163105.5542	114886.9303	53282.2165	183.7446963	249817.8052	329375.1173	247261.0166	100710.3598	158722.295	177464.7797	95039.65073	51898.58085	153039.7278	80278.53368	144799.6245	117478.1839	105077.9462	197386.6729	206076.2078	72757.947	237214.2353	114064.24	190087.918	177895.4159	178982.1527	140493.8691	198839.9582	200589.2103	273324.344	199798.2289	338120.921	181136.8939	198269.1074	311286.7212	183192.9422	72508.31161	192303.3758	121454.4273	110882.1641	223749.0637	179716.4289	160047.2877	270439.3517	189787.4762	229952.3359	130998.8443	132205.262	72684.90872	161195.753	185927.7977	144671.4996	302578.1116	52717.58197	346071.2232	252640.0822	90015.22278	72967.08032	62691.72147	239015.3129	199976.4859
plasmenyl-PE 36:4; [M-H]-@6.72	106571.5981	215360.525	396153.2075	386101.915	364887.3947	338413.8737	268053.9562	280176.294	490966.1073	220674.3264	710345.4655	238005.0042	407232.0864	569432.4951	587765.8267	657225.7734	309389.0166	171677.913	562059.0052	378853.3804	473680.223	292368.7588	252814.936	368396.1623	362987.4575	59883.908	492549.3978	282463.9234	526452.417	271786.5546	196285.5863	632368.0973	414905.5921	265433.8486	540573.5273	515529.4272	838302.6025	284837.0966	727432.9946	353857.8892	198570.4979	254679.2857	97542.92038	67.75871375	590381.741	552381.3801	480027.8975	100042.0775	342141.679	397598.4452	291406.1594	77944.12462	579090.2792	150874.3042	367496.9818	228807.5316	213381.8755	286382.1846	316174.1216	132041.412	311313.9257	213155.017	343248.1494	342257.0299	144783.3226	268850.5931	405998.7985	291424.2232	510789.394	221531.6456	549961.8548	323221.5737	362991.5566	434372.4828	167585.0435	96286.57994	358533.9113	292806.7133	133002.1892	559082.2828	180161.0154	572389.5618	640954.9712	227766.4003	661058.1325	295717.0204	268546.3699	160969.3689	462092.7913	441001.1183	194406.2786	505717.6548	64601.45379	424779.999	658511.2397	123034.2389	62278.43	134782.0068	522578.7638	565581.4151
plasmenyl-PE 36:5; [M-H]-@6.37	29701.72432	31207.39523	31238.17074	16604.54582	14383.86662	26984.52311	9555.287355	15355.9691	20611.16988	11361.52303	38892.12749	6858.504204	60341.9924	82923.53994	20334.10847	57226.61245	10935.57096	20956.14082	40204.57711	70554.85674	23900.42249	13183.75443	18247.96718	30625.80144	30605.3873	7796.741455	59342.25973	21141.77862	29419.49728	43786.57096	9124.559422	28164.16836	16403.27673	8629.178356	18457.67105	22275.26458	26075.69969	12439.36865	27492.80255	19392.96018	8456.036158	21694.03998	13369.34486	154.5533824	33002.9577	32383.4699	12693.64638	5435.998883	22155.80314	15533.52472	22830.93728	6723.585405	65898.02399	10701.33207	13033.2231	4970.000117	9092.360818	17184.33196	9725.912778	7340.586473	10048.02959	5519.334854	8398.071225	18923.22471	14219.86553	16323.60899	16651.97431	10823.8306	38421.75725	38481.1533	43468.4735	10625.5735	26271.29114	15801.80424	8202.103777	3668.759729	17771.82248	11036.74818	4034.157034	28629.07493	66265.596	68907.32353	38637.71462	35355.58894	21905.23988	9452.457102	7523.142279	5040.189813	57529.2272	19615.00535	12116.99052	19291.60303	1883.323031	22518.67212	20434.5051	4309.133466	6460.604472	8807.891006	30838.69784	13632.17589
plasmenyl-PE 38:1; [M-H]-@8.27	27874.75155	10294.70552	14790.17462	8174.090441	11829.43401	6092.245089	28597.59463	19291.79143	16687.44763	8513.383107	15886.64375	5747.016071	28048.37909	17767.29085	156755.7254	13732.29135	8346.148987	68929.97027	12942.08229	17702.62952	7815.409509	145574.033	5932.073361	659722.7958	7584.384568	116572.7707	18397.16963	461457.6641	15916.35503	601467.2923	468752.4386	23332.33857	11974.66919	12522.83922	74019.86809	14776.59499	47473.92729	108990.4135	28452.56275	491870.9653	470611.3123	300099.3979	600755.1833	263.5566229	18229.941	11710.93659	9627.684071	618917.9869	207271.8659	358185.4269	91395.85302	1151696.05	11212.09	720521.9687	63888.30414	256426.7906	572696.7145	598238.5386	48667.29509	15172.0624	70879.91041	23018.67965	9865.56653	15913.58465	496502.2662	17399.85886	15145.01625	12222.38619	30135.71116	18549.16874	23933.04654	30679.93891	429342.5173	24780.48206	20340.55597	434186.2466	7869.88947	13531.93668	605814.471	16327.33049	25900.30709	260652.5148	9958.974222	12516.27315	21837.36608	11556.85219	24661.66859	368567.084	17976.70704	11949.12742	15037.98342	13184.38564	316009.3306	47396.88787	14064.51634	16594.85705	580881.489	324226.171	20510.2323	14940.47141
plasmenyl-PE 38:2; [M-H]-@7.93	31189.38369	27838.1498	36604.79449	16924.11531	32303.46105	16189.37345	10968.25763	26275.61823	34467.32449	14917.27664	21504.3398	12602.97469	64241.16329	69561.36885	45252.44499	57580.71303	20018.7893	118427.6171	26799.46393	37445.09221	24946.00693	57409.75904	24321.78103	151697.3247	28528.97409	31680.01126	22627.60729	184841.2701	31897.40262	158597.8003	56337.53148	45743.12358	35857.08041	17212.77962	100259.8753	34070.83121	32668.02019	29047.2077	48914.25584	115775.795	50414.14467	68537.90926	73162.43521	41.76947516	24640.27285	50280.84148	25777.04119	73144.69315	41807.28234	72779.81568	135026.7237	107368.6915	20413.84961	204481.1811	34635.99458	52041.40164	57030.34502	215944.7001	50380.3887	12849.44312	63567.64015	29208.61433	30715.49075	26040.37833	128055.3447	27229.53769	26455.30959	36699.77901	36030.02677	34011.8896	67698.09338	56291.874	47289.45656	44147.88505	25049.26331	157074.8096	35486.8188	28675.88187	100493.795	23499.81588	33493.61521	45752.62266	20192.17378	32760.43615	55306.21857	33821.97258	40756.87025	191405.521	19509.18549	17500.1875	24632.8096	37523.61384	63410.38337	78767.57579	43647.86581	19563.5629	375465.1555	52609.12474	42380.58651	39059.27889
plasmenyl-PE 38:3; [M-H]-@7.56	40802.84411	62958.84087	91982.67866	68071.08073	71375.1251	52172.25695	57804.08785	67080.95729	88319.22298	34036.31254	110331.5894	62423.42229	130002.9713	136971.6645	162443.1654	205791.1498	64939.96655	78552.28237	100537.8985	110041.9396	103764.4067	105227.4327	54244.18668	148902.6586	73501.32358	21986.40807	64085.85904	93925.00252	76169.97316	97377.55504	72851.14892	102061.547	115867.6491	67476.58092	130253.639	99037.64462	125670.6161	105195.7693	107098.5582	88534.32669	54254.84283	73207.25428	59025.04962	146.6989292	91109.01555	182091.9313	90914.43083	67566.76632	87867.79491	112793.3036	84806.64161	100587.8541	84087.23891	92737.05242	99024.48105	74737.4165	71693.39377	141553.7834	108023.8131	50239.16585	118030.1461	66600.54569	84670.5399	77933.56619	111349.01	62708.61526	107925.1469	84023.79291	151461.6239	98443.38567	164320.3365	105685.8425	99922.46742	130643.4	93004.54666	96754.22111	77179.22634	57839.15612	94958.73847	112509.3641	51186.63516	132833.3818	150168.7584	70134.94722	204946.2497	92323.04717	83892.39219	69871.72301	115935.7671	84122.32305	76192.93606	164864.6673	23062.01217	179739.5478	153355.243	62816.1239	105133.9739	87397.26214	152063.8308	100853.305
plasmenyl-PE 38:4; [M-H]-@7.30	107887.9802	204823.1722	327678.266	264161.7564	343121.288	261134.4752	301012.7048	273443.7853	455523.2607	160294.8227	480883.5965	225713.6573	458861.7194	351795.303	577815.0536	529529.5837	371648.251	211351.0172	517869.5391	415090.012	503305.586	293049.5384	269624.8045	403384.1645	342226.1962	65497.83697	249557.4251	205029.8061	459133.2224	136390.0818	181932.6657	475220.2775	368679.4374	285740.8098	480748.0112	467062.2292	578180.8906	462802.5373	797468.0638	290113.0618	169810.0482	284590.945	101838.5343	212.8132169	496318.1469	653482.1255	394506.8502	137769.3245	423395.1537	534377.7318	334039.4998	84754.72383	546821.4797	174361.0438	326123.2808	331492.9226	179160.6938	294208.3423	436536.6753	171816.1432	287113.6508	319507.0963	356456.1531	345359.643	246975.9201	238189.0491	479783.4205	410832.9775	631040.5638	349146.9724	660699.6673	420619.7442	508370.4191	336444.8418	229762.9774	93481.36812	318128.8152	222796.8159	204139.9894	480891.8773	197193.5287	593972.0612	674795.6557	398998.8407	807741.9037	292095.9369	371459.9985	201839.6111	638215.1537	498246.8397	272194.6652	596739.5791	110215.8223	541936.8572	882420.0598	225365.4297	134088.388	189366.7968	771655.3805	638921.1107
plasmenyl-PE 38:5; [M-H]-@6.78	211286.3713	295402.1885	475327.8363	486256.7301	482030.8406	373342.4544	391095.4049	376281.955	477752.692	265784.0374	655377.883	227203.2344	713263.9366	535519.9094	684243.3334	754481.2572	413890.555	197140.4886	691287.7259	671811.9758	631355.8816	279338.8736	336508.2518	346079.2983	458215.9815	88978.08755	430868.2557	235428.976	528965.9926	293754.3901	227968.6412	603757.4085	446276.2663	275236.7339	597125.6051	462408.2976	800338.29	404814.5877	672780.136	244860.3404	294495.1798	259419.8293	122563.8414	58.31306757	787447.1524	850460.7923	544901.4118	174592.7941	446132.1191	468473.7302	277810.6579	86991.60307	698309.832	155580.7015	381136.6208	438441.2872	279326.7091	327510.4867	478288.26	228993.9238	356745.6062	339513.7422	535330.3682	512955.3898	265432.2239	419590.1854	669287.5551	535748.783	923806.6618	526749.2499	833375.6516	416797.0779	408643.7324	583732.9418	386807.9725	110146.8057	586086.032	331973.7245	216577.428	673961.8248	612122.9737	677230.8989	922502.4475	522165.38	828620.0178	321660.2629	384346.6373	135804.1863	672789.6133	508449.5175	323075.1498	810060.4466	97842.44706	847864.7272	760458.8906	219926.2441	101867.4228	175298.9114	628304.222	653397.6793
plasmenyl-PE 38:6; [M-H]-@6.64	91731.84199	254999.1784	150033.4926	169899.4956	122148.7813	97179.65542	103926.2477	121726.1493	175999.8375	104599.8601	189309.2779	84393.34461	435840.5673	424163.3925	196467.8235	307124.649	105931.4484	72791.94965	268319.1357	316077.7844	243834.9237	138704.4162	178137.5681	151857.5334	185478.1745	26469.28401	194950.3426	83774.69179	199741.4024	122396.8907	79579.00286	187709.9494	125993.0053	70709.24789	164051.6568	164997.3616	340386.8908	157247.1142	203352.9253	50092.75667	66136.40662	63724.68882	46393.80039	124.7414052	184940.572	219588.3882	159315.7802	47327.77917	226800.8283	149922.0214	84462.46856	24414.48345	402730.9588	32312.00286	125974.2169	83453.37583	127575.4629	96712.83872	65899.40037	64131.52015	115227.277	89052.62347	128847.6597	139897.5991	80049.88021	140040.4988	189106.2578	112241.1751	285981.7097	179687.4411	512706.4975	96050.28159	129340.684	184705.3616	65870.96981	37648.03896	221650.8619	127504.6025	36250.98095	203241.2149	322204.424	253114.2483	283835.5786	183635.4079	230704.2461	82470.23199	110354.0466	47936.88578	217396.2641	103265.833	89092.11816	134157.8866	35609.01811	331076.4254	196491.5426	41659.05709	22910.67392	23010.54862	234777.6508	218984.1294
plasmenyl-PE 40:4; [M-H]-@7.83	49303.68976	59615.7586	59766.73314	46773.83016	76313.73401	58841.49167	73105.4466	75920.98738	112805.3158	35554.80715	97735.60157	51798.47569	101176.3926	111461.6746	139828.3621	142135.502	72717.4524	184868.9014	96676.3206	102419.2027	98021.60786	102299.7362	33791.07421	307997.0991	56393.83218	87898.88287	57640.07807	383694.0867	119862.9717	221745.6381	158543.4261	113840.6459	86786.04018	61684.92223	146595.2516	115660.2938	123444.8852	143286.4153	138694.3422	401454.9844	136847.0508	128535.0918	278337.7719	860.5703218	93019.85673	157961.5729	86062.44599	161622.7415	93465.96882	238853.3167	197509.7135	361074.9977	157411.5808	239918.3261	138371.2042	178196.0534	320637.7868	187264.0145	79413.76962	50933.81644	128234.3487	74200.68273	91008.73336	92271.78132	316619.3416	70257.67908	84095.07973	86816.42591	179034.4513	104506.6885	138571.7379	131201.8185	185902.0936	101310.7667	118080.2221	211749.4149	96067.79188	47490.78862	265258.7488	79949.44848	80453.79332	307153.6204	70674.63132	54720.56108	176007.6794	90802.99339	134998.7583	182502.43	47758.66685	82237.06384	97311.85719	84824.0567	107035.3995	169443.109	117974.4335	74678.69857	210424.4605	284668.7041	106803.903	89169.081
plasmenyl-PE 40:5; [M-H]-@7.42	38582.98397	50953.18286	57768.61332	65532.17322	71074.70289	56979.17825	56619.61353	78500.97674	81123.33373	32918.82585	68862.38752	40326.48757	134106.5123	87393.02415	114908.021	349331.0763	50243.54348	47624.69289	97194.12897	99907.52495	108321.9344	55290.35523	52426.7377	163533.5186	71554.81656	25624.87914	67019.79863	80130.55518	77111.64723	55823.40549	49121.18689	136283.7328	81018.49841	56225.6218	105577.9187	97912.78812	106708.233	84163.17605	126264.098	44596.73069	43364.38098	55944.32526	55247.81725	208.2997096	71799.71203	169768.1839	63508.50661	57072.22042	70396.96986	101268.5753	96390.41971	32825.89435	106303.3367	55380.30551	80988.89171	90845.27857	66480.71313	82168.03698	60746.92012	54777.79447	63917.37957	53013.20299	73359.71824	82124.17153	64648.33682	87300.54026	93100.48795	97537.68686	196922.3432	115919.5423	234594.7659	95266.33395	105104.5739	112682.8787	87466.82858	36825.92527	92270.52753	61688.30977	71716.52378	78283.94953	101399.8261	128683.0638	101509.8488	97339.82059	180653.1868	70806.04171	77011.95192	23349.99599	194458.8109	60613.77268	104525.1096	108834.3879	30972.31237	245950.4614	150705.317	52916.11719	35639.18851	41137.27471	128162.2094	96389.31655
plasmenyl-PE 40:6; [M-H]-@7.23	44224.39578	81828.21482	107332.9315	57176.79401	85432.70203	40670.80681	53072.36375	57604.66344	60356.30916	45784.9676	81201.40718	70760.77485	133191.8921	143146.6411	87371.48412	299186.7164	43687.84438	39830.83071	117731.5766	109914.2422	114615.9825	55651.09569	82626.07958	80443.48724	81389.2074	21148.98597	69705.95675	62174.01338	101241.8081	35943.97984	32628.72967	126841.6078	54845.84261	44075.65658	56890.30881	95529.70284	114538.096	99341.19649	74636.00218	45115.12842	45870.20494	47802.328	17817.89204	109.5313479	113363.3252	85315.6507	67697.65532	26871.16355	83301.07478	80524.00104	61155.5228	49695.86498	156909.2674	21961.39759	73277.11816	50312.34048	99708.68033	59192.62204	89965.17754	47412.48727	68393.48875	51796.54048	55918.48526	57825.63649	42147.23999	84247.46248	82129.67446	73412.09469	101683.1829	78560.51945	223429.9747	98095.40715	64160.08675	91958.99547	73133.43311	23234.82159	120844.1407	54971.70699	36646.42727	103504.7505	140457.3104	146155.4356	83255.05726	155655.1925	83067.8345	82253.60222	58544.22326	26096.40021	114142.3527	68673.68196	106036.9112	72660.45926	34551.02224	196627.0952	205210.0922	30875.08296	34836.11194	13996.82161	111029.1088	111947.5929
plasmenyl-PE 42:5; [M-H]-@7.92	10078.09949	10795.88704	12467.63841	12352.38886	13151.78432	8410.778819	17650.03789	34528.80261	14889.16452	9416.28908	15935.21899	11134.47586	24393.36726	24880.6466	19593.72844	21287.77271	13581.34102	16373.63724	16918.96139	22168.24801	15928.45107	13186.93602	16200.37569	33429.68897	12533.51002	16783.91017	24139.337	30063.81119	22328.07997	19318.11139	21186.72875	29938.43503	23512.54708	13280.7239	25242.1149	20233.78908	13413.45091	18498.87028	29724.79572	15682.19532	41737.54384	9006.648784	70287.43837	99.02554093	20386.46859	23275.00826	17425.76162	30451.00842	30440.2228	21803.07931	35841.98666	20458.73417	16513.09982	16615.12169	21989.54839	31500.12723	55908.9988	21694.36716	17478.88975	14316.69004	28399.50976	20603.17812	17605.21624	35519.57453	37538.53026	19879.2918	32045.72892	23928.25096	22526.4667	15642.11035	35908.77316	32203.55898	33030.09025	18490.4502	11895.30531	19890.14024	31241.20117	15166.50131	28446.3606	19230.72802	25375.54171	29629.17119	16258.04023	13713.11413	28361.81698	18021.85412	22740.61419	16799.569	14663.21703	15930.18976	20150.73082	16740.81138	8031.630059	41734.37452	25750.34345	20325.62742	8971.624342	16315.89951	21819.68458	25556.65592
plasmenyl-PE 42:6; [M-H]-@7.81	14947.38727	19834.96521	13049.22022	12195.5789	12316.23376	10607.13915	18834.93156	8586.356623	11054.86357	17252.06107	11228.0893	13797.29934	30144.89158	26601.4515	22145.5027	31640.96049	10084.2855	14075.66912	22196.9714	20737.34596	15536.01454	13942.3659	30216.73156	41471.32023	26916.08951	8909.369348	18535.88534	26750.59984	23182.53332	25336.38592	20373.24157	14726.78805	15933.49102	11434.11905	13687.8277	18887.82407	26743.47244	11337.58141	15722.47967	16783.94768	12378.37048	28642.30812	14510.64018	274.0273887	9817.331442	29437.70447	10847.95572	25150.60361	25936.20285	19254.01876	16278.37822	16286.44104	24075.47253	11248.80948	25089.63653	22530.83048	25681.1079	19885.83217	15101.20894	7665.400684	23022.49297	12124.54443	14338.37015	15581.81389	14732.52977	25731.63218	15896.83186	18979.72532	20018.90999	24301.37647	25122.31561	21639.37966	24511.33573	21875.92083	7556.695218	13559.14571	23013.73988	38480.01946	20425.12193	18268.8608	44200.48294	39068.96128	25401.06412	32793.43493	20968.35448	7562.298145	26086.99826	12825.7112	16391.80892	15371.15338	14507.6008	14404.35623	11672.99878	40829.11707	22200.20519	18274.62443	16441.67115	11496.2619	25162.16381	14744.5441

